{
  "type": "FeatureCollection",
  "features": [
    {
      "type": "Feature",
      "properties": {
        "name": "Local analizado",
        "category": "Local",
        "category_original": "Local",
        "status": "análisis",
        "confidence": "Alta",
        "source": "actividades.geojson",
        "source_id": "local-analizado",
        "walking_distance_method": "georeferenciado por coordenada facilitada por usuario",
        "walking_time_method": "0 min: local analizado",
        "raw_tags": {
          "name": "Local analizado",
          "category": "local",
          "status": "análisis",
          "confidence": "Alta",
          "category_original": "Local",
          "category_standard": "Local",
          "category_original_raw": "local"
        },
        "commercial_name": "Local analizado",
        "enrichment_status": "base",
        "enrichment_updated_at": "2026-06-26"
      },
      "geometry": {
        "type": "Point",
        "coordinates": [
          -2.947535998,
          43.25402799
        ]
      }
    },
    {
      "type": "Feature",
      "properties": {
        "name": "Trasteros Altube 14",
        "category": "Almacenaje y trasteros",
        "category_original": "Trasteros",
        "status": "activo",
        "confidence": "Media",
        "verification": "media_alta_para_oferta_multi_trastero",
        "source": "Idealista / Fotocasa",
        "source_id": "trasteros-trasteros-altube-14--2.9463577-43.2511908",
        "subcategory": "Oferta multi-trastero urbano",
        "activity_type": "almacen_trasteros_urbanos",
        "distance_m": 330.8,
        "walking_distance_m": 425.0,
        "walking_time_min": 5.0,
        "walking_distance_method": "osm_pedestrian_network_dijkstra; snap_local=17.0m; snap_target=12.7m",
        "walking_time_method": "walking_distance_m / 80 m/min, redondeado a minutos",
        "address": "Travesía Altube / Altube Zeharkalea, 14, Rekalde Centro, 48002 Bilbao",
        "notes": "Oferta inmobiliaria de aproximadamente 50 trasteros, con tamaños publicados entre 1,5 y 30 m². No consta como operador de self-storage independiente; se incluye por ser conjunto multi-trastero urbano.",
        "coordinate_precision": "estimada_por_direccion_fuente_cercana",
        "raw_tags": {
          "nombre": "Trasteros Altube 14",
          "categoria_actividad": "almacen_trasteros_urbanos",
          "categoria_detalle": "Oferta multi-trastero urbano",
          "nombre_descriptivo_actividad": "Trasteros Altube 14 — conjunto de trasteros urbanos nuevos en alquiler",
          "direccion": "Travesía Altube / Altube Zeharkalea, 14, Rekalde Centro, 48002 Bilbao",
          "telefono": "",
          "email": "",
          "web": "",
          "precision_coord": "estimada_por_direccion_fuente_cercana",
          "verificacion": "media_alta_para_oferta_multi_trastero",
          "fuente_principal": "Idealista / Fotocasa",
          "source_url": "",
          "notas": "Oferta inmobiliaria de aproximadamente 50 trasteros, con tamaños publicados entre 1,5 y 30 m². No consta como operador de self-storage independiente; se incluye por ser conjunto multi-trastero urbano.",
          "lat": 43.2511908,
          "lon": -2.9463577,
          "distancia_geodesica_m": 330.8,
          "distancia_a_pie_m": 425,
          "tiempo_a_pie_min": 5.3,
          "tiempo_a_pie_min_redondeado": 6,
          "metodo_distancia_a_pie": "Estimación: distancia geodésica al centroide del local × 1,28 como factor urbano preliminar; no es ruta peatonal calculada sobre red viaria.",
          "metodo_tiempo_a_pie": "Distancia a pie estimada / 80 m/min, equivalente a 4,8 km/h.",
          "centroide_local_lat": 43.2540395,
          "centroide_local_lon": -2.9475368,
          "radio_filtro_m": 1000,
          "category_original": "Trasteros",
          "category_standard": "Almacenaje y trasteros",
          "category_original_raw": "trasteros"
        },
        "commercial_name": "Trasteros Altube 14",
        "enrichment_status": "base",
        "enrichment_updated_at": "2026-06-26"
      },
      "geometry": {
        "type": "Point",
        "coordinates": [
          -2.9463577,
          43.2511908
        ]
      }
    },
    {
      "type": "Feature",
      "properties": {
        "name": "I Box You Bilbao",
        "category": "Almacenaje y trasteros",
        "category_original": "Trasteros",
        "status": "activo",
        "confidence": "Media",
        "verification": "alta_actividad_media_coordenada",
        "source": "Web oficial I Box You / Idealista",
        "source_id": "trasteros-i-box-you-bilbao--2.94455-43.2558",
        "subcategory": "Guardamuebles urbano",
        "activity_type": "almacen_trasteros_urbanos",
        "distance_m": 311.2,
        "walking_distance_m": 599.0,
        "walking_time_min": 7.0,
        "walking_distance_method": "osm_pedestrian_network_dijkstra; snap_local=17.0m; snap_target=15.8m",
        "walking_time_method": "walking_distance_m / 80 m/min, redondeado a minutos",
        "address": "Avenida del Ferrocarril, 11; anuncio también en Avenida del Ferrocarril, 9, 48012 Bilbao",
        "phone": "688773827 / 944044000",
        "email": "bilbao@iboxyou.es",
        "website": "https://iboxyou.es/centros/bilbao/",
        "source_url": "https://iboxyou.es/centros/bilbao/",
        "notes": "Centro de self-storage situado junto a La Casilla e Intermodal. Coordenada estimada por dirección y por referencias cercanas de la misma avenida.",
        "coordinate_precision": "estimada_por_direccion",
        "raw_tags": {
          "nombre": "I Box You Bilbao",
          "categoria_actividad": "almacen_trasteros_urbanos",
          "categoria_detalle": "Self-storage / guardamuebles urbano",
          "nombre_descriptivo_actividad": "I Box You Bilbao — alquiler de trasteros y guardamuebles urbanos",
          "direccion": "Avenida del Ferrocarril, 11; anuncio también en Avenida del Ferrocarril, 9, 48012 Bilbao",
          "telefono": "688773827 / 944044000",
          "email": "bilbao@iboxyou.es",
          "web": "https://iboxyou.es/centros/bilbao/",
          "precision_coord": "estimada_por_direccion",
          "verificacion": "alta_actividad_media_coordenada",
          "fuente_principal": "Web oficial I Box You / Idealista",
          "source_url": "https://iboxyou.es/centros/bilbao/",
          "notas": "Centro de self-storage situado junto a La Casilla e Intermodal. Coordenada estimada por dirección y por referencias cercanas de la misma avenida.",
          "lat": 43.2558,
          "lon": -2.94455,
          "distancia_geodesica_m": 311.2,
          "distancia_a_pie_m": 400,
          "tiempo_a_pie_min": 5,
          "tiempo_a_pie_min_redondeado": 5,
          "metodo_distancia_a_pie": "Estimación: distancia geodésica al centroide del local × 1,28 como factor urbano preliminar; no es ruta peatonal calculada sobre red viaria.",
          "metodo_tiempo_a_pie": "Distancia a pie estimada / 80 m/min, equivalente a 4,8 km/h.",
          "centroide_local_lat": 43.2540395,
          "centroide_local_lon": -2.9475368,
          "radio_filtro_m": 1000,
          "category_original": "Trasteros",
          "category_standard": "Almacenaje y trasteros",
          "category_original_raw": "trasteros"
        },
        "commercial_name": "I Box You Bilbao",
        "enrichment_status": "base;web",
        "enrichment_updated_at": "2026-06-26"
      },
      "geometry": {
        "type": "Point",
        "coordinates": [
          -2.94455,
          43.2558
        ]
      }
    },
    {
      "type": "Feature",
      "properties": {
        "name": "Trasteros Rekalde",
        "category": "Almacenaje y trasteros",
        "category_original": "Trasteros",
        "status": "activo",
        "confidence": "Media",
        "verification": "alta_actividad_media_coordenada",
        "source": "Web oficial Trasteros Rekalde / Páginas Amarillas / Aquiloguardo",
        "source_id": "trasteros-trasteros-rekalde--2.944692-43.247925",
        "subcategory": "Trasteros y mini-almacenes",
        "activity_type": "almacen_trasteros_urbanos",
        "distance_m": 717.9,
        "walking_distance_m": 886.0,
        "walking_time_min": 11.0,
        "walking_distance_method": "osm_pedestrian_network_dijkstra; snap_local=17.0m; snap_target=5.3m",
        "walking_time_method": "walking_distance_m / 80 m/min, redondeado a minutos",
        "address": "Calle Camilo Villabaso, 25, 48002 Bilbao",
        "phone": "619272127",
        "email": "trasterosrekalde@gmail.com",
        "website": "https://trasterosrekalde.com/",
        "source_url": "https://trasterosrekalde.com/",
        "notes": "Centro de trasteros urbanos con acceso anunciado 24/7. Coordenada tomada de referencia geográfica secundaria para la misma dirección; conviene validación catastral o callejero antes de uso comercial definitivo.",
        "coordinate_precision": "coordenada_secundaria_por_direccion",
        "raw_tags": {
          "nombre": "Trasteros Rekalde",
          "categoria_actividad": "almacen_trasteros_urbanos",
          "categoria_detalle": "Self-storage / trasteros y mini-almacenes",
          "nombre_descriptivo_actividad": "Trasteros Rekalde — self-storage, trasteros, taquillas y altillos",
          "direccion": "Calle Camilo Villabaso, 25, 48002 Bilbao",
          "telefono": "619272127",
          "email": "trasterosrekalde@gmail.com",
          "web": "https://trasterosrekalde.com/",
          "precision_coord": "coordenada_secundaria_por_direccion",
          "verificacion": "alta_actividad_media_coordenada",
          "fuente_principal": "Web oficial Trasteros Rekalde / Páginas Amarillas / Aquiloguardo",
          "source_url": "https://trasterosrekalde.com/",
          "notas": "Centro de trasteros urbanos con acceso anunciado 24/7. Coordenada tomada de referencia geográfica secundaria para la misma dirección; conviene validación catastral o callejero antes de uso comercial definitivo.",
          "lat": 43.247925,
          "lon": -2.944692,
          "distancia_geodesica_m": 717.9,
          "distancia_a_pie_m": 920,
          "tiempo_a_pie_min": 11.5,
          "tiempo_a_pie_min_redondeado": 12,
          "metodo_distancia_a_pie": "Estimación: distancia geodésica al centroide del local × 1,28 como factor urbano preliminar; no es ruta peatonal calculada sobre red viaria.",
          "metodo_tiempo_a_pie": "Distancia a pie estimada / 80 m/min, equivalente a 4,8 km/h.",
          "centroide_local_lat": 43.2540395,
          "centroide_local_lon": -2.9475368,
          "radio_filtro_m": 1000,
          "category_original": "Trasteros",
          "category_standard": "Almacenaje y trasteros",
          "category_original_raw": "trasteros"
        },
        "commercial_name": "Trasteros Rekalde",
        "enrichment_status": "base;web",
        "enrichment_updated_at": "2026-06-26"
      },
      "geometry": {
        "type": "Point",
        "coordinates": [
          -2.944692,
          43.247925
        ]
      }
    },
    {
      "type": "Feature",
      "properties": {
        "name": "Trasteros Poza - Iglesia Corpus",
        "category": "Almacenaje y trasteros",
        "category_original": "Trasteros",
        "status": "activo",
        "confidence": "Media",
        "verification": "alta_actividad_media_coordenada",
        "source": "TrasterOne / Aquiloguardo",
        "source_id": "trasteros-trasteros-poza-iglesia-corpus--2.94425-43.26125",
        "subcategory": "Taquillas / trasteros urbanos",
        "activity_type": "almacen_trasteros_urbanos",
        "distance_m": 844.8,
        "walking_distance_m": 1046.0,
        "walking_time_min": 13.0,
        "walking_distance_method": "osm_pedestrian_network_dijkstra; snap_local=17.0m; snap_target=52.8m",
        "walking_time_method": "walking_distance_m / 80 m/min, redondeado a minutos",
        "address": "Calle Poza Lizentziatuaren, 50, 48013 Bilbao",
        "phone": "699417995",
        "website": "https://www.trasterone.com/trasteros/trasteros-poza-iglesia-corpus/",
        "source_url": "https://www.trasterone.com/trasteros/trasteros-poza-iglesia-corpus/",
        "notes": "Centro de taquillas/trasteros publicado en agregador especializado. Coordenada estimada por dirección.",
        "coordinate_precision": "estimada_por_direccion",
        "raw_tags": {
          "nombre": "Trasteros Poza - Iglesia Corpus",
          "categoria_actividad": "almacen_trasteros_urbanos",
          "categoria_detalle": "Taquillas / trasteros urbanos",
          "nombre_descriptivo_actividad": "Trasteros Poza - Iglesia Corpus — taquillas y trasteros urbanos",
          "direccion": "Calle Poza Lizentziatuaren, 50, 48013 Bilbao",
          "telefono": "699417995",
          "email": "",
          "web": "https://www.trasterone.com/trasteros/trasteros-poza-iglesia-corpus/",
          "precision_coord": "estimada_por_direccion",
          "verificacion": "alta_actividad_media_coordenada",
          "fuente_principal": "TrasterOne / Aquiloguardo",
          "source_url": "https://www.trasterone.com/trasteros/trasteros-poza-iglesia-corpus/",
          "notas": "Centro de taquillas/trasteros publicado en agregador especializado. Coordenada estimada por dirección.",
          "lat": 43.26125,
          "lon": -2.94425,
          "distancia_geodesica_m": 844.8,
          "distancia_a_pie_m": 1080,
          "tiempo_a_pie_min": 13.5,
          "tiempo_a_pie_min_redondeado": 14,
          "metodo_distancia_a_pie": "Estimación: distancia geodésica al centroide del local × 1,28 como factor urbano preliminar; no es ruta peatonal calculada sobre red viaria.",
          "metodo_tiempo_a_pie": "Distancia a pie estimada / 80 m/min, equivalente a 4,8 km/h.",
          "centroide_local_lat": 43.2540395,
          "centroide_local_lon": -2.9475368,
          "radio_filtro_m": 1000,
          "category_original": "Trasteros",
          "category_standard": "Almacenaje y trasteros",
          "category_original_raw": "trasteros"
        },
        "commercial_name": "Trasteros Poza - Iglesia Corpus",
        "enrichment_status": "base;web_error:HTTPError",
        "enrichment_updated_at": "2026-06-26"
      },
      "geometry": {
        "type": "Point",
        "coordinates": [
          -2.94425,
          43.26125
        ]
      }
    },
    {
      "type": "Feature",
      "properties": {
        "name": "Cyden Consultores Nuevo Milenio S.L.",
        "category": "Almacenaje y trasteros",
        "category_original": "Almacenaje y logística",
        "status": "activo",
        "confidence": "Media",
        "verification": "media_baja_para_uso_comercial_de_trasteros",
        "source": "Kompass / Páginas Amarillas",
        "source_id": "almacenaje-logística-cyden-consultores-nuevo-milenio-s-l--2.94505-43.26165",
        "subcategory": "Depósito y almacenamiento / CNAE 5210",
        "activity_type": "almacenaje_logistica",
        "distance_m": 869.9,
        "walking_distance_m": 1064.0,
        "walking_time_min": 13.0,
        "walking_distance_method": "osm_pedestrian_network_dijkstra; snap_local=17.0m; snap_target=37.0m",
        "walking_time_method": "walking_distance_m / 80 m/min, redondeado a minutos",
        "address": "Calle Rodríguez Arias, 63, 4º Izquierda, 48013 Bilbao",
        "phone": "659879700",
        "notes": "Actividad empresarial clasificada como depósito y almacenamiento; puede corresponder a oficina/servicio y no necesariamente a instalación de trasteros accesible al público. Coordenada estimada por dirección.",
        "coordinate_precision": "estimada_por_direccion",
        "raw_tags": {
          "nombre": "Cyden Consultores Nuevo Milenio S.L.",
          "categoria_actividad": "almacenaje_logistica",
          "categoria_detalle": "Depósito y almacenamiento / CNAE 5210",
          "nombre_descriptivo_actividad": "Cyden Consultores Nuevo Milenio S.L. — actividad clasificada como depósito y almacenamiento",
          "direccion": "Calle Rodríguez Arias, 63, 4º Izquierda, 48013 Bilbao",
          "telefono": "659879700",
          "email": "",
          "web": "",
          "precision_coord": "estimada_por_direccion",
          "verificacion": "media_baja_para_uso_comercial_de_trasteros",
          "fuente_principal": "Kompass / Páginas Amarillas",
          "source_url": "",
          "notas": "Actividad empresarial clasificada como depósito y almacenamiento; puede corresponder a oficina/servicio y no necesariamente a instalación de trasteros accesible al público. Coordenada estimada por dirección.",
          "lat": 43.26165,
          "lon": -2.94505,
          "distancia_geodesica_m": 869.9,
          "distancia_a_pie_m": 1115,
          "tiempo_a_pie_min": 13.9,
          "tiempo_a_pie_min_redondeado": 14,
          "metodo_distancia_a_pie": "Estimación: distancia geodésica al centroide del local × 1,28 como factor urbano preliminar; no es ruta peatonal calculada sobre red viaria.",
          "metodo_tiempo_a_pie": "Distancia a pie estimada / 80 m/min, equivalente a 4,8 km/h.",
          "centroide_local_lat": 43.2540395,
          "centroide_local_lon": -2.9475368,
          "radio_filtro_m": 1000,
          "category_original": "Almacenaje y logística",
          "category_standard": "Almacenaje y trasteros",
          "category_original_raw": "almacenaje/logística"
        },
        "commercial_name": "Cyden Consultores Nuevo Milenio S.L.",
        "enrichment_status": "base",
        "enrichment_updated_at": "2026-06-26"
      },
      "geometry": {
        "type": "Point",
        "coordinates": [
          -2.94505,
          43.26165
        ]
      }
    },
    {
      "type": "Feature",
      "properties": {
        "name": "Aramandrea",
        "category": "Almacenaje y trasteros",
        "category_original": "Almacenaje y logística",
        "status": "activo",
        "confidence": "Media",
        "verification": "media_para_almacenaje_baja_para_trastero_urbano",
        "source": "Páginas Amarillas",
        "source_id": "almacenaje-logística-aramandrea--2.94506-43.26247",
        "subcategory": "Almacenaje, logística y distribución",
        "activity_type": "almacenaje_logistica",
        "distance_m": 958.6,
        "walking_distance_m": 1089.0,
        "walking_time_min": 14.0,
        "walking_distance_method": "osm_pedestrian_network_dijkstra; snap_local=17.0m; snap_target=39.3m",
        "walking_time_method": "walking_distance_m / 80 m/min, redondeado a minutos",
        "address": "Calle José María Escuza, 4, 48013 Bilbao",
        "phone": "676605072",
        "website": "http://www.aramandrea.com/",
        "notes": "Clasificado como almacenaje/logística/distribución; no se ha verificado como self-storage para particulares. Se incluye como actividad de almacenamiento urbano dentro del radio.",
        "coordinate_precision": "exacta_directorio",
        "raw_tags": {
          "nombre": "Aramandrea",
          "categoria_actividad": "almacenaje_logistica",
          "categoria_detalle": "Almacenaje, logística y distribución",
          "nombre_descriptivo_actividad": "Aramandrea — servicio de almacenaje, logística y distribución",
          "direccion": "Calle José María Escuza, 4, 48013 Bilbao",
          "telefono": "676605072",
          "email": "",
          "web": "http://www.aramandrea.com/",
          "precision_coord": "exacta_directorio",
          "verificacion": "media_para_almacenaje_baja_para_trastero_urbano",
          "fuente_principal": "Páginas Amarillas",
          "source_url": "",
          "notas": "Clasificado como almacenaje/logística/distribución; no se ha verificado como self-storage para particulares. Se incluye como actividad de almacenamiento urbano dentro del radio.",
          "lat": 43.26247,
          "lon": -2.94506,
          "distancia_geodesica_m": 958.6,
          "distancia_a_pie_m": 1225,
          "tiempo_a_pie_min": 15.3,
          "tiempo_a_pie_min_redondeado": 16,
          "metodo_distancia_a_pie": "Estimación: distancia geodésica al centroide del local × 1,28 como factor urbano preliminar; no es ruta peatonal calculada sobre red viaria.",
          "metodo_tiempo_a_pie": "Distancia a pie estimada / 80 m/min, equivalente a 4,8 km/h.",
          "centroide_local_lat": 43.2540395,
          "centroide_local_lon": -2.9475368,
          "radio_filtro_m": 1000,
          "category_original": "Almacenaje y logística",
          "category_standard": "Almacenaje y trasteros",
          "category_original_raw": "almacenaje/logística"
        },
        "commercial_name": "Aramandrea",
        "enrichment_status": "base;web_error:URLError",
        "enrichment_updated_at": "2026-06-26"
      },
      "geometry": {
        "type": "Point",
        "coordinates": [
          -2.94506,
          43.26247
        ]
      }
    },
    {
      "type": "Feature",
      "properties": {
        "name": "Bilbao Intermodal - Pérez Galdós",
        "category": "Almacenaje y trasteros",
        "category_original": "Trasteros",
        "status": "activo",
        "confidence": "Media",
        "verification": "alta_actividad_media_coordenada",
        "source": "TrasterOne / Aquiloguardo",
        "source_id": "trasteros-bilbao-intermodal-pérez-galdós--2.9496-43.2612",
        "subcategory": "Taquillas / trasteros urbanos",
        "activity_type": "almacen_trasteros_urbanos",
        "distance_m": 813.6,
        "walking_distance_m": 1101.0,
        "walking_time_min": 14.0,
        "walking_distance_method": "osm_pedestrian_network_dijkstra; snap_local=17.0m; snap_target=7.7m",
        "walking_time_method": "walking_distance_m / 80 m/min, redondeado a minutos",
        "address": "Calle Pérez Galdós, 61, 48013 Bilbao",
        "website": "https://www.trasterone.com/trasteros/bilbao-intermodal-perez-galdos/",
        "source_url": "https://www.trasterone.com/trasteros/bilbao-intermodal-perez-galdos/",
        "notes": "Centro de taquillas/trasteros publicado en agregador especializado. Coordenada estimada por dirección, próxima al entorno de Intermodal.",
        "coordinate_precision": "estimada_por_direccion",
        "raw_tags": {
          "nombre": "Bilbao Intermodal - Pérez Galdós",
          "categoria_actividad": "almacen_trasteros_urbanos",
          "categoria_detalle": "Taquillas / trasteros urbanos",
          "nombre_descriptivo_actividad": "Bilbao Intermodal - Pérez Galdós — taquillas y almacenaje urbano",
          "direccion": "Calle Pérez Galdós, 61, 48013 Bilbao",
          "telefono": "",
          "email": "",
          "web": "https://www.trasterone.com/trasteros/bilbao-intermodal-perez-galdos/",
          "precision_coord": "estimada_por_direccion",
          "verificacion": "alta_actividad_media_coordenada",
          "fuente_principal": "TrasterOne / Aquiloguardo",
          "source_url": "https://www.trasterone.com/trasteros/bilbao-intermodal-perez-galdos/",
          "notas": "Centro de taquillas/trasteros publicado en agregador especializado. Coordenada estimada por dirección, próxima al entorno de Intermodal.",
          "lat": 43.2612,
          "lon": -2.9496,
          "distancia_geodesica_m": 813.6,
          "distancia_a_pie_m": 1040,
          "tiempo_a_pie_min": 13,
          "tiempo_a_pie_min_redondeado": 14,
          "metodo_distancia_a_pie": "Estimación: distancia geodésica al centroide del local × 1,28 como factor urbano preliminar; no es ruta peatonal calculada sobre red viaria.",
          "metodo_tiempo_a_pie": "Distancia a pie estimada / 80 m/min, equivalente a 4,8 km/h.",
          "centroide_local_lat": 43.2540395,
          "centroide_local_lon": -2.9475368,
          "radio_filtro_m": 1000,
          "category_original": "Trasteros",
          "category_standard": "Almacenaje y trasteros",
          "category_original_raw": "trasteros"
        },
        "commercial_name": "Bilbao Intermodal",
        "enrichment_status": "base;osm:0.85;web_error:HTTPError",
        "enrichment_updated_at": "2026-06-26"
      },
      "geometry": {
        "type": "Point",
        "coordinates": [
          -2.9496,
          43.2612
        ]
      }
    },
    {
      "type": "Feature",
      "properties": {
        "name": "Rekalde Home / Nuevo cerca de San Mamés y centro de Bilbao",
        "category": "Alojamiento de visitantes",
        "category_original": "Alojamiento de visitantes",
        "status": "activo",
        "confidence": "Media",
        "verification": "verificado_en_XLSX_Oficial_Open_Data_Euskadi_REATE_por_direccion_Camilo_Villabaso_12_1E",
        "source": "Open Data Euskadi REATE viviendas + Booking.com coordinates",
        "source_id": "alojamiento-de-visitantes-rekalde-home-nuevo-cerca-de-san-mamés-y-centro-de-bilbao--2.94775-43.253299",
        "subcategory": "vivienda turística / apartamento",
        "activity_type": "alojamiento visitantes",
        "type_code": "Vivienda para uso turístico",
        "distance_m": 84.0,
        "walking_distance_m": 110.0,
        "walking_time_min": 2.0,
        "walking_distance_method": "estimacion_urbana_distancia_geodesica_x_1_28",
        "walking_time_method": "distancia_a_pie_m / 80 m_min; velocidad 4,8 km_h",
        "address": "Camilo Villabaso 12, 1º E, 48002 Bilbao",
        "source_url": "https://opendata.euskadi.eus/contenidos/ds_recursos_turisticos/habitaciones_viviendas_turisti/opendata/viviendas.xlsx",
        "notes": "Coincide con registro oficial EBI03201: REKALDE HOME, Camilo Villabaso 12, 1º E, capacidad 3.",
        "official_id": "EBI03201",
        "coordinate_precision": "coordenada_plataforma_alojamiento; registro_reate_direccion",
        "raw_tags": {
          "categoria_actividad": "alojamiento visitantes",
          "categoria_detalle": "vivienda turística / apartamento",
          "nombre": "Rekalde Home / Nuevo cerca de San Mamés y centro de Bilbao",
          "nombre_descriptivo_actividad": "Vivienda turística en Camilo Villabaso, próxima al local",
          "direccion": "Camilo Villabaso 12, 1º E, 48002 Bilbao",
          "registro_reate": "EBI03201",
          "tipo_registro_reate": "Vivienda para uso turístico",
          "legalidad_verificacion": "verificado_en_XLSX_Oficial_Open_Data_Euskadi_REATE_por_direccion_Camilo_Villabaso_12_1E",
          "fuente_principal": "Open Data Euskadi REATE viviendas + Booking.com coordinates",
          "source_url": "https://opendata.euskadi.eus/contenidos/ds_recursos_turisticos/habitaciones_viviendas_turisti/opendata/viviendas.xlsx",
          "precision_coord": "coordenada_plataforma_alojamiento; registro_reate_direccion",
          "notas": "Coincide con registro oficial EBI03201: REKALDE HOME, Camilo Villabaso 12, 1º E, capacidad 3.",
          "distancia_geodesica_m": 84,
          "distancia_a_pie_m": 110,
          "tiempo_a_pie_min": 1.4,
          "tiempo_a_pie_min_redondeado": 2,
          "metodo_distancia_a_pie": "estimacion_urbana_distancia_geodesica_x_1_28",
          "metodo_tiempo_a_pie": "distancia_a_pie_m / 80 m_min; velocidad 4,8 km_h",
          "radio_analisis_m": 1000,
          "centroide_local_lat": 43.2540395,
          "centroide_local_lon": -2.9475368
        },
        "commercial_name": "Rekalde Home / Nuevo cerca de San Mamés y centro de Bilbao",
        "enrichment_status": "base",
        "enrichment_updated_at": "2026-06-26"
      },
      "geometry": {
        "type": "Point",
        "coordinates": [
          -2.94775,
          43.253299
        ]
      }
    },
    {
      "type": "Feature",
      "properties": {
        "name": "Pensión Arias",
        "category": "Alojamiento de visitantes",
        "category_original": "Alojamiento de visitantes",
        "status": "activo",
        "confidence": "Media",
        "verification": "alojamiento_comercial_en_plataforma; pendiente_extraer_numero_REATE_de_dataset_general_de_establecimientos",
        "source": "Booking.com accommodations search",
        "source_id": "alojamiento-de-visitantes-pensión-arias--2.946163-43.256339",
        "subcategory": "pensión / alojamiento económico",
        "activity_type": "alojamiento visitantes",
        "type_code": "establecimiento hotelero/pensión; no incluido en XLSX específico de viviendas/habitaciones particulares",
        "distance_m": 279.0,
        "walking_distance_m": 355.0,
        "walking_time_min": 5.0,
        "walking_distance_method": "estimacion_urbana_distancia_geodesica_x_1_28",
        "walking_time_method": "distancia_a_pie_m / 80 m_min; velocidad 4,8 km_h",
        "address": "Pablo Alzola 13, 48012 Bilbao",
        "source_url": "https://www.booking.com/hotel/es/pension-arias.html",
        "notes": "No es vivienda turística particular; por eso no aparece en el XLSX de viviendas/habitaciones particulares.",
        "coordinate_precision": "coordenada_plataforma_alojamiento",
        "raw_tags": {
          "categoria_actividad": "alojamiento visitantes",
          "categoria_detalle": "pensión / alojamiento económico",
          "nombre": "Pensión Arias",
          "nombre_descriptivo_actividad": "Pensión / alojamiento económico en Pablo Alzola",
          "direccion": "Pablo Alzola 13, 48012 Bilbao",
          "registro_reate": "",
          "tipo_registro_reate": "establecimiento hotelero/pensión; no incluido en XLSX específico de viviendas/habitaciones particulares",
          "legalidad_verificacion": "alojamiento_comercial_en_plataforma; pendiente_extraer_numero_REATE_de_dataset_general_de_establecimientos",
          "fuente_principal": "Booking.com accommodations search",
          "source_url": "https://www.booking.com/hotel/es/pension-arias.html",
          "precision_coord": "coordenada_plataforma_alojamiento",
          "notas": "No es vivienda turística particular; por eso no aparece en el XLSX de viviendas/habitaciones particulares.",
          "distancia_geodesica_m": 279,
          "distancia_a_pie_m": 355,
          "tiempo_a_pie_min": 4.4,
          "tiempo_a_pie_min_redondeado": 5,
          "metodo_distancia_a_pie": "estimacion_urbana_distancia_geodesica_x_1_28",
          "metodo_tiempo_a_pie": "distancia_a_pie_m / 80 m_min; velocidad 4,8 km_h",
          "radio_analisis_m": 1000,
          "centroide_local_lat": 43.2540395,
          "centroide_local_lon": -2.9475368
        },
        "commercial_name": "Pensión Arias",
        "enrichment_status": "base",
        "enrichment_updated_at": "2026-06-26"
      },
      "geometry": {
        "type": "Point",
        "coordinates": [
          -2.946163,
          43.256339
        ]
      }
    },
    {
      "type": "Feature",
      "properties": {
        "name": "Bilbao ROOMS & KITCHEN Altube",
        "category": "Alojamiento de visitantes",
        "category_original": "Alojamiento de visitantes",
        "status": "activo",
        "confidence": "Media",
        "verification": "candidato_en_plataforma; no localizado en XLSX oficial de viviendas/habitaciones turísticas por coincidencia directa de dirección; validar en REATE antes de uso jurídico",
        "source": "Booking.com accommodations search; revisión cruzada con Open Data Euskadi REATE viviendas/habitaciones",
        "source_id": "alojamiento-de-visitantes-bilbao-rooms-kitchen-altube--2.94717-43.251467",
        "subcategory": "habitaciones / rooms",
        "activity_type": "alojamiento visitantes",
        "distance_m": 288.0,
        "walking_distance_m": 370.0,
        "walking_time_min": 5.0,
        "walking_distance_method": "estimacion_urbana_distancia_geodesica_x_1_28",
        "walking_time_method": "distancia_a_pie_m / 80 m_min; velocidad 4,8 km_h",
        "address": "Calle Altube 1, local izquierdo, 48002 Bilbao",
        "source_url": "https://www.booking.com/hotel/es/bilbao-rooms-amp-kitchen-altube.html",
        "notes": "Existe registro REATE de vivienda turística en Altube 2, pero no se ha equiparado a este alojamiento por no coincidir dirección exacta.",
        "coordinate_precision": "coordenada_plataforma_alojamiento",
        "raw_tags": {
          "categoria_actividad": "alojamiento visitantes",
          "categoria_detalle": "habitaciones / rooms",
          "nombre": "Bilbao ROOMS & KITCHEN Altube",
          "nombre_descriptivo_actividad": "Alojamiento tipo rooms con cocina compartida en calle Altube",
          "direccion": "Calle Altube 1, local izquierdo, 48002 Bilbao",
          "registro_reate": "",
          "tipo_registro_reate": "",
          "legalidad_verificacion": "candidato_en_plataforma; no localizado en XLSX oficial de viviendas/habitaciones turísticas por coincidencia directa de dirección; validar en REATE antes de uso jurídico",
          "fuente_principal": "Booking.com accommodations search; revisión cruzada con Open Data Euskadi REATE viviendas/habitaciones",
          "source_url": "https://www.booking.com/hotel/es/bilbao-rooms-amp-kitchen-altube.html",
          "precision_coord": "coordenada_plataforma_alojamiento",
          "notas": "Existe registro REATE de vivienda turística en Altube 2, pero no se ha equiparado a este alojamiento por no coincidir dirección exacta.",
          "distancia_geodesica_m": 288,
          "distancia_a_pie_m": 370,
          "tiempo_a_pie_min": 4.6,
          "tiempo_a_pie_min_redondeado": 5,
          "metodo_distancia_a_pie": "estimacion_urbana_distancia_geodesica_x_1_28",
          "metodo_tiempo_a_pie": "distancia_a_pie_m / 80 m_min; velocidad 4,8 km_h",
          "radio_analisis_m": 1000,
          "centroide_local_lat": 43.2540395,
          "centroide_local_lon": -2.9475368
        },
        "commercial_name": "Bilbao ROOMS & KITCHEN Altube",
        "enrichment_status": "base",
        "enrichment_updated_at": "2026-06-26"
      },
      "geometry": {
        "type": "Point",
        "coordinates": [
          -2.94717,
          43.251467
        ]
      }
    },
    {
      "type": "Feature",
      "properties": {
        "name": "Bilbao Tranvía 51",
        "category": "Alojamiento de visitantes",
        "category_original": "Alojamiento de visitantes",
        "status": "activo",
        "confidence": "Media",
        "verification": "posible_coincidencia_en_XLSX_Oficial_Open_Data_Euskadi_REATE_por_direccion_Autonomia_51; hay_dos_registros_en_el_mismo_numero",
        "source": "Open Data Euskadi REATE viviendas + Booking.com coordinates",
        "source_id": "alojamiento-de-visitantes-bilbao-tranvía-51--2.944753-43.257639",
        "subcategory": "vivienda turística / apartamento",
        "activity_type": "alojamiento visitantes",
        "type_code": "Vivienda para uso turístico",
        "distance_m": 459.0,
        "walking_distance_m": 590.0,
        "walking_time_min": 8.0,
        "walking_distance_method": "estimacion_urbana_distancia_geodesica_x_1_28",
        "walking_time_method": "distancia_a_pie_m / 80 m_min; velocidad 4,8 km_h",
        "address": "Autonomía Kalea 51, 48012 Bilbao",
        "source_url": "https://opendata.euskadi.eus/contenidos/ds_recursos_turisticos/habitaciones_viviendas_turisti/opendata/viviendas.xlsx",
        "notes": "En REATE figuran EBI02624 Autonomía 51 1º A y EBI02964 Autonomía 51 1º C; no se puede asignar una de las dos sin dato adicional del anuncio.",
        "official_id": "EBI02624; EBI02964",
        "coordinate_precision": "coordenada_plataforma_alojamiento; registro_reate_mismo_numero_de_calle",
        "raw_tags": {
          "categoria_actividad": "alojamiento visitantes",
          "categoria_detalle": "vivienda turística / apartamento",
          "nombre": "Bilbao Tranvía 51",
          "nombre_descriptivo_actividad": "Apartamento turístico en entorno Autonomía / tranvía",
          "direccion": "Autonomía Kalea 51, 48012 Bilbao",
          "registro_reate": "EBI02624; EBI02964",
          "tipo_registro_reate": "Vivienda para uso turístico",
          "legalidad_verificacion": "posible_coincidencia_en_XLSX_Oficial_Open_Data_Euskadi_REATE_por_direccion_Autonomia_51; hay_dos_registros_en_el_mismo_numero",
          "fuente_principal": "Open Data Euskadi REATE viviendas + Booking.com coordinates",
          "source_url": "https://opendata.euskadi.eus/contenidos/ds_recursos_turisticos/habitaciones_viviendas_turisti/opendata/viviendas.xlsx",
          "precision_coord": "coordenada_plataforma_alojamiento; registro_reate_mismo_numero_de_calle",
          "notas": "En REATE figuran EBI02624 Autonomía 51 1º A y EBI02964 Autonomía 51 1º C; no se puede asignar una de las dos sin dato adicional del anuncio.",
          "distancia_geodesica_m": 459,
          "distancia_a_pie_m": 590,
          "tiempo_a_pie_min": 7.4,
          "tiempo_a_pie_min_redondeado": 8,
          "metodo_distancia_a_pie": "estimacion_urbana_distancia_geodesica_x_1_28",
          "metodo_tiempo_a_pie": "distancia_a_pie_m / 80 m_min; velocidad 4,8 km_h",
          "radio_analisis_m": 1000,
          "centroide_local_lat": 43.2540395,
          "centroide_local_lon": -2.9475368
        },
        "commercial_name": "Bilbao Tranvía 51",
        "enrichment_status": "base",
        "enrichment_updated_at": "2026-06-26"
      },
      "geometry": {
        "type": "Point",
        "coordinates": [
          -2.944753,
          43.257639
        ]
      }
    },
    {
      "type": "Feature",
      "properties": {
        "name": "ibis budget Bilbao City",
        "category": "Alojamiento de visitantes",
        "category_original": "Alojamiento de visitantes",
        "status": "activo",
        "confidence": "Media",
        "verification": "alojamiento_comercial_en_plataforma; pendiente_extraer_numero_REATE_de_dataset_general_de_establecimientos",
        "source": "Booking.com accommodations search",
        "source_id": "alojamiento-de-visitantes-ibis-budget-bilbao-city--2.946867-43.25835",
        "subcategory": "hotel económico",
        "activity_type": "alojamiento visitantes",
        "type_code": "establecimiento hotelero; no incluido en XLSX específico de viviendas/habitaciones particulares",
        "distance_m": 482.0,
        "walking_distance_m": 615.0,
        "walking_time_min": 8.0,
        "walking_distance_method": "estimacion_urbana_distancia_geodesica_x_1_28",
        "walking_time_method": "distancia_a_pie_m / 80 m_min; velocidad 4,8 km_h",
        "address": "Calle Zankoeta 9, 48013 Bilbao",
        "source_url": "https://www.booking.com/hotel/es/ibis-budget-bilbao-city.html",
        "notes": "Incluido como competencia de alojamiento urbano para visitantes, aunque no sea modelo rooms/piso.",
        "coordinate_precision": "coordenada_plataforma_alojamiento",
        "raw_tags": {
          "categoria_actividad": "alojamiento visitantes",
          "categoria_detalle": "hotel económico",
          "nombre": "ibis budget Bilbao City",
          "nombre_descriptivo_actividad": "Hotel económico urbano junto a Zankoeta / Basurto",
          "direccion": "Calle Zankoeta 9, 48013 Bilbao",
          "registro_reate": "",
          "tipo_registro_reate": "establecimiento hotelero; no incluido en XLSX específico de viviendas/habitaciones particulares",
          "legalidad_verificacion": "alojamiento_comercial_en_plataforma; pendiente_extraer_numero_REATE_de_dataset_general_de_establecimientos",
          "fuente_principal": "Booking.com accommodations search",
          "source_url": "https://www.booking.com/hotel/es/ibis-budget-bilbao-city.html",
          "precision_coord": "coordenada_plataforma_alojamiento",
          "notas": "Incluido como competencia de alojamiento urbano para visitantes, aunque no sea modelo rooms/piso.",
          "distancia_geodesica_m": 482,
          "distancia_a_pie_m": 615,
          "tiempo_a_pie_min": 7.7,
          "tiempo_a_pie_min_redondeado": 8,
          "metodo_distancia_a_pie": "estimacion_urbana_distancia_geodesica_x_1_28",
          "metodo_tiempo_a_pie": "distancia_a_pie_m / 80 m_min; velocidad 4,8 km_h",
          "radio_analisis_m": 1000,
          "centroide_local_lat": 43.2540395,
          "centroide_local_lon": -2.9475368
        },
        "commercial_name": "ibis budget Bilbao City",
        "enrichment_status": "base;osm:0.90",
        "enrichment_updated_at": "2026-06-26"
      },
      "geometry": {
        "type": "Point",
        "coordinates": [
          -2.946867,
          43.25835
        ]
      }
    },
    {
      "type": "Feature",
      "properties": {
        "name": "Bilbao ROOMS & KITCHEN Rekalde",
        "category": "Alojamiento de visitantes",
        "category_original": "Alojamiento de visitantes",
        "status": "activo",
        "confidence": "Media",
        "verification": "candidato_en_plataforma; no localizado en XLSX oficial de viviendas/habitaciones turísticas por coincidencia directa de dirección; validar en REATE antes de uso jurídico",
        "source": "Booking.com accommodations search; revisión cruzada con Open Data Euskadi REATE viviendas/habitaciones",
        "source_id": "alojamiento-de-visitantes-bilbao-rooms-kitchen-rekalde--2.947569-43.24967",
        "subcategory": "habitaciones / rooms",
        "activity_type": "alojamiento visitantes",
        "distance_m": 486.0,
        "walking_distance_m": 620.0,
        "walking_time_min": 8.0,
        "walking_distance_method": "estimacion_urbana_distancia_geodesica_x_1_28",
        "walking_time_method": "distancia_a_pie_m / 80 m_min; velocidad 4,8 km_h",
        "address": "Calle León de Uruñuela 4, local derecho, 48002 Bilbao",
        "source_url": "https://www.booking.com/hotel/es/bilbao-rooms-amp-kitchen-rekalde.html",
        "notes": "Incluido por proximidad y tipología rooms; la capa no acredita por sí sola la licencia si no aparece número REATE.",
        "coordinate_precision": "coordenada_plataforma_alojamiento",
        "raw_tags": {
          "categoria_actividad": "alojamiento visitantes",
          "categoria_detalle": "habitaciones / rooms",
          "nombre": "Bilbao ROOMS & KITCHEN Rekalde",
          "nombre_descriptivo_actividad": "Alojamiento tipo rooms con cocina compartida en Rekalde",
          "direccion": "Calle León de Uruñuela 4, local derecho, 48002 Bilbao",
          "registro_reate": "",
          "tipo_registro_reate": "",
          "legalidad_verificacion": "candidato_en_plataforma; no localizado en XLSX oficial de viviendas/habitaciones turísticas por coincidencia directa de dirección; validar en REATE antes de uso jurídico",
          "fuente_principal": "Booking.com accommodations search; revisión cruzada con Open Data Euskadi REATE viviendas/habitaciones",
          "source_url": "https://www.booking.com/hotel/es/bilbao-rooms-amp-kitchen-rekalde.html",
          "precision_coord": "coordenada_plataforma_alojamiento",
          "notas": "Incluido por proximidad y tipología rooms; la capa no acredita por sí sola la licencia si no aparece número REATE.",
          "distancia_geodesica_m": 486,
          "distancia_a_pie_m": 620,
          "tiempo_a_pie_min": 7.8,
          "tiempo_a_pie_min_redondeado": 8,
          "metodo_distancia_a_pie": "estimacion_urbana_distancia_geodesica_x_1_28",
          "metodo_tiempo_a_pie": "distancia_a_pie_m / 80 m_min; velocidad 4,8 km_h",
          "radio_analisis_m": 1000,
          "centroide_local_lat": 43.2540395,
          "centroide_local_lon": -2.9475368
        },
        "commercial_name": "Bilbao ROOMS & KITCHEN Rekalde",
        "enrichment_status": "base",
        "enrichment_updated_at": "2026-06-26"
      },
      "geometry": {
        "type": "Point",
        "coordinates": [
          -2.947569,
          43.24967
        ]
      }
    },
    {
      "type": "Feature",
      "properties": {
        "name": "Optimi Rooms Bilbao",
        "category": "Alojamiento de visitantes",
        "category_original": "Alojamiento de visitantes",
        "status": "activo",
        "confidence": "Media",
        "verification": "alojamiento_comercial_en_plataforma; pendiente_extraer_numero_REATE_de_dataset_general_de_establecimientos",
        "source": "Booking.com accommodations search",
        "source_id": "alojamiento-de-visitantes-optimi-rooms-bilbao--2.944063-43.258219",
        "subcategory": "hostel / cápsulas / rooms",
        "activity_type": "alojamiento visitantes",
        "type_code": "establecimiento hostel/rooms; no incluido en XLSX específico de viviendas/habitaciones particulares",
        "distance_m": 543.0,
        "walking_distance_m": 695.0,
        "walking_time_min": 9.0,
        "walking_distance_method": "estimacion_urbana_distancia_geodesica_x_1_28",
        "walking_time_method": "distancia_a_pie_m / 80 m_min; velocidad 4,8 km_h",
        "address": "Alameda Doctor Areilza 58, bajo, 48010 Bilbao",
        "source_url": "https://www.booking.com/hotel/es/optimi-rooms.html",
        "notes": "Muy relevante funcionalmente para modelo rooms, pero requiere validación en REATE general si se necesita prueba administrativa.",
        "coordinate_precision": "coordenada_plataforma_alojamiento",
        "raw_tags": {
          "categoria_actividad": "alojamiento visitantes",
          "categoria_detalle": "hostel / cápsulas / rooms",
          "nombre": "Optimi Rooms Bilbao",
          "nombre_descriptivo_actividad": "Alojamiento tipo cápsulas/rooms en Doctor Areilza",
          "direccion": "Alameda Doctor Areilza 58, bajo, 48010 Bilbao",
          "registro_reate": "",
          "tipo_registro_reate": "establecimiento hostel/rooms; no incluido en XLSX específico de viviendas/habitaciones particulares",
          "legalidad_verificacion": "alojamiento_comercial_en_plataforma; pendiente_extraer_numero_REATE_de_dataset_general_de_establecimientos",
          "fuente_principal": "Booking.com accommodations search",
          "source_url": "https://www.booking.com/hotel/es/optimi-rooms.html",
          "precision_coord": "coordenada_plataforma_alojamiento",
          "notas": "Muy relevante funcionalmente para modelo rooms, pero requiere validación en REATE general si se necesita prueba administrativa.",
          "distancia_geodesica_m": 543,
          "distancia_a_pie_m": 695,
          "tiempo_a_pie_min": 8.7,
          "tiempo_a_pie_min_redondeado": 9,
          "metodo_distancia_a_pie": "estimacion_urbana_distancia_geodesica_x_1_28",
          "metodo_tiempo_a_pie": "distancia_a_pie_m / 80 m_min; velocidad 4,8 km_h",
          "radio_analisis_m": 1000,
          "centroide_local_lat": 43.2540395,
          "centroide_local_lon": -2.9475368
        },
        "commercial_name": "Hostel Optimi Rooms",
        "enrichment_status": "base;osm:0.89;web",
        "enrichment_updated_at": "2026-06-26",
        "website": "https://www.optimirooms.com/",
        "photo_url": "https://www.optimirooms.com/wp-content/uploads/2019/05/optimirooms.victorvargas.presentation3-e1558653828503.png",
        "photo_source_url": "https://www.optimirooms.com/",
        "photo_source": "Web pública"
      },
      "geometry": {
        "type": "Point",
        "coordinates": [
          -2.944063,
          43.258219
        ]
      }
    },
    {
      "type": "Feature",
      "properties": {
        "name": "Bilbao Living Lofts",
        "category": "Alojamiento de visitantes",
        "category_original": "Alojamiento de visitantes",
        "status": "activo",
        "confidence": "Media",
        "verification": "verificado_en_XLSX_Oficial_Open_Data_Euskadi_REATE_por_direccion_Irala_24",
        "source": "Open Data Euskadi REATE viviendas + Booking.com coordinates",
        "source_id": "alojamiento-de-visitantes-bilbao-living-lofts--2.937379-43.253718",
        "subcategory": "vivienda turística / apartamento",
        "activity_type": "alojamiento visitantes",
        "type_code": "Vivienda para uso turístico",
        "distance_m": 823.0,
        "walking_distance_m": 1055.0,
        "walking_time_min": 14.0,
        "walking_distance_method": "estimacion_urbana_distancia_geodesica_x_1_28",
        "walking_time_method": "distancia_a_pie_m / 80 m_min; velocidad 4,8 km_h",
        "address": "Calle Irala 24, 48012 Bilbao",
        "source_url": "https://opendata.euskadi.eus/contenidos/ds_recursos_turisticos/habitaciones_viviendas_turisti/opendata/viviendas.xlsx",
        "notes": "Coincide con registro oficial EBI00647: Irala, 24, B A (Bilbao), capacidad 3.",
        "official_id": "EBI00647",
        "coordinate_precision": "coordenada_plataforma_alojamiento; registro_reate_direccion",
        "raw_tags": {
          "categoria_actividad": "alojamiento visitantes",
          "categoria_detalle": "vivienda turística / apartamento",
          "nombre": "Bilbao Living Lofts",
          "nombre_descriptivo_actividad": "Apartamento o loft turístico en Irala",
          "direccion": "Calle Irala 24, 48012 Bilbao",
          "registro_reate": "EBI00647",
          "tipo_registro_reate": "Vivienda para uso turístico",
          "legalidad_verificacion": "verificado_en_XLSX_Oficial_Open_Data_Euskadi_REATE_por_direccion_Irala_24",
          "fuente_principal": "Open Data Euskadi REATE viviendas + Booking.com coordinates",
          "source_url": "https://opendata.euskadi.eus/contenidos/ds_recursos_turisticos/habitaciones_viviendas_turisti/opendata/viviendas.xlsx",
          "precision_coord": "coordenada_plataforma_alojamiento; registro_reate_direccion",
          "notas": "Coincide con registro oficial EBI00647: Irala, 24, B A (Bilbao), capacidad 3.",
          "distancia_geodesica_m": 823,
          "distancia_a_pie_m": 1055,
          "tiempo_a_pie_min": 13.2,
          "tiempo_a_pie_min_redondeado": 14,
          "metodo_distancia_a_pie": "estimacion_urbana_distancia_geodesica_x_1_28",
          "metodo_tiempo_a_pie": "distancia_a_pie_m / 80 m_min; velocidad 4,8 km_h",
          "radio_analisis_m": 1000,
          "centroide_local_lat": 43.2540395,
          "centroide_local_lon": -2.9475368
        },
        "commercial_name": "Bilbao Living Lofts",
        "enrichment_status": "base",
        "enrichment_updated_at": "2026-06-26"
      },
      "geometry": {
        "type": "Point",
        "coordinates": [
          -2.937379,
          43.253718
        ]
      }
    },
    {
      "type": "Feature",
      "properties": {
        "name": "BYPILLOW San Mamés",
        "category": "Alojamiento de visitantes",
        "category_original": "Alojamiento de visitantes",
        "status": "activo",
        "confidence": "Media",
        "verification": "alojamiento_comercial_en_plataforma; pendiente_extraer_numero_REATE_de_dataset_general_de_establecimientos",
        "source": "Booking.com accommodations search",
        "source_id": "alojamiento-de-visitantes-bypillow-san-mamés--2.948043-43.262314",
        "subcategory": "pensión / hostal urbano",
        "activity_type": "alojamiento visitantes",
        "type_code": "establecimiento hotelero/hostal; no incluido en XLSX específico de viviendas/habitaciones particulares",
        "distance_m": 921.0,
        "walking_distance_m": 1180.0,
        "walking_time_min": 15.0,
        "walking_distance_method": "estimacion_urbana_distancia_geodesica_x_1_28",
        "walking_time_method": "distancia_a_pie_m / 80 m_min; velocidad 4,8 km_h",
        "address": "Luis Briñas 15, 48013 Bilbao",
        "source_url": "https://www.booking.com/hotel/es/san-mames.html",
        "notes": "Incluido por quedar dentro del radio de 1 km y competir por estancia corta de visitantes.",
        "coordinate_precision": "coordenada_plataforma_alojamiento",
        "raw_tags": {
          "categoria_actividad": "alojamiento visitantes",
          "categoria_detalle": "pensión / hostal urbano",
          "nombre": "BYPILLOW San Mamés",
          "nombre_descriptivo_actividad": "Hostal/pensión urbana en entorno San Mamés",
          "direccion": "Luis Briñas 15, 48013 Bilbao",
          "registro_reate": "",
          "tipo_registro_reate": "establecimiento hotelero/hostal; no incluido en XLSX específico de viviendas/habitaciones particulares",
          "legalidad_verificacion": "alojamiento_comercial_en_plataforma; pendiente_extraer_numero_REATE_de_dataset_general_de_establecimientos",
          "fuente_principal": "Booking.com accommodations search",
          "source_url": "https://www.booking.com/hotel/es/san-mames.html",
          "precision_coord": "coordenada_plataforma_alojamiento",
          "notas": "Incluido por quedar dentro del radio de 1 km y competir por estancia corta de visitantes.",
          "distancia_geodesica_m": 921,
          "distancia_a_pie_m": 1180,
          "tiempo_a_pie_min": 14.8,
          "tiempo_a_pie_min_redondeado": 15,
          "metodo_distancia_a_pie": "estimacion_urbana_distancia_geodesica_x_1_28",
          "metodo_tiempo_a_pie": "distancia_a_pie_m / 80 m_min; velocidad 4,8 km_h",
          "radio_analisis_m": 1000,
          "centroide_local_lat": 43.2540395,
          "centroide_local_lon": -2.9475368
        },
        "commercial_name": "BYPILLOW San Mamés",
        "enrichment_status": "base",
        "enrichment_updated_at": "2026-06-26"
      },
      "geometry": {
        "type": "Point",
        "coordinates": [
          -2.948043,
          43.262314
        ]
      }
    },
    {
      "type": "Feature",
      "properties": {
        "name": "Bilbao ROOMS & KITCHEN Irala",
        "category": "Alojamiento de visitantes",
        "category_original": "Alojamiento de visitantes",
        "status": "activo",
        "confidence": "Media",
        "verification": "candidato_en_plataforma; no localizado en XLSX oficial de viviendas/habitaciones turísticas por coincidencia directa de dirección; validar en REATE antes de uso jurídico",
        "source": "Booking.com accommodations search; revisión cruzada con Open Data Euskadi REATE viviendas/habitaciones",
        "source_id": "alojamiento-de-visitantes-bilbao-rooms-kitchen-irala--2.937402-43.24934",
        "subcategory": "habitaciones / rooms",
        "activity_type": "alojamiento visitantes",
        "distance_m": 973.0,
        "walking_distance_m": 1245.0,
        "walking_time_min": 16.0,
        "walking_distance_method": "estimacion_urbana_distancia_geodesica_x_1_28",
        "walking_time_method": "distancia_a_pie_m / 80 m_min; velocidad 4,8 km_h",
        "address": "Calle Arane 21, entrada calle trasera del portal, 48012 Bilbao",
        "source_url": "https://www.booking.com/hotel/es/bilbao-rooms-amp-kitchen-irala.html",
        "notes": "Incluido por proximidad y tipología rooms.",
        "coordinate_precision": "coordenada_plataforma_alojamiento",
        "raw_tags": {
          "categoria_actividad": "alojamiento visitantes",
          "categoria_detalle": "habitaciones / rooms",
          "nombre": "Bilbao ROOMS & KITCHEN Irala",
          "nombre_descriptivo_actividad": "Alojamiento tipo rooms con cocina compartida en Irala",
          "direccion": "Calle Arane 21, entrada calle trasera del portal, 48012 Bilbao",
          "registro_reate": "",
          "tipo_registro_reate": "",
          "legalidad_verificacion": "candidato_en_plataforma; no localizado en XLSX oficial de viviendas/habitaciones turísticas por coincidencia directa de dirección; validar en REATE antes de uso jurídico",
          "fuente_principal": "Booking.com accommodations search; revisión cruzada con Open Data Euskadi REATE viviendas/habitaciones",
          "source_url": "https://www.booking.com/hotel/es/bilbao-rooms-amp-kitchen-irala.html",
          "precision_coord": "coordenada_plataforma_alojamiento",
          "notas": "Incluido por proximidad y tipología rooms.",
          "distancia_geodesica_m": 973,
          "distancia_a_pie_m": 1245,
          "tiempo_a_pie_min": 15.6,
          "tiempo_a_pie_min_redondeado": 16,
          "metodo_distancia_a_pie": "estimacion_urbana_distancia_geodesica_x_1_28",
          "metodo_tiempo_a_pie": "distancia_a_pie_m / 80 m_min; velocidad 4,8 km_h",
          "radio_analisis_m": 1000,
          "centroide_local_lat": 43.2540395,
          "centroide_local_lon": -2.9475368
        },
        "commercial_name": "Bilbao ROOMS & KITCHEN Irala",
        "enrichment_status": "base",
        "enrichment_updated_at": "2026-06-26"
      },
      "geometry": {
        "type": "Point",
        "coordinates": [
          -2.937402,
          43.24934
        ]
      }
    },
    {
      "type": "Feature",
      "properties": {
        "name": "BM Complet Ciudadela",
        "category": "Comercio cotidiano",
        "category_original": "Supermercado",
        "status": "activo",
        "confidence": "Media",
        "verification": "alta_actividad_media_coordenada",
        "source": "BM Supermercados - ficha oficial BM Complet Ciudadela",
        "source_id": "SUP_001",
        "subcategory": "supermercado de proximidad",
        "activity_type": "supermercado_alimentacion",
        "distance_m": 64.0,
        "walking_distance_m": 68.0,
        "walking_time_min": 1.0,
        "walking_distance_method": "osm_pedestrian_network_dijkstra; snap_local=17.0m; snap_target=23.3m",
        "walking_time_method": "walking_distance_m / 80 m/min, redondeado a minutos",
        "address": "C/ Ciudadela, s/n, 48002 Bilbao",
        "phone": "944216690",
        "website": "https://www.bmsupermercados.es/tienda-14800.htm",
        "source_url": "https://www.bmsupermercados.es/tienda-14800.htm",
        "business_chain": "BM Supermercados",
        "notes": "Incluido también en la capa de paquetería por Citypaq asociado al supermercado.",
        "query_date": "2026-06-20",
        "distance_rank": 1,
        "coordinate_precision": "estimada_direccion_validada_en_capa_previa",
        "raw_tags": {
          "id": "SUP_001",
          "categoria_actividad": "supermercado_alimentacion",
          "categoria_detalle": "supermercado de proximidad",
          "nombre": "BM Complet Ciudadela",
          "nombre_descriptivo_actividad": "BM Complet Ciudadela — supermercado de proximidad",
          "direccion": "C/ Ciudadela, s/n, 48002 Bilbao",
          "lon": -2.9469,
          "lat": 43.2537,
          "distancia_geodesica_m": 64,
          "distancia_a_pie_m": 80,
          "tiempo_a_pie_min": 1,
          "tiempo_a_pie_min_redondeado": 1,
          "metodo_distancia_a_pie": "Estimación: distancia geodésica al centroide del local × 1,28; no es ruta real calculada sobre red viaria.",
          "metodo_tiempo_a_pie": "Distancia a pie estimada / 80 m/min, equivalente a 4,8 km/h.",
          "precision_coord": "estimada_direccion_validada_en_capa_previa",
          "verificacion": "alta_actividad_media_coordenada",
          "fuente_principal": "BM Supermercados - ficha oficial BM Complet Ciudadela",
          "source_url": "https://www.bmsupermercados.es/tienda-14800.htm",
          "notas": "Incluido también en la capa de paquetería por Citypaq asociado al supermercado.",
          "centroide_local_lat": 43.2540395,
          "centroide_local_lon": -2.9475368,
          "radio_filtro_m": 1000,
          "fecha_consulta": "2026-06-20",
          "sistema_coordenadas": "WGS84 lon/lat (CRS84)",
          "telefono": "944216690",
          "web": "https://www.bmsupermercados.es/tienda-14800.htm",
          "cadena": "BM Supermercados",
          "orden_distancia": 1,
          "category_original_raw": "supermercado",
          "category_original": "Supermercado",
          "category_standard": "Comercio cotidiano"
        },
        "commercial_name": "BM Supermercados",
        "enrichment_status": "base;web",
        "enrichment_updated_at": "2026-06-26"
      },
      "geometry": {
        "type": "Point",
        "coordinates": [
          -2.9469,
          43.2537
        ]
      }
    },
    {
      "type": "Feature",
      "properties": {
        "name": "EROSKI/city Recalde",
        "category": "Comercio cotidiano",
        "category_original": "Supermercado",
        "status": "activo",
        "confidence": "Media",
        "verification": "alta_actividad_media_coordenada",
        "source": "Localizador oficial EROSKI",
        "source_id": "SUP_002",
        "subcategory": "supermercado de proximidad",
        "activity_type": "supermercado_alimentacion",
        "distance_m": 115.0,
        "walking_distance_m": 155.0,
        "walking_time_min": 2.0,
        "walking_distance_method": "osm_pedestrian_network_dijkstra; snap_local=17.0m; snap_target=29.4m",
        "walking_time_method": "walking_distance_m / 80 m/min, redondeado a minutos",
        "address": "Amboto s/n, 48002 Bilbao",
        "phone": "944431595",
        "website": "https://www.eroski.es/localizador-de-tiendas/supermercado/bizkaia/bilbao/eroskicity-recalde/",
        "source_url": "https://www.eroski.es/localizador-de-tiendas/supermercado/bizkaia/bilbao/eroskicity-recalde/",
        "business_chain": "EROSKI/city",
        "query_date": "2026-06-20",
        "distance_rank": 2,
        "coordinate_precision": "estimada_por_direccion",
        "raw_tags": {
          "id": "SUP_002",
          "categoria_actividad": "supermercado_alimentacion",
          "categoria_detalle": "supermercado de proximidad",
          "nombre": "EROSKI/city Recalde",
          "nombre_descriptivo_actividad": "EROSKI/city Recalde — supermercado de proximidad",
          "direccion": "Amboto s/n, 48002 Bilbao",
          "lon": -2.94795,
          "lat": 43.25305,
          "distancia_geodesica_m": 115,
          "distancia_a_pie_m": 145,
          "tiempo_a_pie_min": 1.8,
          "tiempo_a_pie_min_redondeado": 2,
          "metodo_distancia_a_pie": "Estimación: distancia geodésica al centroide del local × 1,28; no es ruta real calculada sobre red viaria.",
          "metodo_tiempo_a_pie": "Distancia a pie estimada / 80 m/min, equivalente a 4,8 km/h.",
          "precision_coord": "estimada_por_direccion",
          "verificacion": "alta_actividad_media_coordenada",
          "fuente_principal": "Localizador oficial EROSKI",
          "source_url": "https://www.eroski.es/localizador-de-tiendas/supermercado/bizkaia/bilbao/eroskicity-recalde/",
          "notas": null,
          "centroide_local_lat": 43.2540395,
          "centroide_local_lon": -2.9475368,
          "radio_filtro_m": 1000,
          "fecha_consulta": "2026-06-20",
          "sistema_coordenadas": "WGS84 lon/lat (CRS84)",
          "telefono": "944431595",
          "web": "https://www.eroski.es/localizador-de-tiendas/supermercado/bizkaia/bilbao/eroskicity-recalde/",
          "cadena": "EROSKI/city",
          "orden_distancia": 2,
          "category_original_raw": "supermercado",
          "category_original": "Supermercado",
          "category_standard": "Comercio cotidiano"
        },
        "commercial_name": "EROSKI/city",
        "enrichment_status": "base;web_error:TimeoutError",
        "enrichment_updated_at": "2026-06-26"
      },
      "geometry": {
        "type": "Point",
        "coordinates": [
          -2.94795,
          43.25305
        ]
      }
    },
    {
      "type": "Feature",
      "properties": {
        "name": "EROSKI/city Gordoniz",
        "category": "Comercio cotidiano",
        "category_original": "Supermercado",
        "status": "activo",
        "confidence": "Media",
        "verification": "alta_actividad_media_coordenada",
        "source": "Localizador oficial EROSKI",
        "source_id": "SUP_003",
        "subcategory": "supermercado de proximidad",
        "activity_type": "supermercado_alimentacion",
        "distance_m": 274.0,
        "walking_distance_m": 337.0,
        "walking_time_min": 4.0,
        "walking_distance_method": "osm_pedestrian_network_dijkstra; snap_local=17.0m; snap_target=6.8m",
        "walking_time_method": "walking_distance_m / 80 m/min, redondeado a minutos",
        "address": "Biarritz Kalea 4, 48002 Bilbao",
        "phone": "944143964",
        "website": "https://www.eroski.es/localizador-de-tiendas/supermercado/bizkaia/bilbao/eroskicity-gordoniz/",
        "source_url": "https://www.eroski.es/localizador-de-tiendas/supermercado/bizkaia/bilbao/eroskicity-gordoniz/",
        "business_chain": "EROSKI/city",
        "query_date": "2026-06-20",
        "distance_rank": 3,
        "coordinate_precision": "estimada_por_direccion",
        "raw_tags": {
          "id": "SUP_003",
          "categoria_actividad": "supermercado_alimentacion",
          "categoria_detalle": "supermercado de proximidad",
          "nombre": "EROSKI/city Gordoniz",
          "nombre_descriptivo_actividad": "EROSKI/city Gordoniz — supermercado de proximidad",
          "direccion": "Biarritz Kalea 4, 48002 Bilbao",
          "lon": -2.94505,
          "lat": 43.25237,
          "distancia_geodesica_m": 274,
          "distancia_a_pie_m": 350,
          "tiempo_a_pie_min": 4.4,
          "tiempo_a_pie_min_redondeado": 5,
          "metodo_distancia_a_pie": "Estimación: distancia geodésica al centroide del local × 1,28; no es ruta real calculada sobre red viaria.",
          "metodo_tiempo_a_pie": "Distancia a pie estimada / 80 m/min, equivalente a 4,8 km/h.",
          "precision_coord": "estimada_por_direccion",
          "verificacion": "alta_actividad_media_coordenada",
          "fuente_principal": "Localizador oficial EROSKI",
          "source_url": "https://www.eroski.es/localizador-de-tiendas/supermercado/bizkaia/bilbao/eroskicity-gordoniz/",
          "notas": null,
          "centroide_local_lat": 43.2540395,
          "centroide_local_lon": -2.9475368,
          "radio_filtro_m": 1000,
          "fecha_consulta": "2026-06-20",
          "sistema_coordenadas": "WGS84 lon/lat (CRS84)",
          "telefono": "944143964",
          "web": "https://www.eroski.es/localizador-de-tiendas/supermercado/bizkaia/bilbao/eroskicity-gordoniz/",
          "cadena": "EROSKI/city",
          "orden_distancia": 3,
          "category_original_raw": "supermercado",
          "category_original": "Supermercado",
          "category_standard": "Comercio cotidiano"
        },
        "commercial_name": "EROSKI/city",
        "enrichment_status": "base;web",
        "enrichment_updated_at": "2026-06-26"
      },
      "geometry": {
        "type": "Point",
        "coordinates": [
          -2.94505,
          43.25237
        ]
      }
    },
    {
      "type": "Feature",
      "properties": {
        "name": "Lidl Rekalde - Moncada",
        "category": "Comercio cotidiano",
        "category_original": "Supermercado",
        "status": "activo",
        "confidence": "Media",
        "verification": "alta_actividad_media_coordenada",
        "source": "Lidl - ficha oficial de tienda / Cylex",
        "source_id": "SUP_004",
        "subcategory": "supermercado descuento",
        "activity_type": "supermercado_alimentacion",
        "distance_m": 375.0,
        "walking_distance_m": 454.0,
        "walking_time_min": 6.0,
        "walking_distance_method": "osm_pedestrian_network_dijkstra; snap_local=17.0m; snap_target=6.8m",
        "walking_time_method": "walking_distance_m / 80 m/min, redondeado a minutos",
        "address": "C/ Moncada, 3, 48002 Bilbao",
        "website": "https://www.lidl.es/s/es-ES/tiendas/bilbao/c-moncada-3/",
        "source_url": "https://www.lidl.es/s/es-ES/tiendas/bilbao/c-moncada-3/",
        "business_chain": "Lidl",
        "notes": "No confundir con Lidl Autonomía 1, que queda fuera del radio de 1 km del local.",
        "query_date": "2026-06-20",
        "distance_rank": 4,
        "coordinate_precision": "estimada_por_direccion",
        "raw_tags": {
          "id": "SUP_004",
          "categoria_actividad": "supermercado_alimentacion",
          "categoria_detalle": "supermercado descuento",
          "nombre": "Lidl Rekalde - Moncada",
          "nombre_descriptivo_actividad": "Lidl Rekalde - Moncada — supermercado descuento",
          "direccion": "C/ Moncada, 3, 48002 Bilbao",
          "lon": -2.94465,
          "lat": 43.2514,
          "distancia_geodesica_m": 375,
          "distancia_a_pie_m": 480,
          "tiempo_a_pie_min": 6,
          "tiempo_a_pie_min_redondeado": 6,
          "metodo_distancia_a_pie": "Estimación: distancia geodésica al centroide del local × 1,28; no es ruta real calculada sobre red viaria.",
          "metodo_tiempo_a_pie": "Distancia a pie estimada / 80 m/min, equivalente a 4,8 km/h.",
          "precision_coord": "estimada_por_direccion",
          "verificacion": "alta_actividad_media_coordenada",
          "fuente_principal": "Lidl - ficha oficial de tienda / Cylex",
          "source_url": "https://www.lidl.es/s/es-ES/tiendas/bilbao/c-moncada-3/",
          "notas": "No confundir con Lidl Autonomía 1, que queda fuera del radio de 1 km del local.",
          "centroide_local_lat": 43.2540395,
          "centroide_local_lon": -2.9475368,
          "radio_filtro_m": 1000,
          "fecha_consulta": "2026-06-20",
          "sistema_coordenadas": "WGS84 lon/lat (CRS84)",
          "web": "https://www.lidl.es/s/es-ES/tiendas/bilbao/c-moncada-3/",
          "cadena": "Lidl",
          "orden_distancia": 4,
          "category_original_raw": "supermercado",
          "category_original": "Supermercado",
          "category_standard": "Comercio cotidiano"
        },
        "commercial_name": "Lidl",
        "enrichment_status": "base;web_error:URLError",
        "enrichment_updated_at": "2026-06-26"
      },
      "geometry": {
        "type": "Point",
        "coordinates": [
          -2.94465,
          43.2514
        ]
      }
    },
    {
      "type": "Feature",
      "properties": {
        "name": "Dia Market Rekalde-Larraskitu",
        "category": "Comercio cotidiano",
        "category_original": "Supermercado",
        "status": "activo",
        "confidence": "Media",
        "verification": "media",
        "source": "Mapcarta/OpenStreetMap y directorios DIA",
        "source_id": "SUP_005",
        "subcategory": "supermercado descuento",
        "activity_type": "supermercado_alimentacion",
        "distance_m": 453.0,
        "walking_distance_m": 519.0,
        "walking_time_min": 6.0,
        "walking_distance_method": "osm_pedestrian_network_dijkstra; snap_local=17.0m; snap_target=11.9m",
        "walking_time_method": "walking_distance_m / 80 m/min, redondeado a minutos",
        "address": "Crta. Rekalde-Larraskitu, 4, 48002 Bilbao",
        "phone": "913985400",
        "website": "https://tutienda.dia.es/buscador-tiendas/vizcaya/bilbao",
        "source_url": "https://mapcarta.com/es/N6866296685",
        "business_chain": "Dia Market",
        "notes": "La presencia aparece en OSM/Mapcarta y directorios horarios; conviene verificar en localizador oficial DIA antes de usar comercialmente.",
        "query_date": "2026-06-20",
        "distance_rank": 6,
        "coordinate_precision": "osm_mapcarta",
        "raw_tags": {
          "id": "SUP_005",
          "categoria_actividad": "supermercado_alimentacion",
          "categoria_detalle": "supermercado descuento",
          "nombre": "Dia Market Rekalde-Larraskitu",
          "nombre_descriptivo_actividad": "Dia Market Rekalde-Larraskitu — supermercado descuento",
          "direccion": "Crta. Rekalde-Larraskitu, 4, 48002 Bilbao",
          "lon": -2.94342,
          "lat": 43.25128,
          "distancia_geodesica_m": 453,
          "distancia_a_pie_m": 580,
          "tiempo_a_pie_min": 7.2,
          "tiempo_a_pie_min_redondeado": 8,
          "metodo_distancia_a_pie": "Estimación: distancia geodésica al centroide del local × 1,28; no es ruta real calculada sobre red viaria.",
          "metodo_tiempo_a_pie": "Distancia a pie estimada / 80 m/min, equivalente a 4,8 km/h.",
          "precision_coord": "osm_mapcarta",
          "verificacion": "media",
          "fuente_principal": "Mapcarta/OpenStreetMap y directorios DIA",
          "source_url": "https://mapcarta.com/es/N6866296685",
          "notas": "La presencia aparece en OSM/Mapcarta y directorios horarios; conviene verificar en localizador oficial DIA antes de usar comercialmente.",
          "centroide_local_lat": 43.2540395,
          "centroide_local_lon": -2.9475368,
          "radio_filtro_m": 1000,
          "fecha_consulta": "2026-06-20",
          "sistema_coordenadas": "WGS84 lon/lat (CRS84)",
          "telefono": "913985400",
          "web": "https://tutienda.dia.es/buscador-tiendas/vizcaya/bilbao",
          "cadena": "Dia Market",
          "orden_distancia": 6,
          "category_original_raw": "supermercado",
          "category_original": "Supermercado",
          "category_standard": "Comercio cotidiano"
        },
        "commercial_name": "Dia Market",
        "enrichment_status": "base;osm:0.86;web",
        "enrichment_updated_at": "2026-06-26"
      },
      "geometry": {
        "type": "Point",
        "coordinates": [
          -2.94342,
          43.25128
        ]
      }
    },
    {
      "type": "Feature",
      "properties": {
        "name": "EROSKI/city Autonomía",
        "category": "Comercio cotidiano",
        "category_original": "Supermercado",
        "status": "activo",
        "confidence": "Media",
        "verification": "alta_actividad_media_coordenada",
        "source": "Localizador oficial EROSKI",
        "source_id": "SUP_009",
        "subcategory": "supermercado de proximidad",
        "activity_type": "supermercado_alimentacion",
        "distance_m": 452.0,
        "walking_distance_m": 591.0,
        "walking_time_min": 7.0,
        "walking_distance_method": "osm_pedestrian_network_dijkstra; snap_local=17.0m; snap_target=13.9m",
        "walking_time_method": "walking_distance_m / 80 m/min, redondeado a minutos",
        "address": "Autonomia Kalea 53, 48012 Bilbao",
        "phone": "944144491",
        "website": "https://www.eroski.es/localizador-de-tiendas/supermercado/bizkaia/bilbao/eroskicity-autonomia/",
        "source_url": "https://www.eroski.es/localizador-de-tiendas/supermercado/bizkaia/bilbao/eroskicity-autonomia/",
        "business_chain": "EROSKI/city",
        "notes": "La coordenada coincide con la dirección usada previamente para VivaGym Autonomía 53 en la capa de gimnasios.",
        "query_date": "2026-06-20",
        "distance_rank": 5,
        "coordinate_precision": "estimada_direccion_validada_en_capa_previa",
        "raw_tags": {
          "id": "SUP_009",
          "categoria_actividad": "supermercado_alimentacion",
          "categoria_detalle": "supermercado de proximidad",
          "nombre": "EROSKI/city Autonomía",
          "nombre_descriptivo_actividad": "EROSKI/city Autonomía — supermercado de proximidad",
          "direccion": "Autonomia Kalea 53, 48012 Bilbao",
          "lon": -2.94525,
          "lat": 43.25775,
          "distancia_geodesica_m": 452,
          "distancia_a_pie_m": 580,
          "tiempo_a_pie_min": 7.2,
          "tiempo_a_pie_min_redondeado": 8,
          "metodo_distancia_a_pie": "Estimación: distancia geodésica al centroide del local × 1,28; no es ruta real calculada sobre red viaria.",
          "metodo_tiempo_a_pie": "Distancia a pie estimada / 80 m/min, equivalente a 4,8 km/h.",
          "precision_coord": "estimada_direccion_validada_en_capa_previa",
          "verificacion": "alta_actividad_media_coordenada",
          "fuente_principal": "Localizador oficial EROSKI",
          "source_url": "https://www.eroski.es/localizador-de-tiendas/supermercado/bizkaia/bilbao/eroskicity-autonomia/",
          "notas": "La coordenada coincide con la dirección usada previamente para VivaGym Autonomía 53 en la capa de gimnasios.",
          "centroide_local_lat": 43.2540395,
          "centroide_local_lon": -2.9475368,
          "radio_filtro_m": 1000,
          "fecha_consulta": "2026-06-20",
          "sistema_coordenadas": "WGS84 lon/lat (CRS84)",
          "telefono": "944144491",
          "web": "https://www.eroski.es/localizador-de-tiendas/supermercado/bizkaia/bilbao/eroskicity-autonomia/",
          "cadena": "EROSKI/city",
          "orden_distancia": 5,
          "category_original_raw": "supermercado",
          "category_original": "Supermercado",
          "category_standard": "Comercio cotidiano"
        },
        "commercial_name": "Eroski",
        "enrichment_status": "base;osm:0.76;web",
        "enrichment_updated_at": "2026-06-26"
      },
      "geometry": {
        "type": "Point",
        "coordinates": [
          -2.94525,
          43.25775
        ]
      }
    },
    {
      "type": "Feature",
      "properties": {
        "name": "BM Complet Gordoniz 25",
        "category": "Comercio cotidiano",
        "category_original": "Supermercado",
        "status": "activo",
        "confidence": "Media",
        "verification": "alta_actividad_media_coordenada",
        "source": "BM Supermercados - ficha oficial BM Complet Gordoniz 25",
        "source_id": "SUP_008",
        "subcategory": "supermercado de proximidad",
        "activity_type": "supermercado_alimentacion",
        "distance_m": 604.0,
        "walking_distance_m": 770.0,
        "walking_time_min": 10.0,
        "walking_distance_method": "osm_pedestrian_network_dijkstra; snap_local=17.0m; snap_target=6.1m",
        "walking_time_method": "walking_distance_m / 80 m/min, redondeado a minutos",
        "address": "C/ Gordoniz, 25 - C/ Autonomía, 42, 48010 Bilbao",
        "phone": "944217312",
        "website": "https://www.bmsupermercados.es/tienda-14728.htm",
        "source_url": "https://www.bmsupermercados.es/tienda-14728.htm",
        "business_chain": "BM Supermercados",
        "query_date": "2026-06-20",
        "distance_rank": 7,
        "coordinate_precision": "estimada_por_direccion",
        "raw_tags": {
          "id": "SUP_008",
          "categoria_actividad": "supermercado_alimentacion",
          "categoria_detalle": "supermercado de proximidad",
          "nombre": "BM Complet Gordoniz 25",
          "nombre_descriptivo_actividad": "BM Complet Gordoniz 25 — supermercado de proximidad",
          "direccion": "C/ Gordoniz, 25 - C/ Autonomía, 42, 48010 Bilbao",
          "lon": -2.9437,
          "lat": 43.2587,
          "distancia_geodesica_m": 604,
          "distancia_a_pie_m": 775,
          "tiempo_a_pie_min": 9.7,
          "tiempo_a_pie_min_redondeado": 10,
          "metodo_distancia_a_pie": "Estimación: distancia geodésica al centroide del local × 1,28; no es ruta real calculada sobre red viaria.",
          "metodo_tiempo_a_pie": "Distancia a pie estimada / 80 m/min, equivalente a 4,8 km/h.",
          "precision_coord": "estimada_por_direccion",
          "verificacion": "alta_actividad_media_coordenada",
          "fuente_principal": "BM Supermercados - ficha oficial BM Complet Gordoniz 25",
          "source_url": "https://www.bmsupermercados.es/tienda-14728.htm",
          "notas": null,
          "centroide_local_lat": 43.2540395,
          "centroide_local_lon": -2.9475368,
          "radio_filtro_m": 1000,
          "fecha_consulta": "2026-06-20",
          "sistema_coordenadas": "WGS84 lon/lat (CRS84)",
          "telefono": "944217312",
          "web": "https://www.bmsupermercados.es/tienda-14728.htm",
          "cadena": "BM Supermercados",
          "orden_distancia": 7,
          "category_original_raw": "supermercado",
          "category_original": "Supermercado",
          "category_standard": "Comercio cotidiano"
        },
        "commercial_name": "BM Supermercados",
        "enrichment_status": "base;web",
        "enrichment_updated_at": "2026-06-26"
      },
      "geometry": {
        "type": "Point",
        "coordinates": [
          -2.9437,
          43.2587
        ]
      }
    },
    {
      "type": "Feature",
      "properties": {
        "name": "Mercadona Alameda de Urquijo 85",
        "category": "Comercio cotidiano",
        "category_original": "Supermercado",
        "status": "activo",
        "confidence": "Alta",
        "verification": "alta",
        "source": "Mapcarta/OpenStreetMap, Tiendeo y Mercadona noticias",
        "source_id": "SUP_006",
        "subcategory": "supermercado",
        "activity_type": "supermercado_alimentacion",
        "distance_m": 625.0,
        "walking_distance_m": 843.0,
        "walking_time_min": 11.0,
        "walking_distance_method": "osm_pedestrian_network_dijkstra; snap_local=17.0m; snap_target=24.1m",
        "walking_time_method": "walking_distance_m / 80 m/min, redondeado a minutos",
        "address": "Alameda de Urquijo, 85, 48013 Bilbao",
        "website": "https://www.tiendeo.com/Tiendas/bilbao/alameda-de-urquijo/196128",
        "source_url": "https://mapcarta.com/es/N9720516317",
        "business_chain": "Mercadona",
        "notes": "Coordenada tomada de Mapcarta/OSM; dirección contrastada con Tiendeo y comunicación de apertura de Mercadona.",
        "query_date": "2026-06-20",
        "distance_rank": 8,
        "coordinate_precision": "osm_mapcarta",
        "raw_tags": {
          "id": "SUP_006",
          "categoria_actividad": "supermercado_alimentacion",
          "categoria_detalle": "supermercado",
          "nombre": "Mercadona Alameda de Urquijo 85",
          "nombre_descriptivo_actividad": "Mercadona Alameda de Urquijo 85 — supermercado",
          "direccion": "Alameda de Urquijo, 85, 48013 Bilbao",
          "lon": -2.94444,
          "lat": 43.24889,
          "distancia_geodesica_m": 625,
          "distancia_a_pie_m": 800,
          "tiempo_a_pie_min": 10,
          "tiempo_a_pie_min_redondeado": 10,
          "metodo_distancia_a_pie": "Estimación: distancia geodésica al centroide del local × 1,28; no es ruta real calculada sobre red viaria.",
          "metodo_tiempo_a_pie": "Distancia a pie estimada / 80 m/min, equivalente a 4,8 km/h.",
          "precision_coord": "osm_mapcarta",
          "verificacion": "alta",
          "fuente_principal": "Mapcarta/OpenStreetMap, Tiendeo y Mercadona noticias",
          "source_url": "https://mapcarta.com/es/N9720516317",
          "notas": "Coordenada tomada de Mapcarta/OSM; dirección contrastada con Tiendeo y comunicación de apertura de Mercadona.",
          "centroide_local_lat": 43.2540395,
          "centroide_local_lon": -2.9475368,
          "radio_filtro_m": 1000,
          "fecha_consulta": "2026-06-20",
          "sistema_coordenadas": "WGS84 lon/lat (CRS84)",
          "web": "https://www.tiendeo.com/Tiendas/bilbao/alameda-de-urquijo/196128",
          "cadena": "Mercadona",
          "orden_distancia": 8,
          "category_original_raw": "supermercado",
          "category_original": "Supermercado",
          "category_standard": "Comercio cotidiano"
        },
        "commercial_name": "Mercadona",
        "enrichment_status": "base;osm:0.86;web",
        "enrichment_updated_at": "2026-06-26"
      },
      "geometry": {
        "type": "Point",
        "coordinates": [
          -2.94444,
          43.24889
        ]
      }
    },
    {
      "type": "Feature",
      "properties": {
        "name": "EROSKI/city Mª Díaz de Haro",
        "category": "Comercio cotidiano",
        "category_original": "Supermercado",
        "status": "activo",
        "confidence": "Media",
        "verification": "alta_actividad_media_coordenada",
        "source": "Localizador oficial EROSKI",
        "source_id": "SUP_010",
        "subcategory": "supermercado de proximidad",
        "activity_type": "supermercado_alimentacion",
        "distance_m": 735.0,
        "walking_distance_m": 858.0,
        "walking_time_min": 11.0,
        "walking_distance_method": "osm_pedestrian_network_dijkstra; snap_local=17.0m; snap_target=14.3m",
        "walking_time_method": "walking_distance_m / 80 m/min, redondeado a minutos",
        "address": "Calle María Díaz de Haro 40, 48010 Bilbao",
        "phone": "944270996",
        "website": "https://www.eroski.es/localizador-de-tiendas/supermercado/bizkaia/bilbao/eroskicity-ma-diaz-de-haro/",
        "source_url": "https://www.eroski.es/localizador-de-tiendas/supermercado/bizkaia/bilbao/eroskicity-ma-diaz-de-haro/",
        "business_chain": "EROSKI/city",
        "query_date": "2026-06-20",
        "distance_rank": 9,
        "coordinate_precision": "estimada_direccion_validada_en_capa_previa",
        "raw_tags": {
          "id": "SUP_010",
          "categoria_actividad": "supermercado_alimentacion",
          "categoria_detalle": "supermercado de proximidad",
          "nombre": "EROSKI/city Mª Díaz de Haro",
          "nombre_descriptivo_actividad": "EROSKI/city Mª Díaz de Haro — supermercado de proximidad",
          "direccion": "Calle María Díaz de Haro 40, 48010 Bilbao",
          "lon": -2.9449802,
          "lat": 43.2603838,
          "distancia_geodesica_m": 735,
          "distancia_a_pie_m": 940,
          "tiempo_a_pie_min": 11.8,
          "tiempo_a_pie_min_redondeado": 12,
          "metodo_distancia_a_pie": "Estimación: distancia geodésica al centroide del local × 1,28; no es ruta real calculada sobre red viaria.",
          "metodo_tiempo_a_pie": "Distancia a pie estimada / 80 m/min, equivalente a 4,8 km/h.",
          "precision_coord": "estimada_direccion_validada_en_capa_previa",
          "verificacion": "alta_actividad_media_coordenada",
          "fuente_principal": "Localizador oficial EROSKI",
          "source_url": "https://www.eroski.es/localizador-de-tiendas/supermercado/bizkaia/bilbao/eroskicity-ma-diaz-de-haro/",
          "notas": null,
          "centroide_local_lat": 43.2540395,
          "centroide_local_lon": -2.9475368,
          "radio_filtro_m": 1000,
          "fecha_consulta": "2026-06-20",
          "sistema_coordenadas": "WGS84 lon/lat (CRS84)",
          "telefono": "944270996",
          "web": "https://www.eroski.es/localizador-de-tiendas/supermercado/bizkaia/bilbao/eroskicity-ma-diaz-de-haro/",
          "cadena": "EROSKI/city",
          "orden_distancia": 9,
          "category_original_raw": "supermercado",
          "category_original": "Supermercado",
          "category_standard": "Comercio cotidiano"
        },
        "commercial_name": "Eroski",
        "enrichment_status": "base;osm:0.83;web",
        "enrichment_updated_at": "2026-06-26"
      },
      "geometry": {
        "type": "Point",
        "coordinates": [
          -2.9449802,
          43.2603838
        ]
      }
    },
    {
      "type": "Feature",
      "properties": {
        "name": "BM Urban Garellano 16",
        "category": "Comercio cotidiano",
        "category_original": "Supermercado",
        "status": "activo",
        "confidence": "Media",
        "verification": "alta_actividad_media_coordenada",
        "source": "BM Supermercados - ficha oficial BM Urban Garellano 16",
        "source_id": "SUP_012",
        "subcategory": "supermercado urbano",
        "activity_type": "supermercado_alimentacion",
        "distance_m": 735.0,
        "walking_distance_m": 902.0,
        "walking_time_min": 11.0,
        "walking_distance_method": "osm_pedestrian_network_dijkstra; snap_local=17.0m; snap_target=10.9m",
        "walking_time_method": "walking_distance_m / 80 m/min, redondeado a minutos",
        "address": "Plaza Garellano, 16, 48013 Bilbao",
        "phone": "946620718",
        "website": "https://www.bmsupermercados.es/tienda-14742.htm",
        "source_url": "https://www.bmsupermercados.es/tienda-14742.htm",
        "business_chain": "BM Supermercados",
        "query_date": "2026-06-20",
        "distance_rank": 10,
        "coordinate_precision": "estimada_por_direccion",
        "raw_tags": {
          "id": "SUP_012",
          "categoria_actividad": "supermercado_alimentacion",
          "categoria_detalle": "supermercado urbano",
          "nombre": "BM Urban Garellano 16",
          "nombre_descriptivo_actividad": "BM Urban Garellano 16 — supermercado urbano",
          "direccion": "Plaza Garellano, 16, 48013 Bilbao",
          "lon": -2.9491,
          "lat": 43.26055,
          "distancia_geodesica_m": 735,
          "distancia_a_pie_m": 940,
          "tiempo_a_pie_min": 11.8,
          "tiempo_a_pie_min_redondeado": 12,
          "metodo_distancia_a_pie": "Estimación: distancia geodésica al centroide del local × 1,28; no es ruta real calculada sobre red viaria.",
          "metodo_tiempo_a_pie": "Distancia a pie estimada / 80 m/min, equivalente a 4,8 km/h.",
          "precision_coord": "estimada_por_direccion",
          "verificacion": "alta_actividad_media_coordenada",
          "fuente_principal": "BM Supermercados - ficha oficial BM Urban Garellano 16",
          "source_url": "https://www.bmsupermercados.es/tienda-14742.htm",
          "notas": null,
          "centroide_local_lat": 43.2540395,
          "centroide_local_lon": -2.9475368,
          "radio_filtro_m": 1000,
          "fecha_consulta": "2026-06-20",
          "sistema_coordenadas": "WGS84 lon/lat (CRS84)",
          "telefono": "946620718",
          "web": "https://www.bmsupermercados.es/tienda-14742.htm",
          "cadena": "BM Supermercados",
          "orden_distancia": 10,
          "category_original_raw": "supermercado",
          "category_original": "Supermercado",
          "category_standard": "Comercio cotidiano"
        },
        "commercial_name": "BM Supermercados",
        "enrichment_status": "base;web",
        "enrichment_updated_at": "2026-06-26"
      },
      "geometry": {
        "type": "Point",
        "coordinates": [
          -2.9491,
          43.26055
        ]
      }
    },
    {
      "type": "Feature",
      "properties": {
        "name": "EROSKI/city Amezola",
        "category": "Comercio cotidiano",
        "category_original": "Supermercado",
        "status": "activo",
        "confidence": "Media",
        "verification": "media",
        "source": "Localizador EROSKI / Tiendeo",
        "source_id": "SUP_007",
        "subcategory": "supermercado de proximidad",
        "activity_type": "supermercado_alimentacion",
        "distance_m": 792.0,
        "walking_distance_m": 966.0,
        "walking_time_min": 12.0,
        "walking_distance_method": "osm_pedestrian_network_dijkstra; snap_local=17.0m; snap_target=48.1m",
        "walking_time_method": "walking_distance_m / 80 m/min, redondeado a minutos",
        "address": "Autonomia Kalea 17, 48012 Bilbao",
        "phone": "944145123",
        "website": "https://www.eroski.es/tiendas/buscador-de-tiendas/bizkaia/bilbao/",
        "source_url": "https://www.tiendeo.com/Tiendas/bilbao/eroski-autonomia-kalea/135434",
        "business_chain": "EROSKI/city",
        "query_date": "2026-06-20",
        "distance_rank": 11,
        "coordinate_precision": "estimada_por_direccion",
        "raw_tags": {
          "id": "SUP_007",
          "categoria_actividad": "supermercado_alimentacion",
          "categoria_detalle": "supermercado de proximidad",
          "nombre": "EROSKI/city Amezola",
          "nombre_descriptivo_actividad": "EROSKI/city Amezola — supermercado de proximidad",
          "direccion": "Autonomia Kalea 17, 48012 Bilbao",
          "lon": -2.9408,
          "lat": 43.2592,
          "distancia_geodesica_m": 792,
          "distancia_a_pie_m": 1015,
          "tiempo_a_pie_min": 12.7,
          "tiempo_a_pie_min_redondeado": 13,
          "metodo_distancia_a_pie": "Estimación: distancia geodésica al centroide del local × 1,28; no es ruta real calculada sobre red viaria.",
          "metodo_tiempo_a_pie": "Distancia a pie estimada / 80 m/min, equivalente a 4,8 km/h.",
          "precision_coord": "estimada_por_direccion",
          "verificacion": "media",
          "fuente_principal": "Localizador EROSKI / Tiendeo",
          "source_url": "https://www.tiendeo.com/Tiendas/bilbao/eroski-autonomia-kalea/135434",
          "notas": null,
          "centroide_local_lat": 43.2540395,
          "centroide_local_lon": -2.9475368,
          "radio_filtro_m": 1000,
          "fecha_consulta": "2026-06-20",
          "sistema_coordenadas": "WGS84 lon/lat (CRS84)",
          "telefono": "944145123",
          "web": "https://www.eroski.es/tiendas/buscador-de-tiendas/bizkaia/bilbao/",
          "cadena": "EROSKI/city",
          "orden_distancia": 11,
          "category_original_raw": "supermercado",
          "category_original": "Supermercado",
          "category_standard": "Comercio cotidiano"
        },
        "commercial_name": "EROSKI/city",
        "enrichment_status": "base;web",
        "enrichment_updated_at": "2026-06-26"
      },
      "geometry": {
        "type": "Point",
        "coordinates": [
          -2.9408,
          43.2592
        ]
      }
    },
    {
      "type": "Feature",
      "properties": {
        "name": "EROSKI/city Ldo. Poza",
        "category": "Comercio cotidiano",
        "category_original": "Supermercado",
        "status": "activo",
        "confidence": "Media",
        "verification": "alta_actividad_media_coordenada",
        "source": "Localizador oficial EROSKI",
        "source_id": "SUP_011",
        "subcategory": "supermercado de proximidad",
        "activity_type": "supermercado_alimentacion",
        "distance_m": 878.0,
        "walking_distance_m": 1051.0,
        "walking_time_min": 13.0,
        "walking_distance_method": "osm_pedestrian_network_dijkstra; snap_local=17.0m; snap_target=30.6m",
        "walking_time_method": "walking_distance_m / 80 m/min, redondeado a minutos",
        "address": "Poza Lizentziatuaren Kalea 51, 48009 Bilbao",
        "phone": "944414239",
        "website": "https://www.eroski.es/localizador-de-tiendas/supermercado/bizkaia/bilbao/eroskicity-ldo-poza/",
        "source_url": "https://www.eroski.es/localizador-de-tiendas/supermercado/bizkaia/bilbao/eroskicity-ldo-poza/",
        "business_chain": "EROSKI/city",
        "query_date": "2026-06-20",
        "distance_rank": 12,
        "coordinate_precision": "estimada_por_direccion",
        "raw_tags": {
          "id": "SUP_011",
          "categoria_actividad": "supermercado_alimentacion",
          "categoria_detalle": "supermercado de proximidad",
          "nombre": "EROSKI/city Ldo. Poza",
          "nombre_descriptivo_actividad": "EROSKI/city Ldo. Poza — supermercado de proximidad",
          "direccion": "Poza Lizentziatuaren Kalea 51, 48009 Bilbao",
          "lon": -2.944,
          "lat": 43.2615,
          "distancia_geodesica_m": 878,
          "distancia_a_pie_m": 1125,
          "tiempo_a_pie_min": 14.1,
          "tiempo_a_pie_min_redondeado": 15,
          "metodo_distancia_a_pie": "Estimación: distancia geodésica al centroide del local × 1,28; no es ruta real calculada sobre red viaria.",
          "metodo_tiempo_a_pie": "Distancia a pie estimada / 80 m/min, equivalente a 4,8 km/h.",
          "precision_coord": "estimada_por_direccion",
          "verificacion": "alta_actividad_media_coordenada",
          "fuente_principal": "Localizador oficial EROSKI",
          "source_url": "https://www.eroski.es/localizador-de-tiendas/supermercado/bizkaia/bilbao/eroskicity-ldo-poza/",
          "notas": null,
          "centroide_local_lat": 43.2540395,
          "centroide_local_lon": -2.9475368,
          "radio_filtro_m": 1000,
          "fecha_consulta": "2026-06-20",
          "sistema_coordenadas": "WGS84 lon/lat (CRS84)",
          "telefono": "944414239",
          "web": "https://www.eroski.es/localizador-de-tiendas/supermercado/bizkaia/bilbao/eroskicity-ldo-poza/",
          "cadena": "EROSKI/city",
          "orden_distancia": 12,
          "category_original_raw": "supermercado",
          "category_original": "Supermercado",
          "category_standard": "Comercio cotidiano"
        },
        "commercial_name": "EROSKI/city",
        "enrichment_status": "base;web_error:TimeoutError",
        "enrichment_updated_at": "2026-06-26"
      },
      "geometry": {
        "type": "Point",
        "coordinates": [
          -2.944,
          43.2615
        ]
      }
    },
    {
      "type": "Feature",
      "properties": {
        "name": "Koberec",
        "category": "Comercio especializado",
        "category_original": "Cortinas",
        "status": "activo",
        "confidence": "Alta",
        "source": "OpenStreetMap / Overpass",
        "source_id": "5709326282",
        "walking_distance_m": 919.0,
        "walking_time_min": 11.0,
        "walking_distance_method": "osm_pedestrian_network_dijkstra; snap_local=17.0m; snap_target=9.9m",
        "walking_time_method": "walking_distance_m / 80 m/min, redondeado a minutos",
        "raw_tags": {
          "name": "Koberec",
          "shop": "curtain",
          "category_original": "Cortinas",
          "category_standard": "Comercio especializado",
          "category_original_raw": "curtain"
        },
        "commercial_name": "Koberec",
        "enrichment_status": "base;osm:0.86",
        "enrichment_updated_at": "2026-06-26"
      },
      "geometry": {
        "type": "Point",
        "coordinates": [
          -2.9384982,
          43.2530363
        ]
      }
    },
    {
      "type": "Feature",
      "properties": {
        "name": "Gopegui",
        "category": "Comercio especializado",
        "category_original": "Cocinas",
        "status": "activo",
        "confidence": "Alta",
        "source": "OpenStreetMap / Overpass",
        "source_id": "5702888918",
        "walking_distance_m": 922.0,
        "walking_time_min": 12.0,
        "walking_distance_method": "osm_pedestrian_network_dijkstra; snap_local=17.0m; snap_target=15.2m",
        "walking_time_method": "walking_distance_m / 80 m/min, redondeado a minutos",
        "raw_tags": {
          "name": "Gopegui",
          "shop": "kitchen",
          "category_original": "Cocinas",
          "category_standard": "Comercio especializado",
          "category_original_raw": "kitchen"
        },
        "commercial_name": "Gopegui",
        "enrichment_status": "base;osm:0.86",
        "enrichment_updated_at": "2026-06-26"
      },
      "geometry": {
        "type": "Point",
        "coordinates": [
          -2.9383524,
          43.2533488
        ]
      }
    },
    {
      "type": "Feature",
      "properties": {
        "name": "Suministros Ariño",
        "category": "Comercio especializado",
        "category_original": "Cocinas",
        "status": "activo",
        "confidence": "Alta",
        "source": "OpenStreetMap / Overpass",
        "source_id": "5702888917",
        "walking_distance_m": 946.0,
        "walking_time_min": 12.0,
        "walking_distance_method": "osm_pedestrian_network_dijkstra; snap_local=17.0m; snap_target=24.9m",
        "walking_time_method": "walking_distance_m / 80 m/min, redondeado a minutos",
        "raw_tags": {
          "name": "Suministros Ariño",
          "shop": "kitchen",
          "category_original": "Cocinas",
          "category_standard": "Comercio especializado",
          "category_original_raw": "kitchen"
        },
        "commercial_name": "Suministros Ariño",
        "enrichment_status": "base;osm:0.86",
        "enrichment_updated_at": "2026-06-26"
      },
      "geometry": {
        "type": "Point",
        "coordinates": [
          -2.9382728,
          43.2529018
        ]
      }
    },
    {
      "type": "Feature",
      "properties": {
        "name": "Aiki no Ken Bilbao",
        "category": "Deporte y actividad física",
        "category_original": "Gimnasio",
        "status": "activo",
        "confidence": "Media",
        "verification": "media_alta_fuente_especifica_artes_marciales",
        "source": "centros_artes_marciales_rekalde.geojson + fuentes web/directorios",
        "source_id": "artes-marciales-aiki-no-ken-bilbao",
        "subcategory": "aikido / defensa personal",
        "activity_type": "gimnasio_centro_deportivo",
        "distance_m": 164.0,
        "walking_distance_m": 205.0,
        "walking_time_min": 3.0,
        "walking_distance_method": "estimacion especifica aportada en centros_artes_marciales_rekalde.geojson",
        "walking_time_method": "minutos estimados aportados en centros_artes_marciales_rekalde.geojson",
        "address": "Club Deportivo Rekalde, Errekalde-Larraskitu Errepidea 6 / entorno Gordóniz 48, 48002 Bilbao",
        "phone": "685 722 120",
        "website": "https://www.aikinoken.com/",
        "source_url": "https://www.aikinoken.com/",
        "notes": "Se incluye como emplazamiento/actividad diferenciada por disciplina, aunque puede compartir instalación con Club Deportivo Rekalde.",
        "coordinate_precision": "aproximada: fuentes citan Club Deportivo Rekalde; dirección exacta aparece como Errekalde-Larraskitu 6 y también asociada a Gordóniz 48 en listados deportivos",
        "raw_tags": {
          "nombre": "Aiki no Ken Bilbao",
          "categoria": "club de artes marciales",
          "subcategoria": "aikido / defensa personal",
          "disciplinas_identificadas": [
            "aikido",
            "defensa personal"
          ],
          "direccion": "Club Deportivo Rekalde, Errekalde-Larraskitu Errepidea 6 / entorno Gordóniz 48, 48002 Bilbao",
          "barrio_zona": "Rekalde",
          "telefono": "685 722 120",
          "email": null,
          "web": "https://www.aikinoken.com/",
          "fuentes": [
            "https://www.aikinoken.com/",
            "https://www.facebook.com/AIKINOKEN/",
            "https://www.bizkaia.eus/es/kirolak/clubes-y-asociaciones"
          ],
          "coordenadas_precision": "aproximada: fuentes citan Club Deportivo Rekalde; dirección exacta aparece como Errekalde-Larraskitu 6 y también asociada a Gordóniz 48 en listados deportivos",
          "distancia_lineal_m": 164,
          "distancia_a_pie_m_estimada": 205,
          "distancia_a_pie_min_estimada": 3,
          "origen_distancias": {
            "lon": -2.947546,
            "lat": 43.254049,
            "source": "centroide aproximado del polígono del KMZ local.kmz"
          },
          "notas": "Se incluye como emplazamiento/actividad diferenciada por disciplina, aunque puede compartir instalación con Club Deportivo Rekalde.",
          "source_dataset": "centros_artes_marciales_rekalde.geojson",
          "category_standard": "Deporte y actividad física",
          "category_original": "Gimnasio"
        },
        "commercial_name": "Aiki no Ken Bilbao",
        "enrichment_status": "base;web",
        "enrichment_updated_at": "2026-06-26"
      },
      "geometry": {
        "type": "Point",
        "coordinates": [
          -2.945902,
          43.253188
        ]
      }
    },
    {
      "type": "Feature",
      "properties": {
        "name": "Onmyfitness",
        "category": "Deporte y actividad física",
        "category_original": "Gimnasio",
        "status": "activo",
        "confidence": "Media",
        "verification": "media",
        "source": "Directorio academias y gimnasios 1000 m Rekalde con minutos a pie",
        "source_id": "gimnasio-onmyfitness",
        "subcategory": "Gimnasio y entrenamiento personal",
        "activity_type": "gimnasio_centro_deportivo",
        "distance_m": 96.1,
        "walking_distance_m": 215.0,
        "walking_time_min": 3.0,
        "walking_distance_method": "osm_pedestrian_network_dijkstra; snap_local=17.0m; snap_target=26.4m",
        "walking_time_method": "walking_distance_m / 80 m/min, redondeado a minutos",
        "address": "Calle Elexabarri 3, 48002 Bilbao",
        "coordinate_precision": "estimada_direccion",
        "raw_tags": {
          "categoria_actividad": "gimnasio_centro_deportivo",
          "categoria_detalle": "gimnasio / entrenamiento personal",
          "nombre": "Onmyfitness",
          "nombre_descriptivo_actividad": "Centro deportivo: gimnasio / entrenamiento personal (fitness, entrenamiento personal) — Onmyfitness",
          "direccion": "Calle Elexabarri 3, 48002 Bilbao",
          "lon": -2.9466,
          "lat": 43.25457,
          "distancia_a_pie_m": 125,
          "distancia_geodesica_m": 96.1,
          "metodo_distancia_a_pie": "estimacion_red_urbana = distancia_geodesica_m * 1.28, redondeada a 5 m; no es ruta calculada por API de navegación",
          "precision_coord": "estimada_direccion",
          "verificacion": "media",
          "tiempo_a_pie_min": 1.6,
          "tiempo_a_pie_min_redondeado": 2,
          "metodo_tiempo_a_pie": "Tiempo a pie estimado a partir de distancia_a_pie_m, usando velocidad peatonal de 4.8 km/h (80 m/min).",
          "category_original": "Gimnasio",
          "category_standard": "Deporte y actividad física",
          "category_original_raw": "gimnasio"
        },
        "commercial_name": "Onmyfitness",
        "enrichment_status": "base",
        "enrichment_updated_at": "2026-06-26"
      },
      "geometry": {
        "type": "Point",
        "coordinates": [
          -2.9466,
          43.25457
        ]
      }
    },
    {
      "type": "Feature",
      "properties": {
        "name": "Sport Club Rekalde",
        "category": "Deporte y actividad física",
        "category_original": "Gimnasio",
        "status": "activo",
        "confidence": "Media",
        "verification": "media",
        "source": "Directorio academias y gimnasios 1000 m Rekalde con minutos a pie",
        "source_id": "gimnasio-sport-club-rekalde",
        "subcategory": "Artes marciales y gimnasio",
        "activity_type": "gimnasio_centro_deportivo",
        "distance_m": 179.4,
        "walking_distance_m": 226.0,
        "walking_time_min": 3.0,
        "walking_distance_method": "osm_pedestrian_network_dijkstra; snap_local=17.0m; snap_target=13.3m",
        "walking_time_method": "walking_distance_m / 80 m/min, redondeado a minutos",
        "address": "Calle Gordóniz 48, 1º, 48002 Bilbao",
        "phone": "644 700 850",
        "source_url": "https://www.euskadi.eus/gobierno-vasco/-/entidad/club-deportivo-rekalde-karate-bilbao/",
        "notes": "El Registro de Entidades Deportivas del Gobierno Vasco y Karate Bizkaia sitúan el club en Gordóniz 48; otra fuente sectorial lista Club Deportivo Rekalde en Errekalde-Larraskitu 6.",
        "coordinate_precision": "estimada_direccion",
        "raw_tags": {
          "categoria_actividad": "gimnasio_centro_deportivo",
          "categoria_detalle": "artes marciales / gimnasio",
          "nombre": "Sport Club Rekalde",
          "nombre_descriptivo_actividad": "Centro deportivo: artes marciales / gimnasio (artes marciales, entrenamiento) — Sport Club Rekalde",
          "direccion": "Calle Gordóniz 48, 1º, 48002 Bilbao",
          "lon": -2.94535,
          "lat": 43.25378,
          "distancia_a_pie_m": 230,
          "distancia_geodesica_m": 179.4,
          "metodo_distancia_a_pie": "estimacion_red_urbana = distancia_geodesica_m * 1.28, redondeada a 5 m; no es ruta calculada por API de navegación",
          "precision_coord": "estimada_direccion",
          "verificacion": "media",
          "tiempo_a_pie_min": 2.9,
          "tiempo_a_pie_min_redondeado": 3,
          "metodo_tiempo_a_pie": "Tiempo a pie estimado a partir de distancia_a_pie_m, usando velocidad peatonal de 4.8 km/h (80 m/min).",
          "category_original": "Gimnasio",
          "category_standard": "Deporte y actividad física",
          "category_original_raw": "gimnasio",
          "martial_arts_enrichment": {
            "nombre": "Club Deportivo Rekalde / Sport Club Rekalde Karate Bilbao",
            "categoria": "centro deportivo de artes marciales",
            "subcategoria": "karate / club de barrio",
            "disciplinas_identificadas": [
              "karate"
            ],
            "direccion": "Gordóniz Kalea 48, 48002 Bilbao",
            "barrio_zona": "Rekalde",
            "telefono": "644 700 850",
            "email": null,
            "web": null,
            "fuentes": [
              "https://www.euskadi.eus/gobierno-vasco/-/entidad/club-deportivo-rekalde-karate-bilbao/",
              "https://karatebizkaia.com/clubs/",
              "https://www.paginasamarillas.es/f/bilbao/sport-club-rekalde_234454916_000000001.html"
            ],
            "coordenadas_precision": "alta: coordenada publicada por Gobierno Vasco para la entidad; verificar si la actividad usa también Errekalde-Larraskitu 6",
            "distancia_lineal_m": 156,
            "distancia_a_pie_m_estimada": 195,
            "distancia_a_pie_min_estimada": 2,
            "origen_distancias": {
              "lon": -2.947546,
              "lat": 43.254049,
              "source": "centroide aproximado del polígono del KMZ local.kmz"
            },
            "notas": "El Registro de Entidades Deportivas del Gobierno Vasco y Karate Bizkaia sitúan el club en Gordóniz 48; otra fuente sectorial lista Club Deportivo Rekalde en Errekalde-Larraskitu 6."
          },
          "martial_arts_source_dataset": "centros_artes_marciales_rekalde.geojson"
        },
        "commercial_name": "Sport Club Rekalde",
        "enrichment_status": "base",
        "enrichment_updated_at": "2026-06-26"
      },
      "geometry": {
        "type": "Point",
        "coordinates": [
          -2.94535,
          43.25378
        ]
      }
    },
    {
      "type": "Feature",
      "properties": {
        "name": "EnerGym Bilbao",
        "category": "Deporte y actividad física",
        "category_original": "Gimnasio",
        "status": "activo",
        "confidence": "Media",
        "verification": "media-alta",
        "source": "Directorio academias y gimnasios 1000 m Rekalde con minutos a pie",
        "source_id": "gimnasio-energym-bilbao",
        "subcategory": "Gimnasio y fitness",
        "activity_type": "gimnasio_centro_deportivo",
        "distance_m": 104.4,
        "walking_distance_m": 230.0,
        "walking_time_min": 3.0,
        "walking_distance_method": "osm_pedestrian_network_dijkstra; snap_local=17.0m; snap_target=20.2m",
        "walking_time_method": "walking_distance_m / 80 m/min, redondeado a minutos",
        "address": "Calle Jaén 1, 1ª planta, 48012 Bilbao",
        "coordinate_precision": "estimada_direccion",
        "raw_tags": {
          "categoria_actividad": "gimnasio_centro_deportivo",
          "categoria_detalle": "gimnasio / fitness",
          "nombre": "EnerGym Bilbao",
          "nombre_descriptivo_actividad": "Centro deportivo: gimnasio / fitness (boxeo, funcional, HIIT, cross training, glutesquad) — EnerGym Bilbao",
          "direccion": "Calle Jaén 1, 1ª planta, 48012 Bilbao",
          "lon": -2.94785,
          "lat": 43.25495,
          "distancia_a_pie_m": 135,
          "distancia_geodesica_m": 104.4,
          "metodo_distancia_a_pie": "estimacion_red_urbana = distancia_geodesica_m * 1.28, redondeada a 5 m; no es ruta calculada por API de navegación",
          "precision_coord": "estimada_direccion",
          "verificacion": "media-alta",
          "tiempo_a_pie_min": 1.7,
          "tiempo_a_pie_min_redondeado": 2,
          "metodo_tiempo_a_pie": "Tiempo a pie estimado a partir de distancia_a_pie_m, usando velocidad peatonal de 4.8 km/h (80 m/min).",
          "category_original": "Gimnasio",
          "category_standard": "Deporte y actividad física",
          "category_original_raw": "gimnasio"
        },
        "commercial_name": "EnerGym Bilbao",
        "enrichment_status": "base",
        "enrichment_updated_at": "2026-06-26"
      },
      "geometry": {
        "type": "Point",
        "coordinates": [
          -2.94785,
          43.25495
        ]
      }
    },
    {
      "type": "Feature",
      "properties": {
        "name": "Adhara Yoga Bilbao - HAZIA Rekalde",
        "category": "Deporte y actividad física",
        "category_original": "Gimnasio",
        "status": "activo",
        "confidence": "Alta",
        "verification": "alta",
        "source": "Directorio academias y gimnasios 1000 m Rekalde con minutos a pie",
        "source_id": "gimnasio-adhara-yoga-bilbao-hazia-rekalde",
        "subcategory": "Yoga y actividad física suave",
        "activity_type": "gimnasio_centro_deportivo",
        "distance_m": 166.0,
        "walking_distance_m": 271.0,
        "walking_time_min": 3.0,
        "walking_distance_method": "osm_pedestrian_network_dijkstra; snap_local=17.0m; snap_target=18.7m",
        "walking_time_method": "walking_distance_m / 80 m/min, redondeado a minutos",
        "address": "Calle Gordóniz 44, 8º, dpto. 7, 48002 Bilbao",
        "coordinate_precision": "reutilizada_geocodificacion_previa",
        "raw_tags": {
          "categoria_actividad": "gimnasio_centro_deportivo",
          "categoria_detalle": "yoga / actividad física suave",
          "nombre": "Adhara Yoga Bilbao - HAZIA Rekalde",
          "nombre_descriptivo_actividad": "Centro deportivo: yoga / actividad física suave (yoga, chi kung) — Adhara Yoga Bilbao - HAZIA Rekalde",
          "direccion": "Calle Gordóniz 44, 8º, dpto. 7, 48002 Bilbao",
          "lon": -2.9454973,
          "lat": 43.2538877,
          "distancia_a_pie_m": 215,
          "distancia_geodesica_m": 166,
          "metodo_distancia_a_pie": "estimacion_red_urbana = distancia_geodesica_m * 1.28, redondeada a 5 m; no es ruta calculada por API de navegación",
          "precision_coord": "reutilizada_geocodificacion_previa",
          "verificacion": "alta",
          "tiempo_a_pie_min": 2.7,
          "tiempo_a_pie_min_redondeado": 3,
          "metodo_tiempo_a_pie": "Tiempo a pie estimado a partir de distancia_a_pie_m, usando velocidad peatonal de 4.8 km/h (80 m/min).",
          "category_original": "Gimnasio",
          "category_standard": "Deporte y actividad física",
          "category_original_raw": "gimnasio"
        },
        "commercial_name": "Adhara Yoga Bilbao - HAZIA Rekalde",
        "enrichment_status": "base",
        "enrichment_updated_at": "2026-06-26"
      },
      "geometry": {
        "type": "Point",
        "coordinates": [
          -2.9454973,
          43.2538877
        ]
      }
    },
    {
      "type": "Feature",
      "properties": {
        "name": "Estudio Uno - Asociación Danza y Pilates",
        "category": "Deporte y actividad física",
        "category_original": "Gimnasio",
        "status": "activo",
        "confidence": "Alta",
        "verification": "alta",
        "source": "Directorio academias y gimnasios 1000 m Rekalde con minutos a pie",
        "source_id": "gimnasio-estudio-uno-asociación-danza-y-pilates",
        "subcategory": "Pilates y danza",
        "activity_type": "gimnasio_centro_deportivo",
        "distance_m": 166.0,
        "walking_distance_m": 271.0,
        "walking_time_min": 3.0,
        "walking_distance_method": "osm_pedestrian_network_dijkstra; snap_local=17.0m; snap_target=18.7m",
        "walking_time_method": "walking_distance_m / 80 m/min, redondeado a minutos",
        "address": "Calle Gordóniz 44, 48002 Bilbao",
        "coordinate_precision": "exacta_registro",
        "raw_tags": {
          "categoria_actividad": "gimnasio_centro_deportivo",
          "categoria_detalle": "pilates / danza",
          "nombre": "Estudio Uno - Asociación Danza y Pilates",
          "nombre_descriptivo_actividad": "Centro deportivo: pilates / danza (pilates, danza, actividad corporal) — Estudio Uno - Asociación Danza y Pilates",
          "direccion": "Calle Gordóniz 44, 48002 Bilbao",
          "lon": -2.9454973,
          "lat": 43.2538877,
          "distancia_a_pie_m": 215,
          "distancia_geodesica_m": 166,
          "metodo_distancia_a_pie": "estimacion_red_urbana = distancia_geodesica_m * 1.28, redondeada a 5 m; no es ruta calculada por API de navegación",
          "precision_coord": "exacta_registro",
          "verificacion": "alta",
          "tiempo_a_pie_min": 2.7,
          "tiempo_a_pie_min_redondeado": 3,
          "metodo_tiempo_a_pie": "Tiempo a pie estimado a partir de distancia_a_pie_m, usando velocidad peatonal de 4.8 km/h (80 m/min).",
          "category_original": "Gimnasio",
          "category_standard": "Deporte y actividad física",
          "category_original_raw": "gimnasio"
        },
        "commercial_name": "Estudio Uno - Asociación Danza y Pilates",
        "enrichment_status": "base",
        "enrichment_updated_at": "2026-06-26"
      },
      "geometry": {
        "type": "Point",
        "coordinates": [
          -2.9454973,
          43.2538877
        ]
      }
    },
    {
      "type": "Feature",
      "properties": {
        "name": "NUK7",
        "category": "Deporte y actividad física",
        "category_original": "Gimnasio",
        "status": "activo",
        "confidence": "Alta",
        "verification": "alta",
        "source": "Directorio academias y gimnasios 1000 m Rekalde con minutos a pie",
        "source_id": "gimnasio-nuk7",
        "subcategory": "Gimnasio con clases dirigidas",
        "activity_type": "gimnasio_centro_deportivo",
        "distance_m": 166.0,
        "walking_distance_m": 271.0,
        "walking_time_min": 3.0,
        "walking_distance_method": "osm_pedestrian_network_dijkstra; snap_local=17.0m; snap_target=18.7m",
        "walking_time_method": "walking_distance_m / 80 m/min, redondeado a minutos",
        "address": "Gordóniz Kalea 44, 2ºA, 48002 Bilbao",
        "coordinate_precision": "reutilizada_geocodificacion_previa",
        "raw_tags": {
          "categoria_actividad": "gimnasio_centro_deportivo",
          "categoria_detalle": "gimnasio / clases dirigidas",
          "nombre": "NUK7",
          "nombre_descriptivo_actividad": "Centro deportivo: gimnasio / clases dirigidas (pilates, step, crossfit, zumba, fitness) — NUK7",
          "direccion": "Gordóniz Kalea 44, 2ºA, 48002 Bilbao",
          "lon": -2.9454973,
          "lat": 43.2538877,
          "distancia_a_pie_m": 215,
          "distancia_geodesica_m": 166,
          "metodo_distancia_a_pie": "estimacion_red_urbana = distancia_geodesica_m * 1.28, redondeada a 5 m; no es ruta calculada por API de navegación",
          "precision_coord": "reutilizada_geocodificacion_previa",
          "verificacion": "alta",
          "tiempo_a_pie_min": 2.7,
          "tiempo_a_pie_min_redondeado": 3,
          "metodo_tiempo_a_pie": "Tiempo a pie estimado a partir de distancia_a_pie_m, usando velocidad peatonal de 4.8 km/h (80 m/min).",
          "category_original": "Gimnasio",
          "category_standard": "Deporte y actividad física",
          "category_original_raw": "gimnasio"
        },
        "commercial_name": "NUK7",
        "enrichment_status": "base",
        "enrichment_updated_at": "2026-06-26"
      },
      "geometry": {
        "type": "Point",
        "coordinates": [
          -2.9454973,
          43.2538877
        ]
      }
    },
    {
      "type": "Feature",
      "properties": {
        "name": "Escuela de Disciplinas Orientales JMA / Escuela Oriental Cielo y Tierra",
        "category": "Deporte y actividad física",
        "category_original": "Gimnasio",
        "status": "activo",
        "confidence": "Media",
        "verification": "media_alta_fuente_especifica_artes_marciales",
        "source": "centros_artes_marciales_rekalde.geojson + fuentes web/directorios",
        "source_id": "artes-marciales-escuela-de-disciplinas-orientales-jma-escuela-oriental-cielo-y-tierra",
        "subcategory": "disciplinas orientales",
        "activity_type": "gimnasio_centro_deportivo",
        "distance_m": 374.0,
        "walking_distance_m": 468.0,
        "walking_time_min": 6.0,
        "walking_distance_method": "estimacion especifica aportada en centros_artes_marciales_rekalde.geojson",
        "walking_time_method": "minutos estimados aportados en centros_artes_marciales_rekalde.geojson",
        "address": "Jaén Kalea 7, 48012 Bilbao",
        "phone": "944 109 674",
        "email": "jose_manuel_al@hotmail.com",
        "website": "https://www.escuelaoriental.es/",
        "source_url": "https://www.escuelaoriental.es/",
        "notes": "La web del centro indica Calle Jaén 7 y docencia de disciplinas orientales.",
        "coordinate_precision": "media-alta: coordenada tomada de directorio local; dirección confirmada por la web del centro",
        "raw_tags": {
          "nombre": "Escuela de Disciplinas Orientales JMA / Escuela Oriental Cielo y Tierra",
          "categoria": "escuela de artes marciales",
          "subcategoria": "disciplinas orientales",
          "disciplinas_identificadas": [
            "kung fu",
            "tai chi / chi kung",
            "disciplinas orientales"
          ],
          "direccion": "Jaén Kalea 7, 48012 Bilbao",
          "barrio_zona": "Rekalde / Irala",
          "telefono": "944 109 674",
          "email": "jose_manuel_al@hotmail.com",
          "web": "https://www.escuelaoriental.es/",
          "fuentes": [
            "https://www.escuelaoriental.es/",
            "https://www.escuelaoriental.es/disciplinas",
            "https://www.cylex.es/bilbao/errekalde/escuela%2Bde%2Bartes%2Bmarciales.html"
          ],
          "coordenadas_precision": "media-alta: coordenada tomada de directorio local; dirección confirmada por la web del centro",
          "distancia_lineal_m": 374,
          "distancia_a_pie_m_estimada": 468,
          "distancia_a_pie_min_estimada": 6,
          "origen_distancias": {
            "lon": -2.947546,
            "lat": 43.254049,
            "source": "centroide aproximado del polígono del KMZ local.kmz"
          },
          "notas": "La web del centro indica Calle Jaén 7 y docencia de disciplinas orientales.",
          "source_dataset": "centros_artes_marciales_rekalde.geojson",
          "category_standard": "Deporte y actividad física",
          "category_original": "Gimnasio"
        },
        "commercial_name": "Escuela de Disciplinas Orientales JMA / Escuela Oriental Cielo y Tierra",
        "enrichment_status": "base;web",
        "enrichment_updated_at": "2026-06-26"
      },
      "geometry": {
        "type": "Point",
        "coordinates": [
          -2.943229,
          43.252861
        ]
      }
    },
    {
      "type": "Feature",
      "properties": {
        "name": "Gimnasio Urtzi / CrossFit Bilbao",
        "category": "Deporte y actividad física",
        "category_original": "Gimnasio",
        "status": "activo",
        "confidence": "Alta",
        "verification": "alta",
        "source": "Directorio academias y gimnasios 1000 m Rekalde con minutos a pie",
        "source_id": "gimnasio-gimnasio-urtzi-crossfit-bilbao",
        "subcategory": "Gimnasio y crossfit",
        "activity_type": "gimnasio_centro_deportivo",
        "distance_m": 416.2,
        "walking_distance_m": 492.0,
        "walking_time_min": 6.0,
        "walking_distance_method": "osm_pedestrian_network_dijkstra; snap_local=17.0m; snap_target=10.7m",
        "walking_time_method": "walking_distance_m / 80 m/min, redondeado a minutos",
        "address": "Pablo de Alzola Kalea 2, 5º, 48012 Bilbao",
        "coordinate_precision": "exacta_directorio",
        "raw_tags": {
          "categoria_actividad": "gimnasio_centro_deportivo",
          "categoria_detalle": "gimnasio / crossfit",
          "nombre": "Gimnasio Urtzi / CrossFit Bilbao",
          "nombre_descriptivo_actividad": "Centro deportivo: gimnasio / crossfit (crossfit, musculación, entrenamiento funcional) — Gimnasio Urtzi / CrossFit Bilbao",
          "direccion": "Pablo de Alzola Kalea 2, 5º, 48012 Bilbao",
          "lon": -2.9469373,
          "lat": 43.257757,
          "distancia_a_pie_m": 535,
          "distancia_geodesica_m": 416.2,
          "metodo_distancia_a_pie": "estimacion_red_urbana = distancia_geodesica_m * 1.28, redondeada a 5 m; no es ruta calculada por API de navegación",
          "precision_coord": "exacta_directorio",
          "verificacion": "alta",
          "tiempo_a_pie_min": 6.7,
          "tiempo_a_pie_min_redondeado": 7,
          "metodo_tiempo_a_pie": "Tiempo a pie estimado a partir de distancia_a_pie_m, usando velocidad peatonal de 4.8 km/h (80 m/min).",
          "category_original": "Gimnasio",
          "category_standard": "Deporte y actividad física",
          "category_original_raw": "gimnasio"
        },
        "commercial_name": "Gimnasio Urtzi / CrossFit Bilbao",
        "enrichment_status": "base",
        "enrichment_updated_at": "2026-06-26"
      },
      "geometry": {
        "type": "Point",
        "coordinates": [
          -2.9469373,
          43.257757
        ]
      }
    },
    {
      "type": "Feature",
      "properties": {
        "name": "VivaGym Autonomía",
        "category": "Deporte y actividad física",
        "category_original": "Gimnasio",
        "status": "activo",
        "confidence": "Media",
        "verification": "media-alta",
        "source": "Directorio academias y gimnasios 1000 m Rekalde con minutos a pie",
        "source_id": "gimnasio-vivagym-autonomía",
        "subcategory": "gimnasio comercial",
        "activity_type": "gimnasio_centro_deportivo",
        "distance_m": 452.2,
        "walking_distance_m": 591.0,
        "walking_time_min": 7.0,
        "walking_distance_method": "osm_pedestrian_network_dijkstra; snap_local=17.0m; snap_target=13.9m",
        "walking_time_method": "walking_distance_m / 80 m/min, redondeado a minutos",
        "address": "Autonomia Kalea 53, 48012 Bilbao",
        "coordinate_precision": "estimada_direccion",
        "raw_tags": {
          "categoria_actividad": "gimnasio_centro_deportivo",
          "categoria_detalle": "gimnasio comercial",
          "nombre": "VivaGym Autonomía",
          "nombre_descriptivo_actividad": "Centro deportivo: gimnasio comercial (cardio, clases, cycling, funcional, HIT Box, máquinas, peso libre) — VivaGym Autonomía",
          "direccion": "Autonomia Kalea 53, 48012 Bilbao",
          "lon": -2.94525,
          "lat": 43.25775,
          "distancia_a_pie_m": 580,
          "distancia_geodesica_m": 452.2,
          "metodo_distancia_a_pie": "estimacion_red_urbana = distancia_geodesica_m * 1.28, redondeada a 5 m; no es ruta calculada por API de navegación",
          "precision_coord": "estimada_direccion",
          "verificacion": "media-alta",
          "tiempo_a_pie_min": 7.2,
          "tiempo_a_pie_min_redondeado": 8,
          "metodo_tiempo_a_pie": "Tiempo a pie estimado a partir de distancia_a_pie_m, usando velocidad peatonal de 4.8 km/h (80 m/min).",
          "category_original": "Gimnasio",
          "category_standard": "Deporte y actividad física",
          "category_original_raw": "gimnasio"
        },
        "commercial_name": "Trenbideko etorbidea / Autonomía",
        "enrichment_status": "base;osm:0.70",
        "enrichment_updated_at": "2026-06-26"
      },
      "geometry": {
        "type": "Point",
        "coordinates": [
          -2.94525,
          43.25775
        ]
      }
    },
    {
      "type": "Feature",
      "properties": {
        "name": "MAYA Zentroa",
        "category": "Deporte y actividad física",
        "category_original": "Gimnasio",
        "status": "activo",
        "confidence": "Media",
        "verification": "media-alta",
        "source": "Directorio academias y gimnasios 1000 m Rekalde con minutos a pie",
        "source_id": "gimnasio-maya-zentroa",
        "subcategory": "Yoga, pilates y bienestar",
        "activity_type": "gimnasio_centro_deportivo",
        "distance_m": 318.9,
        "walking_distance_m": 597.0,
        "walking_time_min": 7.0,
        "walking_distance_method": "osm_pedestrian_network_dijkstra; snap_local=17.0m; snap_target=14.1m",
        "walking_time_method": "walking_distance_m / 80 m/min, redondeado a minutos",
        "address": "Avenida del Ferrocarril 13, 48012 Bilbao",
        "coordinate_precision": "exacta_directorio",
        "raw_tags": {
          "categoria_actividad": "gimnasio_centro_deportivo",
          "categoria_detalle": "yoga / pilates / bienestar",
          "nombre": "MAYA Zentroa",
          "nombre_descriptivo_actividad": "Centro deportivo: yoga / pilates / bienestar (yoga, pilates, fisioterapia, bienestar) — MAYA Zentroa",
          "direccion": "Avenida del Ferrocarril 13, 48012 Bilbao",
          "lon": -2.944348,
          "lat": 43.255722,
          "distancia_a_pie_m": 410,
          "distancia_geodesica_m": 318.9,
          "metodo_distancia_a_pie": "estimacion_red_urbana = distancia_geodesica_m * 1.28, redondeada a 5 m; no es ruta calculada por API de navegación",
          "precision_coord": "exacta_directorio",
          "verificacion": "media-alta",
          "tiempo_a_pie_min": 5.1,
          "tiempo_a_pie_min_redondeado": 6,
          "metodo_tiempo_a_pie": "Tiempo a pie estimado a partir de distancia_a_pie_m, usando velocidad peatonal de 4.8 km/h (80 m/min).",
          "category_original": "Gimnasio",
          "category_standard": "Deporte y actividad física",
          "category_original_raw": "gimnasio"
        },
        "commercial_name": "MAYA Zentroa",
        "enrichment_status": "base",
        "enrichment_updated_at": "2026-06-26"
      },
      "geometry": {
        "type": "Point",
        "coordinates": [
          -2.944348,
          43.255722
        ]
      }
    },
    {
      "type": "Feature",
      "properties": {
        "name": "Gimnástico Bilbao Medical Fitness",
        "category": "Deporte y actividad física",
        "category_original": "Gimnasio",
        "status": "activo",
        "confidence": "Media",
        "verification": "media",
        "source": "Directorio academias y gimnasios 1000 m Rekalde con minutos a pie",
        "source_id": "gimnasio-gimnástico-bilbao-medical-fitness",
        "subcategory": "Gimnasio y artes marciales",
        "activity_type": "gimnasio_centro_deportivo",
        "distance_m": 505.4,
        "walking_distance_m": 643.0,
        "walking_time_min": 8.0,
        "walking_distance_method": "osm_pedestrian_network_dijkstra; snap_local=17.0m; snap_target=23.4m",
        "walking_time_method": "walking_distance_m / 80 m/min, redondeado a minutos",
        "address": "Calle Autonomía 64 Bis, 2º, 48012 Bilbao",
        "coordinate_precision": "estimada_direccion",
        "raw_tags": {
          "categoria_actividad": "gimnasio_centro_deportivo",
          "categoria_detalle": "gimnasio / artes marciales",
          "nombre": "Gimnástico Bilbao Medical Fitness",
          "nombre_descriptivo_actividad": "Centro deportivo: gimnasio / artes marciales (taekwondo, kick-boxing, hapkido, defensa personal, tonificación, cardio) — Gimnástico Bilbao Medical Fitness",
          "direccion": "Calle Autonomía 64 Bis, 2º, 48012 Bilbao",
          "lon": -2.9446,
          "lat": 43.25805,
          "distancia_a_pie_m": 645,
          "distancia_geodesica_m": 505.4,
          "metodo_distancia_a_pie": "estimacion_red_urbana = distancia_geodesica_m * 1.28, redondeada a 5 m; no es ruta calculada por API de navegación",
          "precision_coord": "estimada_direccion",
          "verificacion": "media",
          "tiempo_a_pie_min": 8.1,
          "tiempo_a_pie_min_redondeado": 9,
          "metodo_tiempo_a_pie": "Tiempo a pie estimado a partir de distancia_a_pie_m, usando velocidad peatonal de 4.8 km/h (80 m/min).",
          "category_original": "Gimnasio",
          "category_standard": "Deporte y actividad física",
          "category_original_raw": "gimnasio"
        },
        "commercial_name": "Gimnástico Bilbao Medical Fitness",
        "enrichment_status": "base",
        "enrichment_updated_at": "2026-06-26"
      },
      "geometry": {
        "type": "Point",
        "coordinates": [
          -2.9446,
          43.25805
        ]
      }
    },
    {
      "type": "Feature",
      "properties": {
        "name": "Artizar Studio",
        "category": "Deporte y actividad física",
        "category_original": "Gimnasio",
        "status": "activo",
        "confidence": "Media",
        "verification": "media-baja",
        "source": "Directorio academias y gimnasios 1000 m Rekalde con minutos a pie",
        "source_id": "gimnasio-artizar-studio",
        "subcategory": "Yoga, pilates y estudio corporal",
        "activity_type": "gimnasio_centro_deportivo",
        "distance_m": 403.2,
        "walking_distance_m": 692.0,
        "walking_time_min": 9.0,
        "walking_distance_method": "osm_pedestrian_network_dijkstra; snap_local=17.0m; snap_target=12.7m",
        "walking_time_method": "walking_distance_m / 80 m/min, redondeado a minutos",
        "address": "Calle Pintor Lekuona 3, 5T, 48012 Bilbao",
        "coordinate_precision": "estimada_direccion",
        "raw_tags": {
          "categoria_actividad": "gimnasio_centro_deportivo",
          "categoria_detalle": "yoga / pilates / estudio corporal",
          "nombre": "Artizar Studio",
          "nombre_descriptivo_actividad": "Centro deportivo: yoga / pilates / estudio corporal (yoga, pilates, estudio de movimiento) — Artizar Studio",
          "direccion": "Calle Pintor Lekuona 3, 5T, 48012 Bilbao",
          "lon": -2.9437,
          "lat": 43.25635,
          "distancia_a_pie_m": 515,
          "distancia_geodesica_m": 403.2,
          "metodo_distancia_a_pie": "estimacion_red_urbana = distancia_geodesica_m * 1.28, redondeada a 5 m; no es ruta calculada por API de navegación",
          "precision_coord": "estimada_direccion",
          "verificacion": "media-baja",
          "tiempo_a_pie_min": 6.4,
          "tiempo_a_pie_min_redondeado": 7,
          "metodo_tiempo_a_pie": "Tiempo a pie estimado a partir de distancia_a_pie_m, usando velocidad peatonal de 4.8 km/h (80 m/min).",
          "category_original": "Gimnasio",
          "category_standard": "Deporte y actividad física",
          "category_original_raw": "gimnasio"
        },
        "commercial_name": "Artizar Studio",
        "enrichment_status": "base",
        "enrichment_updated_at": "2026-06-26"
      },
      "geometry": {
        "type": "Point",
        "coordinates": [
          -2.9437,
          43.25635
        ]
      }
    },
    {
      "type": "Feature",
      "properties": {
        "name": "Kundalini Yoga Bilbao",
        "category": "Deporte y actividad física",
        "category_original": "Gimnasio",
        "status": "activo",
        "confidence": "Media",
        "verification": "media",
        "source": "Directorio academias y gimnasios 1000 m Rekalde con minutos a pie",
        "source_id": "gimnasio-kundalini-yoga-bilbao",
        "subcategory": "yoga",
        "activity_type": "gimnasio_centro_deportivo",
        "distance_m": 706.8,
        "walking_distance_m": 863.0,
        "walking_time_min": 11.0,
        "walking_distance_method": "osm_pedestrian_network_dijkstra; snap_local=17.0m; snap_target=7.2m",
        "walking_time_method": "walking_distance_m / 80 m/min, redondeado a minutos",
        "address": "José María de Escuza 1, 6º, dpto. 5, 48013 Bilbao",
        "coordinate_precision": "estimada_direccion",
        "raw_tags": {
          "categoria_actividad": "gimnasio_centro_deportivo",
          "categoria_detalle": "yoga",
          "nombre": "Kundalini Yoga Bilbao",
          "nombre_descriptivo_actividad": "Centro deportivo: yoga (kundalini yoga) — Kundalini Yoga Bilbao",
          "direccion": "José María de Escuza 1, 6º, dpto. 5, 48013 Bilbao",
          "lon": -2.94905,
          "lat": 43.2603,
          "distancia_a_pie_m": 905,
          "distancia_geodesica_m": 706.8,
          "metodo_distancia_a_pie": "estimacion_red_urbana = distancia_geodesica_m * 1.28, redondeada a 5 m; no es ruta calculada por API de navegación",
          "precision_coord": "estimada_direccion",
          "verificacion": "media",
          "tiempo_a_pie_min": 11.3,
          "tiempo_a_pie_min_redondeado": 12,
          "metodo_tiempo_a_pie": "Tiempo a pie estimado a partir de distancia_a_pie_m, usando velocidad peatonal de 4.8 km/h (80 m/min).",
          "category_original": "Gimnasio",
          "category_standard": "Deporte y actividad física",
          "category_original_raw": "gimnasio"
        },
        "commercial_name": "Kundalini Yoga Bilbao",
        "enrichment_status": "base",
        "enrichment_updated_at": "2026-06-26"
      },
      "geometry": {
        "type": "Point",
        "coordinates": [
          -2.94905,
          43.2603
        ]
      }
    },
    {
      "type": "Feature",
      "properties": {
        "name": "Polideportivo La Casilla - Bilbao Kirolak",
        "category": "Deporte y actividad física",
        "category_original": "Gimnasio",
        "status": "activo",
        "confidence": "Media",
        "verification": "media-alta",
        "source": "Directorio academias y gimnasios 1000 m Rekalde con minutos a pie",
        "source_id": "gimnasio-polideportivo-la-casilla-bilbao-kirolak",
        "subcategory": "equipamiento deportivo público",
        "activity_type": "gimnasio_centro_deportivo",
        "distance_m": 642.1,
        "walking_distance_m": 873.0,
        "walking_time_min": 11.0,
        "walking_distance_method": "osm_pedestrian_network_dijkstra; snap_local=17.0m; snap_target=8.6m",
        "walking_time_method": "walking_distance_m / 80 m/min, redondeado a minutos",
        "address": "Plaza de La Casilla 11, 48012 Bilbao",
        "coordinate_precision": "estimada_direccion",
        "raw_tags": {
          "categoria_actividad": "gimnasio_centro_deportivo",
          "categoria_detalle": "equipamiento deportivo público",
          "nombre": "Polideportivo La Casilla - Bilbao Kirolak",
          "nombre_descriptivo_actividad": "Centro deportivo: equipamiento deportivo público (gimnasio fitness, salas deportivas, actividades dirigidas) — Polideportivo La Casilla - Bilbao Kirolak",
          "direccion": "Plaza de La Casilla 11, 48012 Bilbao",
          "lon": -2.94237,
          "lat": 43.25842,
          "distancia_a_pie_m": 820,
          "distancia_geodesica_m": 642.1,
          "metodo_distancia_a_pie": "estimacion_red_urbana = distancia_geodesica_m * 1.28, redondeada a 5 m; no es ruta calculada por API de navegación",
          "precision_coord": "estimada_direccion",
          "verificacion": "media-alta",
          "tiempo_a_pie_min": 10.2,
          "tiempo_a_pie_min_redondeado": 11,
          "metodo_tiempo_a_pie": "Tiempo a pie estimado a partir de distancia_a_pie_m, usando velocidad peatonal de 4.8 km/h (80 m/min).",
          "category_original": "Gimnasio",
          "category_standard": "Deporte y actividad física",
          "category_original_raw": "gimnasio"
        },
        "commercial_name": "Polideportivo La Casilla - Bilbao Kirolak",
        "enrichment_status": "base",
        "enrichment_updated_at": "2026-06-26"
      },
      "geometry": {
        "type": "Point",
        "coordinates": [
          -2.94237,
          43.25842
        ]
      }
    },
    {
      "type": "Feature",
      "properties": {
        "name": "Distrito 480 Bilbao",
        "category": "Deporte y actividad física",
        "category_original": "Gimnasio",
        "status": "activo",
        "confidence": "Media",
        "verification": "media",
        "source": "Directorio academias y gimnasios 1000 m Rekalde con minutos a pie",
        "source_id": "gimnasio-distrito-480-bilbao",
        "subcategory": "Gimnasio boutique y entrenamiento funcional",
        "activity_type": "gimnasio_centro_deportivo",
        "distance_m": 731.1,
        "walking_distance_m": 889.0,
        "walking_time_min": 11.0,
        "walking_distance_method": "osm_pedestrian_network_dijkstra; snap_local=17.0m; snap_target=6.2m",
        "walking_time_method": "walking_distance_m / 80 m/min, redondeado a minutos",
        "address": "José María de Escuza 5, 48013 Bilbao",
        "coordinate_precision": "estimada_direccion",
        "raw_tags": {
          "categoria_actividad": "gimnasio_centro_deportivo",
          "categoria_detalle": "gimnasio boutique / entrenamiento funcional",
          "nombre": "Distrito 480 Bilbao",
          "nombre_descriptivo_actividad": "Centro deportivo: gimnasio boutique / entrenamiento funcional (bootcamp, WOD, D45, pilates, entrenamiento funcional) — Distrito 480 Bilbao",
          "direccion": "José María de Escuza 5, 48013 Bilbao",
          "lon": -2.9488,
          "lat": 43.26055,
          "distancia_a_pie_m": 935,
          "distancia_geodesica_m": 731.1,
          "metodo_distancia_a_pie": "estimacion_red_urbana = distancia_geodesica_m * 1.28, redondeada a 5 m; no es ruta calculada por API de navegación",
          "precision_coord": "estimada_direccion",
          "verificacion": "media",
          "tiempo_a_pie_min": 11.7,
          "tiempo_a_pie_min_redondeado": 12,
          "metodo_tiempo_a_pie": "Tiempo a pie estimado a partir de distancia_a_pie_m, usando velocidad peatonal de 4.8 km/h (80 m/min).",
          "category_original": "Gimnasio",
          "category_standard": "Deporte y actividad física",
          "category_original_raw": "gimnasio"
        },
        "commercial_name": "Distrito 480 Bilbao",
        "enrichment_status": "base",
        "enrichment_updated_at": "2026-06-26"
      },
      "geometry": {
        "type": "Point",
        "coordinates": [
          -2.9488,
          43.26055
        ]
      }
    },
    {
      "type": "Feature",
      "properties": {
        "name": "Enexia Bilbao",
        "category": "Deporte y actividad física",
        "category_original": "Gimnasio",
        "status": "activo",
        "confidence": "Media",
        "verification": "media",
        "source": "Directorio academias y gimnasios 1000 m Rekalde con minutos a pie",
        "source_id": "gimnasio-enexia-bilbao",
        "subcategory": "Centro deportivo y fitness",
        "activity_type": "gimnasio_centro_deportivo",
        "distance_m": 795.9,
        "walking_distance_m": 902.0,
        "walking_time_min": 11.0,
        "walking_distance_method": "osm_pedestrian_network_dijkstra; snap_local=17.0m; snap_target=4.9m",
        "walking_time_method": "walking_distance_m / 80 m/min, redondeado a minutos",
        "address": "José María de Escuza 17, 48013 Bilbao",
        "coordinate_precision": "estimada_direccion",
        "raw_tags": {
          "categoria_actividad": "gimnasio_centro_deportivo",
          "categoria_detalle": "centro deportivo / fitness",
          "nombre": "Enexia Bilbao",
          "nombre_descriptivo_actividad": "Centro deportivo: centro deportivo / fitness (entrenamiento, fitness, salud) — Enexia Bilbao",
          "direccion": "José María de Escuza 17, 48013 Bilbao",
          "lon": -2.94685,
          "lat": 43.26118,
          "distancia_a_pie_m": 1020,
          "distancia_geodesica_m": 795.9,
          "metodo_distancia_a_pie": "estimacion_red_urbana = distancia_geodesica_m * 1.28, redondeada a 5 m; no es ruta calculada por API de navegación",
          "precision_coord": "estimada_direccion",
          "verificacion": "media",
          "tiempo_a_pie_min": 12.8,
          "tiempo_a_pie_min_redondeado": 13,
          "metodo_tiempo_a_pie": "Tiempo a pie estimado a partir de distancia_a_pie_m, usando velocidad peatonal de 4.8 km/h (80 m/min).",
          "category_original": "Gimnasio",
          "category_standard": "Deporte y actividad física",
          "category_original_raw": "gimnasio"
        },
        "commercial_name": "Enexia Bilbao",
        "enrichment_status": "base",
        "enrichment_updated_at": "2026-06-26"
      },
      "geometry": {
        "type": "Point",
        "coordinates": [
          -2.94685,
          43.26118
        ]
      }
    },
    {
      "type": "Feature",
      "properties": {
        "name": "Centro Cenith",
        "category": "Deporte y actividad física",
        "category_original": "Gimnasio",
        "status": "activo",
        "confidence": "Media",
        "verification": "media",
        "source": "Directorio academias y gimnasios 1000 m Rekalde con minutos a pie",
        "source_id": "gimnasio-centro-cenith",
        "subcategory": "Yoga y centro de bienestar",
        "activity_type": "gimnasio_centro_deportivo",
        "distance_m": 812.9,
        "walking_distance_m": 972.0,
        "walking_time_min": 12.0,
        "walking_distance_method": "osm_pedestrian_network_dijkstra; snap_local=17.0m; snap_target=11.9m",
        "walking_time_method": "walking_distance_m / 80 m/min, redondeado a minutos",
        "address": "Calle Aureliano Valle 5, 48010 Bilbao",
        "coordinate_precision": "estimada_direccion",
        "raw_tags": {
          "categoria_actividad": "gimnasio_centro_deportivo",
          "categoria_detalle": "yoga / centro de bienestar",
          "nombre": "Centro Cenith",
          "nombre_descriptivo_actividad": "Centro deportivo: yoga / centro de bienestar (yoga, pilates, salud integral, crecimiento personal) — Centro Cenith",
          "direccion": "Calle Aureliano Valle 5, 48010 Bilbao",
          "lon": -2.9401,
          "lat": 43.25895,
          "distancia_a_pie_m": 1040,
          "distancia_geodesica_m": 812.9,
          "metodo_distancia_a_pie": "estimacion_red_urbana = distancia_geodesica_m * 1.28, redondeada a 5 m; no es ruta calculada por API de navegación",
          "precision_coord": "estimada_direccion",
          "verificacion": "media",
          "tiempo_a_pie_min": 13,
          "tiempo_a_pie_min_redondeado": 13,
          "metodo_tiempo_a_pie": "Tiempo a pie estimado a partir de distancia_a_pie_m, usando velocidad peatonal de 4.8 km/h (80 m/min).",
          "category_original": "Gimnasio",
          "category_standard": "Deporte y actividad física",
          "category_original_raw": "gimnasio"
        },
        "commercial_name": "Centro Cenith",
        "enrichment_status": "base",
        "enrichment_updated_at": "2026-06-26"
      },
      "geometry": {
        "type": "Point",
        "coordinates": [
          -2.9401,
          43.25895
        ]
      }
    },
    {
      "type": "Feature",
      "properties": {
        "name": "Global K.O.",
        "category": "Deporte y actividad física",
        "category_original": "Gimnasio",
        "status": "activo",
        "confidence": "Media",
        "verification": "media_alta_fuente_especifica_artes_marciales",
        "source": "centros_artes_marciales_rekalde.geojson + fuentes web/directorios",
        "source_id": "artes-marciales-global-k-o",
        "subcategory": "boxeo / kickboxing / contacto pleno",
        "activity_type": "gimnasio_centro_deportivo",
        "distance_m": 823.0,
        "walking_distance_m": 1029.0,
        "walking_time_min": 13.0,
        "walking_distance_method": "estimacion especifica aportada en centros_artes_marciales_rekalde.geojson",
        "walking_time_method": "minutos estimados aportados en centros_artes_marciales_rekalde.geojson",
        "address": "Medina de Pomar Kalea 4, lonja, 48012 Bilbao",
        "website": "https://instagram.com/global.k.o",
        "source_url": "https://instagram.com/global.k.o",
        "notes": "Gobierno Vasco registra Club Deportivo Global KO en Medina de Pomar 4; directorios sectoriales lo clasifican principalmente como boxeo/deportes de contacto.",
        "coordinate_precision": "media-alta: coordenada tomada de directorio local; dirección confirmada por Gobierno Vasco y directorios sectoriales",
        "raw_tags": {
          "nombre": "Global K.O.",
          "categoria": "centro de deportes de contacto",
          "subcategoria": "boxeo / kickboxing / contacto pleno",
          "disciplinas_identificadas": [
            "boxeo",
            "kickboxing",
            "MMA / contacto pleno"
          ],
          "direccion": "Medina de Pomar Kalea 4, lonja, 48012 Bilbao",
          "barrio_zona": "Errekalde / Irala",
          "telefono": null,
          "email": null,
          "web": "https://instagram.com/global.k.o",
          "fuentes": [
            "https://www.euskadi.eus/gobierno-vasco/-/entidad/club-deportivo-global-ko/",
            "https://www.artesmarcialesbilbao.es/disciplinas/mma",
            "https://www.badgie.es/directorio/global-k-o",
            "https://www.cylex.es/bilbao/errekaldeberri/centros%2Bdeportivos.html"
          ],
          "coordenadas_precision": "media-alta: coordenada tomada de directorio local; dirección confirmada por Gobierno Vasco y directorios sectoriales",
          "distancia_lineal_m": 823,
          "distancia_a_pie_m_estimada": 1029,
          "distancia_a_pie_min_estimada": 13,
          "origen_distancias": {
            "lon": -2.947546,
            "lat": 43.254049,
            "source": "centroide aproximado del polígono del KMZ local.kmz"
          },
          "notas": "Gobierno Vasco registra Club Deportivo Global KO en Medina de Pomar 4; directorios sectoriales lo clasifican principalmente como boxeo/deportes de contacto.",
          "source_dataset": "centros_artes_marciales_rekalde.geojson",
          "category_standard": "Deporte y actividad física",
          "category_original": "Gimnasio"
        },
        "commercial_name": "Global K.O.",
        "enrichment_status": "base",
        "enrichment_updated_at": "2026-06-26",
        "photo_url": "https://scontent-mad1-1.cdninstagram.com/v/t51.2885-19/39763898_234472903901805_665486280364130304_n.jpg?stp=dst-jpg_s100x100_tt6&_nc_cat=102&ccb=7-5&_nc_sid=bf7eb4&efg=eyJ2ZW5jb2RlX3RhZyI6InByb2ZpbGVfcGljLnd3dy4yMzIuQzMifQ%3D%3D&_nc_ohc=oOkLi4QYHNEQ7kNvwGIx9wj&_nc_oc=Ado20ZaXe9TJsQtcuuyOI0-cd_pD4qSUBkz5Ys78d5UPnIwHwxGiQh0DHkdRsl1BoEI&_nc_zt=24&_nc_ht=scontent-mad1-1.cdninstagram.com&_nc_ss=7b60f&oh=00_Af-5aE4-GYBHfoWuYGNLtUyvN4QZivZsyS34MpNRcBha2A&oe=6A44961C",
        "photo_source_url": "https://www.instagram.com/global.k.o/",
        "photo_source": "Web pública"
      },
      "geometry": {
        "type": "Point",
        "coordinates": [
          -2.9380399,
          43.2514203
        ]
      }
    },
    {
      "type": "Feature",
      "properties": {
        "name": "Basic-Fit Bilbao Rodríguez Arias",
        "category": "Deporte y actividad física",
        "category_original": "Gimnasio",
        "status": "activo",
        "confidence": "Media",
        "verification": "media-alta",
        "source": "Directorio academias y gimnasios 1000 m Rekalde con minutos a pie",
        "source_id": "gimnasio-basic-fit-bilbao-rodríguez-arias",
        "subcategory": "gimnasio comercial",
        "activity_type": "gimnasio_centro_deportivo",
        "distance_m": 845.5,
        "walking_distance_m": 1081.0,
        "walking_time_min": 14.0,
        "walking_distance_method": "osm_pedestrian_network_dijkstra; snap_local=17.0m; snap_target=54.5m",
        "walking_time_method": "walking_distance_m / 80 m/min, redondeado a minutos",
        "address": "Calle Rodríguez Arias 58, 48013 Bilbao",
        "coordinate_precision": "estimada_direccion",
        "raw_tags": {
          "categoria_actividad": "gimnasio_centro_deportivo",
          "categoria_detalle": "gimnasio comercial",
          "nombre": "Basic-Fit Bilbao Rodríguez Arias",
          "nombre_descriptivo_actividad": "Centro deportivo: gimnasio comercial (fitness, cardio, fuerza, entrenamiento libre) — Basic-Fit Bilbao Rodríguez Arias",
          "direccion": "Calle Rodríguez Arias 58, 48013 Bilbao",
          "lon": -2.9452,
          "lat": 43.26145,
          "distancia_a_pie_m": 1080,
          "distancia_geodesica_m": 845.5,
          "metodo_distancia_a_pie": "estimacion_red_urbana = distancia_geodesica_m * 1.28, redondeada a 5 m; no es ruta calculada por API de navegación",
          "precision_coord": "estimada_direccion",
          "verificacion": "media-alta",
          "tiempo_a_pie_min": 13.5,
          "tiempo_a_pie_min_redondeado": 14,
          "metodo_tiempo_a_pie": "Tiempo a pie estimado a partir de distancia_a_pie_m, usando velocidad peatonal de 4.8 km/h (80 m/min).",
          "category_original": "Gimnasio",
          "category_standard": "Deporte y actividad física",
          "category_original_raw": "gimnasio"
        },
        "commercial_name": "Basic-Fit Bilbao Rodríguez Arias",
        "enrichment_status": "base",
        "enrichment_updated_at": "2026-06-26"
      },
      "geometry": {
        "type": "Point",
        "coordinates": [
          -2.9452,
          43.26145
        ]
      }
    },
    {
      "type": "Feature",
      "properties": {
        "name": "Nivel3 Indautxu",
        "category": "Deporte y actividad física",
        "category_original": "Gimnasio",
        "status": "activo",
        "confidence": "Media",
        "verification": "media-alta",
        "source": "Directorio academias y gimnasios 1000 m Rekalde con minutos a pie",
        "source_id": "gimnasio-nivel3-indautxu",
        "subcategory": "Gimnasio y entrenamiento personal",
        "activity_type": "gimnasio_centro_deportivo",
        "distance_m": 860.4,
        "walking_distance_m": 1125.0,
        "walking_time_min": 14.0,
        "walking_distance_method": "osm_pedestrian_network_dijkstra; snap_local=17.0m; snap_target=9.1m",
        "walking_time_method": "walking_distance_m / 80 m/min, redondeado a minutos",
        "address": "Simón Bolívar 13, 48010 Bilbao",
        "phone": "944 416 099 / 608 077 262",
        "email": "indautxu@niveltres.com",
        "website": "http://www.niveltres.com/",
        "source_url": "http://www.niveltres.com/",
        "notes": "Directorio sectorial lo lista en varias disciplinas de contacto; conviene confirmar horarios/disciplina activa directamente con el gimnasio.",
        "coordinate_precision": "estimada_direccion",
        "raw_tags": {
          "categoria_actividad": "gimnasio_centro_deportivo",
          "categoria_detalle": "gimnasio / entrenamiento personal",
          "nombre": "Nivel3 Indautxu",
          "nombre_descriptivo_actividad": "Centro deportivo: gimnasio / entrenamiento personal (fitness, clases, entrenamiento personal, nutrición, sauna, masaje) — Nivel3 Indautxu",
          "direccion": "Simón Bolívar 13, 48010 Bilbao",
          "lon": -2.9412,
          "lat": 43.26025,
          "distancia_a_pie_m": 1100,
          "distancia_geodesica_m": 860.4,
          "metodo_distancia_a_pie": "estimacion_red_urbana = distancia_geodesica_m * 1.28, redondeada a 5 m; no es ruta calculada por API de navegación",
          "precision_coord": "estimada_direccion",
          "verificacion": "media-alta",
          "tiempo_a_pie_min": 13.8,
          "tiempo_a_pie_min_redondeado": 14,
          "metodo_tiempo_a_pie": "Tiempo a pie estimado a partir de distancia_a_pie_m, usando velocidad peatonal de 4.8 km/h (80 m/min).",
          "category_original": "Gimnasio",
          "category_standard": "Deporte y actividad física",
          "category_original_raw": "gimnasio",
          "martial_arts_enrichment": {
            "nombre": "Nivel3 Indautxu",
            "categoria": "gimnasio con artes marciales / deportes de contacto",
            "subcategoria": "BJJ / MMA / Muay Thai / Taekwondo / Kickboxing",
            "disciplinas_identificadas": [
              "BJJ",
              "MMA",
              "Muay Thai",
              "Taekwondo",
              "Kickboxing"
            ],
            "direccion": "Simón Bolívar Kalea 13, 48010 Bilbao",
            "barrio_zona": "Indautxu",
            "telefono": "944 416 099 / 608 077 262",
            "email": "indautxu@niveltres.com",
            "web": "http://www.niveltres.com/",
            "fuentes": [
              "https://www.artesmarcialesbilbao.es/disciplinas/bjj",
              "https://www.artesmarcialesbilbao.es/disciplinas/mma",
              "https://www.artesmarcialesbilbao.es/disciplinas/muay-thai",
              "https://www.todocentros.com/centros/nivel3-indautxu-gimnasio-bilbao-simon-bolivar-kalea-13-abando/"
            ],
            "coordenadas_precision": "alta-media: coordenada publicada en directorio; dirección confirmada por varios directorios sectoriales",
            "distancia_lineal_m": 769,
            "distancia_a_pie_m_estimada": 961,
            "distancia_a_pie_min_estimada": 12,
            "origen_distancias": {
              "lon": -2.947546,
              "lat": 43.254049,
              "source": "centroide aproximado del polígono del KMZ local.kmz"
            },
            "notas": "Directorio sectorial lo lista en varias disciplinas de contacto; conviene confirmar horarios/disciplina activa directamente con el gimnasio."
          },
          "martial_arts_source_dataset": "centros_artes_marciales_rekalde.geojson"
        },
        "commercial_name": "Nivel3 Indautxu",
        "enrichment_status": "base;web",
        "enrichment_updated_at": "2026-06-26"
      },
      "geometry": {
        "type": "Point",
        "coordinates": [
          -2.9412,
          43.26025
        ]
      }
    },
    {
      "type": "Feature",
      "properties": {
        "name": "up&you Bilbao / Bamboo Yoga",
        "category": "Deporte y actividad física",
        "category_original": "Gimnasio",
        "status": "activo",
        "confidence": "Media",
        "verification": "media",
        "source": "Directorio academias y gimnasios 1000 m Rekalde con minutos a pie",
        "source_id": "gimnasio-up-you-bilbao-bamboo-yoga",
        "subcategory": "Gimnasio boutique y yoga",
        "activity_type": "gimnasio_centro_deportivo",
        "distance_m": 922.0,
        "walking_distance_m": 1180.0,
        "walking_time_min": 15.0,
        "walking_distance_method": "estimacion_red_urbana = distancia_geodesica_m * 1.28, redondeada a 5 m; no es ruta calculada por API de navegación",
        "walking_time_method": "Tiempo a pie estimado a partir de distancia_a_pie_m, usando velocidad peatonal de 4.8 km/h (80 m/min).",
        "address": "Manuel Allende 18, 48010 Bilbao",
        "coordinate_precision": "estimada_direccion",
        "raw_tags": {
          "categoria_actividad": "gimnasio_centro_deportivo",
          "categoria_detalle": "gimnasio boutique / yoga",
          "nombre": "up&you Bilbao / Bamboo Yoga",
          "nombre_descriptivo_actividad": "Centro deportivo: gimnasio boutique / yoga (entrenamiento, SPA/water zone, yoga) — up&you Bilbao / Bamboo Yoga",
          "direccion": "Manuel Allende 18, 48010 Bilbao",
          "lon": -2.94085,
          "lat": 43.26075,
          "distancia_a_pie_m": 1180,
          "distancia_geodesica_m": 922,
          "metodo_distancia_a_pie": "estimacion_red_urbana = distancia_geodesica_m * 1.28, redondeada a 5 m; no es ruta calculada por API de navegación",
          "precision_coord": "estimada_direccion",
          "verificacion": "media",
          "tiempo_a_pie_min": 14.8,
          "tiempo_a_pie_min_redondeado": 15,
          "metodo_tiempo_a_pie": "Tiempo a pie estimado a partir de distancia_a_pie_m, usando velocidad peatonal de 4.8 km/h (80 m/min).",
          "category_original": "Gimnasio",
          "category_standard": "Deporte y actividad física",
          "category_original_raw": "gimnasio"
        },
        "commercial_name": "up&you Bilbao / Bamboo Yoga",
        "enrichment_status": "base",
        "enrichment_updated_at": "2026-06-26"
      },
      "geometry": {
        "type": "Point",
        "coordinates": [
          -2.94085,
          43.26075
        ]
      }
    },
    {
      "type": "Feature",
      "properties": {
        "name": "ASKT – A. D. Shotokai K. T.",
        "category": "Deporte y actividad física",
        "category_original": "Gimnasio",
        "status": "activo",
        "confidence": "Media",
        "verification": "media_alta_fuente_especifica_artes_marciales",
        "source": "centros_artes_marciales_rekalde.geojson + fuentes web/directorios",
        "source_id": "artes-marciales-askt-a-d-shotokai-k-t",
        "subcategory": "karate shotokai",
        "activity_type": "gimnasio_centro_deportivo",
        "distance_m": 1005.0,
        "walking_distance_m": 1256.0,
        "walking_time_min": 16.0,
        "walking_distance_method": "estimacion especifica aportada en centros_artes_marciales_rekalde.geojson",
        "walking_time_method": "minutos estimados aportados en centros_artes_marciales_rekalde.geojson",
        "address": "Zuberoa Etorbidea 16, lonja, 48012 Bilbao",
        "phone": "676 247 793",
        "email": "info@askt.eu",
        "website": "https://askt.eu/",
        "source_url": "https://askt.eu/",
        "notes": "Club de karate/Shotokai situado en Avda. Zuberoa 16.",
        "coordinate_precision": "alta-media: coordenada de directorio local y dirección confirmada por web del club",
        "raw_tags": {
          "nombre": "ASKT – A. D. Shotokai K. T.",
          "categoria": "club de artes marciales",
          "subcategoria": "karate shotokai",
          "disciplinas_identificadas": [
            "karate",
            "shotokai"
          ],
          "direccion": "Zuberoa Etorbidea 16, lonja, 48012 Bilbao",
          "barrio_zona": "Rekalde / Ametzola",
          "telefono": "676 247 793",
          "email": "info@askt.eu",
          "web": "https://askt.eu/",
          "fuentes": [
            "https://askt.eu/",
            "https://askt.eu/contacto/",
            "https://www.cylex.es/bilbao/errekalde/escuela%2Bde%2Bartes%2Bmarciales.html"
          ],
          "coordenadas_precision": "alta-media: coordenada de directorio local y dirección confirmada por web del club",
          "distancia_lineal_m": 1005,
          "distancia_a_pie_m_estimada": 1256,
          "distancia_a_pie_min_estimada": 16,
          "origen_distancias": {
            "lon": -2.947546,
            "lat": 43.254049,
            "source": "centroide aproximado del polígono del KMZ local.kmz"
          },
          "notas": "Club de karate/Shotokai situado en Avda. Zuberoa 16.",
          "source_dataset": "centros_artes_marciales_rekalde.geojson",
          "category_standard": "Deporte y actividad física",
          "category_original": "Gimnasio"
        },
        "commercial_name": "ASKT – A. D. Shotokai K. T.",
        "enrichment_status": "base",
        "enrichment_updated_at": "2026-06-26",
        "photo_url": "https://askt.eu/wp-content/uploads/2016/05/descarga-300x83.jpg",
        "photo_source_url": "https://askt.eu/",
        "photo_source": "Web pública"
      },
      "geometry": {
        "type": "Point",
        "coordinates": [
          -2.9351794,
          43.2548173
        ]
      }
    },
    {
      "type": "Feature",
      "properties": {
        "name": "Tatami4All Moyua / Senshido Yawara International",
        "category": "Deporte y actividad física",
        "category_original": "Gimnasio",
        "status": "activo",
        "confidence": "Media",
        "verification": "media_alta_fuente_especifica_artes_marciales",
        "source": "centros_artes_marciales_rekalde.geojson + fuentes web/directorios",
        "source_id": "artes-marciales-tatami4all-moyua-senshido-yawara-international",
        "subcategory": "artes marciales / defensa personal",
        "activity_type": "gimnasio_centro_deportivo",
        "distance_m": 1159.0,
        "walking_distance_m": 1449.0,
        "walking_time_min": 18.0,
        "walking_distance_method": "estimacion especifica aportada en centros_artes_marciales_rekalde.geojson",
        "walking_time_method": "minutos estimados aportados en centros_artes_marciales_rekalde.geojson",
        "address": "Costa Kalea / Calle Particular de Costa 8, 2º piso, 48010 Bilbao",
        "phone": "944 214 393",
        "website": "https://www.senshidoyawara.com/",
        "source_url": "https://www.senshidoyawara.com/",
        "notes": "Se agrupan bajo un mismo emplazamiento físico por coincidencia de dirección Costa 8. El BORME recoge objeto social de academia-escuela de artes marciales para Senshido Yawara International.",
        "coordinate_precision": "media: coordenada publicada en directorio de proximidad; dirección confirmada por web y registros",
        "raw_tags": {
          "nombre": "Tatami4All Moyua / Senshido Yawara International",
          "categoria": "tatami / escuela de artes marciales",
          "subcategoria": "artes marciales / defensa personal",
          "disciplinas_identificadas": [
            "artes marciales",
            "defensa personal",
            "karate / yawara"
          ],
          "direccion": "Costa Kalea / Calle Particular de Costa 8, 2º piso, 48010 Bilbao",
          "barrio_zona": "Moyua / Indautxu",
          "telefono": "944 214 393",
          "email": null,
          "web": "https://www.senshidoyawara.com/",
          "fuentes": [
            "https://www.tugimnasio.es/listings/tatami4all-moyua/",
            "https://www.senshidoyawara.com/contacto/",
            "https://www.cylex.es/bilbao/senshido-yawara-international-11929771.html",
            "https://www.boe.es/borme/dias/2009/10/05/pdfs/BORME-A-2009-190-48.pdf"
          ],
          "coordenadas_precision": "media: coordenada publicada en directorio de proximidad; dirección confirmada por web y registros",
          "distancia_lineal_m": 1159,
          "distancia_a_pie_m_estimada": 1449,
          "distancia_a_pie_min_estimada": 18,
          "origen_distancias": {
            "lon": -2.947546,
            "lat": 43.254049,
            "source": "centroide aproximado del polígono del KMZ local.kmz"
          },
          "notas": "Se agrupan bajo un mismo emplazamiento físico por coincidencia de dirección Costa 8. El BORME recoge objeto social de academia-escuela de artes marciales para Senshido Yawara International.",
          "source_dataset": "centros_artes_marciales_rekalde.geojson",
          "category_standard": "Deporte y actividad física",
          "category_original": "Gimnasio"
        },
        "commercial_name": "Tatami4All Moyua / Senshido Yawara International",
        "enrichment_status": "base;web",
        "enrichment_updated_at": "2026-06-26"
      },
      "geometry": {
        "type": "Point",
        "coordinates": [
          -2.934354,
          43.258093
        ]
      }
    },
    {
      "type": "Feature",
      "properties": {
        "name": "Fitness Park Bilbao Intermodal",
        "category": "Deporte y actividad física",
        "category_original": "Gimnasio",
        "status": "activo",
        "confidence": "Alta",
        "verification": "alta",
        "source": "Directorio academias y gimnasios 1000 m Rekalde con minutos a pie",
        "source_id": "gimnasio-fitness-park-bilbao-intermodal",
        "subcategory": "gimnasio comercial",
        "activity_type": "gimnasio_centro_deportivo",
        "distance_m": 820.2,
        "walking_distance_m": 1458.0,
        "walking_time_min": 18.0,
        "walking_distance_method": "osm_pedestrian_network_dijkstra; snap_local=17.0m; snap_target=29.8m",
        "walking_time_method": "walking_distance_m / 80 m/min, redondeado a minutos",
        "address": "Calle Gurtubay 1, Planta 1, 48013 Bilbao",
        "coordinate_precision": "exacta_directorio",
        "raw_tags": {
          "categoria_actividad": "gimnasio_centro_deportivo",
          "categoria_detalle": "gimnasio comercial",
          "nombre": "Fitness Park Bilbao Intermodal",
          "nombre_descriptivo_actividad": "Centro deportivo: gimnasio comercial (musculación, cardio, cross training, Fight Park, Burning Park, Cycling Park) — Fitness Park Bilbao Intermodal",
          "direccion": "Calle Gurtubay 1, Planta 1, 48013 Bilbao",
          "lon": -2.9501201,
          "lat": 43.2611717,
          "distancia_a_pie_m": 1050,
          "distancia_geodesica_m": 820.2,
          "metodo_distancia_a_pie": "estimacion_red_urbana = distancia_geodesica_m * 1.28, redondeada a 5 m; no es ruta calculada por API de navegación",
          "precision_coord": "exacta_directorio",
          "verificacion": "alta",
          "tiempo_a_pie_min": 13.1,
          "tiempo_a_pie_min_redondeado": 14,
          "metodo_tiempo_a_pie": "Tiempo a pie estimado a partir de distancia_a_pie_m, usando velocidad peatonal de 4.8 km/h (80 m/min).",
          "category_original": "Gimnasio",
          "category_standard": "Deporte y actividad física",
          "category_original_raw": "gimnasio"
        },
        "commercial_name": "Fitness park",
        "enrichment_status": "base;osm:0.83",
        "enrichment_updated_at": "2026-06-26"
      },
      "geometry": {
        "type": "Point",
        "coordinates": [
          -2.9501201,
          43.2611717
        ]
      }
    },
    {
      "type": "Feature",
      "properties": {
        "name": "Club Yamagata",
        "category": "Deporte y actividad física",
        "category_original": "Gimnasio",
        "status": "activo",
        "confidence": "Media",
        "verification": "media_alta_fuente_especifica_artes_marciales",
        "source": "centros_artes_marciales_rekalde.geojson + fuentes web/directorios",
        "source_id": "artes-marciales-club-yamagata",
        "subcategory": "karate Shotokan",
        "activity_type": "gimnasio_centro_deportivo",
        "distance_m": 1196.0,
        "walking_distance_m": 1495.0,
        "walking_time_min": 19.0,
        "walking_distance_method": "estimacion especifica aportada en centros_artes_marciales_rekalde.geojson",
        "walking_time_method": "minutos estimados aportados en centros_artes_marciales_rekalde.geojson",
        "address": "Costa Kalea / Calle Particular de Costa 12, 4º izda., 48010 Bilbao",
        "phone": "688 813 034",
        "email": "info@clubyamagata.com",
        "website": "http://www.clubyamagata.com/",
        "source_url": "http://www.clubyamagata.com/",
        "notes": "Club de karate Shotokan en Costa 12; aparece en listados de Karate Bizkaia y directorios sectoriales.",
        "coordinate_precision": "aproximada por dirección; verificar con cartografía base antes de uso operativo",
        "raw_tags": {
          "nombre": "Club Yamagata",
          "categoria": "club de karate",
          "subcategoria": "karate Shotokan",
          "disciplinas_identificadas": [
            "karate",
            "Shotokan",
            "defensa personal"
          ],
          "direccion": "Costa Kalea / Calle Particular de Costa 12, 4º izda., 48010 Bilbao",
          "barrio_zona": "Moyua / Indautxu",
          "telefono": "688 813 034",
          "email": "info@clubyamagata.com",
          "web": "http://www.clubyamagata.com/",
          "fuentes": [
            "https://www.artesmarcialesbilbao.es/disciplinas/karate",
            "https://karatebizkaia.com/clubs/",
            "https://www.facebook.com/ClubYamagata/",
            "https://kodirecto.com/vizcaya/"
          ],
          "coordenadas_precision": "aproximada por dirección; verificar con cartografía base antes de uso operativo",
          "distancia_lineal_m": 1196,
          "distancia_a_pie_m_estimada": 1495,
          "distancia_a_pie_min_estimada": 19,
          "origen_distancias": {
            "lon": -2.947546,
            "lat": 43.254049,
            "source": "centroide aproximado del polígono del KMZ local.kmz"
          },
          "notas": "Club de karate Shotokan en Costa 12; aparece en listados de Karate Bizkaia y directorios sectoriales.",
          "source_dataset": "centros_artes_marciales_rekalde.geojson",
          "category_standard": "Deporte y actividad física",
          "category_original": "Gimnasio"
        },
        "commercial_name": "Club Yamagata",
        "enrichment_status": "base;web",
        "enrichment_updated_at": "2026-06-26"
      },
      "geometry": {
        "type": "Point",
        "coordinates": [
          -2.93395,
          43.25825
        ]
      }
    },
    {
      "type": "Feature",
      "properties": {
        "name": "Dojo Samurai",
        "category": "Deporte y actividad física",
        "category_original": "Gimnasio",
        "status": "activo",
        "confidence": "Media",
        "verification": "media_alta_fuente_especifica_artes_marciales",
        "source": "centros_artes_marciales_rekalde.geojson + fuentes web/directorios",
        "source_id": "artes-marciales-dojo-samurai",
        "subcategory": "judo / karate / aikido / defensa personal",
        "activity_type": "gimnasio_centro_deportivo",
        "distance_m": 1209.0,
        "walking_distance_m": 1511.0,
        "walking_time_min": 19.0,
        "walking_distance_method": "estimacion especifica aportada en centros_artes_marciales_rekalde.geojson",
        "walking_time_method": "minutos estimados aportados en centros_artes_marciales_rekalde.geojson",
        "address": "Pedro Martínez Artola Kalea 4, Plaza Zabálburu, 48012 Bilbao",
        "phone": "944 434 671 / 699 445 883",
        "website": "https://samuraibilbao.com/",
        "source_url": "https://samuraibilbao.com/",
        "notes": "El centro declara actividad desde 1981 y oferta judo, karate, aikido y defensa personal.",
        "coordinate_precision": "aproximada por dirección; verificar con cartografía base antes de uso operativo",
        "raw_tags": {
          "nombre": "Dojo Samurai",
          "categoria": "escuela de artes marciales",
          "subcategoria": "judo / karate / aikido / defensa personal",
          "disciplinas_identificadas": [
            "judo",
            "karate",
            "aikido",
            "defensa personal"
          ],
          "direccion": "Pedro Martínez Artola Kalea 4, Plaza Zabálburu, 48012 Bilbao",
          "barrio_zona": "Zabálburu / Errekalde-Abando",
          "telefono": "944 434 671 / 699 445 883",
          "email": null,
          "web": "https://samuraibilbao.com/",
          "fuentes": [
            "https://samuraibilbao.com/",
            "https://www.judobilbao.com/",
            "https://www.artesmarcialesbilbao.es/disciplinas/judo",
            "https://www.artesmarcialesbilbao.es/disciplinas/karate"
          ],
          "coordenadas_precision": "aproximada por dirección; verificar con cartografía base antes de uso operativo",
          "distancia_lineal_m": 1209,
          "distancia_a_pie_m_estimada": 1511,
          "distancia_a_pie_min_estimada": 19,
          "origen_distancias": {
            "lon": -2.947546,
            "lat": 43.254049,
            "source": "centroide aproximado del polígono del KMZ local.kmz"
          },
          "notas": "El centro declara actividad desde 1981 y oferta judo, karate, aikido y defensa personal.",
          "source_dataset": "centros_artes_marciales_rekalde.geojson",
          "category_standard": "Deporte y actividad física",
          "category_original": "Gimnasio"
        },
        "commercial_name": "Dojo Samurai",
        "enrichment_status": "base;web",
        "enrichment_updated_at": "2026-06-26"
      },
      "geometry": {
        "type": "Point",
        "coordinates": [
          -2.93278,
          43.25564
        ]
      }
    },
    {
      "type": "Feature",
      "properties": {
        "name": "Polideportivo Rekalde – sala de artes marciales",
        "category": "Deporte y actividad física",
        "category_original": "Gimnasio",
        "status": "activo",
        "confidence": "Alta",
        "verification": "media_alta_fuente_especifica_artes_marciales",
        "source": "centros_artes_marciales_rekalde.geojson + fuentes web/directorios",
        "source_id": "artes-marciales-polideportivo-rekalde-sala-de-artes-marciales",
        "subcategory": "sala de artes marciales",
        "activity_type": "gimnasio_centro_deportivo",
        "distance_m": 1267.0,
        "walking_distance_m": 1584.0,
        "walking_time_min": 20.0,
        "walking_distance_method": "estimacion especifica aportada en centros_artes_marciales_rekalde.geojson",
        "walking_time_method": "minutos estimados aportados en centros_artes_marciales_rekalde.geojson",
        "address": "Carretera Errekalde-Larraskitu 53, 48003 Bilbao",
        "website": "https://www.euskadi.eus/equipamiento/polideportivo-rekalde/polideportivo-rekalde-sala-artes-marciales/131433001/web01-a2kijoko/es/",
        "source_url": "https://www.euskadi.eus/equipamiento/polideportivo-rekalde/polideportivo-rekalde-sala-artes-marciales/131433001/web01-a2kijoko/es/",
        "notes": "Instalación pública con sala de artes marciales; Bilbao Kirolak describe actividad de artes marciales con karate, taekwondo y judo.",
        "coordinate_precision": "alta: coordenada publicada en la ficha de equipamiento del Gobierno Vasco",
        "raw_tags": {
          "nombre": "Polideportivo Rekalde – sala de artes marciales",
          "categoria": "equipamiento deportivo público",
          "subcategoria": "sala de artes marciales",
          "disciplinas_identificadas": [
            "artes marciales",
            "karate",
            "taekwondo",
            "judo"
          ],
          "direccion": "Carretera Errekalde-Larraskitu 53, 48003 Bilbao",
          "barrio_zona": "Rekalde / Larraskitu",
          "telefono": null,
          "email": null,
          "web": "https://www.euskadi.eus/equipamiento/polideportivo-rekalde/polideportivo-rekalde-sala-artes-marciales/131433001/web01-a2kijoko/es/",
          "fuentes": [
            "https://www.euskadi.eus/equipamiento/polideportivo-rekalde/polideportivo-rekalde-sala-artes-marciales/131433001/web01-a2kijoko/es/",
            "https://www.bilbaokirolak.eus/es/actividades/sala-pista/artes-marciales/actividad"
          ],
          "coordenadas_precision": "alta: coordenada publicada en la ficha de equipamiento del Gobierno Vasco",
          "distancia_lineal_m": 1267,
          "distancia_a_pie_m_estimada": 1584,
          "distancia_a_pie_min_estimada": 20,
          "origen_distancias": {
            "lon": -2.947546,
            "lat": 43.254049,
            "source": "centroide aproximado del polígono del KMZ local.kmz"
          },
          "notas": "Instalación pública con sala de artes marciales; Bilbao Kirolak describe actividad de artes marciales con karate, taekwondo y judo.",
          "source_dataset": "centros_artes_marciales_rekalde.geojson",
          "category_standard": "Deporte y actividad física",
          "category_original": "Gimnasio"
        },
        "commercial_name": "Polideportivo Rekalde – sala de artes marciales",
        "enrichment_status": "base;web",
        "enrichment_updated_at": "2026-06-26"
      },
      "geometry": {
        "type": "Point",
        "coordinates": [
          -2.9367865,
          43.2457833
        ]
      }
    },
    {
      "type": "Feature",
      "properties": {
        "name": "Bilbao Combat Center",
        "category": "Deporte y actividad física",
        "category_original": "Gimnasio",
        "status": "activo",
        "confidence": "Media",
        "verification": "media_alta_fuente_especifica_artes_marciales",
        "source": "centros_artes_marciales_rekalde.geojson + fuentes web/directorios",
        "source_id": "artes-marciales-bilbao-combat-center",
        "subcategory": "boxeo / BJJ / combate",
        "activity_type": "gimnasio_centro_deportivo",
        "distance_m": 1479.0,
        "walking_distance_m": 1849.0,
        "walking_time_min": 23.0,
        "walking_distance_method": "estimacion especifica aportada en centros_artes_marciales_rekalde.geojson",
        "walking_time_method": "minutos estimados aportados en centros_artes_marciales_rekalde.geojson",
        "address": "Ángel Ortiz Alfau Kalea 4, 48003 Bilbao",
        "phone": "666 208 488",
        "website": "http://www.bilbaocombatcenter.com/",
        "source_url": "http://www.bilbaocombatcenter.com/",
        "notes": "Algo más alejado del local, pero dentro de un radio útil para analizar competencia de artes marciales/deportes de contacto.",
        "coordinate_precision": "media: coordenada publicada por directorio; dirección confirmada por directorios sectoriales",
        "raw_tags": {
          "nombre": "Bilbao Combat Center",
          "categoria": "centro de deportes de contacto",
          "subcategoria": "boxeo / BJJ / combate",
          "disciplinas_identificadas": [
            "boxeo",
            "BJJ",
            "grappling",
            "deportes de contacto"
          ],
          "direccion": "Ángel Ortiz Alfau Kalea 4, 48003 Bilbao",
          "barrio_zona": "Ibaiondo / Miribilla",
          "telefono": "666 208 488",
          "email": null,
          "web": "http://www.bilbaocombatcenter.com/",
          "fuentes": [
            "https://www.artesmarcialesbilbao.es/disciplinas/bjj",
            "https://www.artesmarcialesbilbao.es/disciplinas/boxeo",
            "https://www.cylex.es/bilbao/artes-marciales/",
            "https://uy.maptons.com/p/3658598571"
          ],
          "coordenadas_precision": "media: coordenada publicada por directorio; dirección confirmada por directorios sectoriales",
          "distancia_lineal_m": 1479,
          "distancia_a_pie_m_estimada": 1849,
          "distancia_a_pie_min_estimada": 23,
          "origen_distancias": {
            "lon": -2.947546,
            "lat": 43.254049,
            "source": "centroide aproximado del polígono del KMZ local.kmz"
          },
          "notas": "Algo más alejado del local, pero dentro de un radio útil para analizar competencia de artes marciales/deportes de contacto.",
          "source_dataset": "centros_artes_marciales_rekalde.geojson",
          "category_standard": "Deporte y actividad física",
          "category_original": "Gimnasio"
        },
        "commercial_name": "Bilbao Combat Center",
        "enrichment_status": "base;web",
        "enrichment_updated_at": "2026-06-26"
      },
      "geometry": {
        "type": "Point",
        "coordinates": [
          -2.9300072,
          43.2503462
        ]
      }
    },
    {
      "type": "Feature",
      "properties": {
        "name": "Mugenkai / Mugendo Bilbao",
        "category": "Deporte y actividad física",
        "category_original": "Gimnasio",
        "status": "activo",
        "confidence": "Media",
        "verification": "media_alta_fuente_especifica_artes_marciales",
        "source": "centros_artes_marciales_rekalde.geojson + fuentes web/directorios",
        "source_id": "artes-marciales-mugenkai-mugendo-bilbao",
        "subcategory": "Mugendo / defensa personal / artes marciales",
        "activity_type": "gimnasio_centro_deportivo",
        "distance_m": 1874.0,
        "walking_distance_m": 2342.0,
        "walking_time_min": 29.0,
        "walking_distance_method": "estimacion especifica aportada en centros_artes_marciales_rekalde.geojson",
        "walking_time_method": "minutos estimados aportados en centros_artes_marciales_rekalde.geojson",
        "address": "Cosme Echevarrieta Kalea 4, 48009 Bilbao",
        "phone": "944 230 520",
        "email": "info@mugenkai.es",
        "website": "https://mugenkai.es/",
        "source_url": "https://mugenkai.es/",
        "notes": "Incluido aunque queda fuera del entorno inmediato de Rekalde, por ser un competidor sectorial relevante en Bilbao centro.",
        "coordinate_precision": "alta-media: coordenada de directorio y dirección confirmada por web oficial",
        "raw_tags": {
          "nombre": "Mugenkai / Mugendo Bilbao",
          "categoria": "escuela de artes marciales y defensa personal",
          "subcategoria": "Mugendo / defensa personal / artes marciales",
          "disciplinas_identificadas": [
            "mugendo",
            "defensa personal",
            "karate híbrido",
            "kickboxing"
          ],
          "direccion": "Cosme Echevarrieta Kalea 4, 48009 Bilbao",
          "barrio_zona": "Abando",
          "telefono": "944 230 520",
          "email": "info@mugenkai.es",
          "web": "https://mugenkai.es/",
          "fuentes": [
            "https://mugenkai.es/",
            "https://www.artesmarcialesbilbao.es/disciplinas/kick-boxing",
            "https://jm.maptons.com/p/3658599053"
          ],
          "coordenadas_precision": "alta-media: coordenada de directorio y dirección confirmada por web oficial",
          "distancia_lineal_m": 1874,
          "distancia_a_pie_m_estimada": 2342,
          "distancia_a_pie_min_estimada": 29,
          "origen_distancias": {
            "lon": -2.947546,
            "lat": 43.254049,
            "source": "centroide aproximado del polígono del KMZ local.kmz"
          },
          "notas": "Incluido aunque queda fuera del entorno inmediato de Rekalde, por ser un competidor sectorial relevante en Bilbao centro.",
          "source_dataset": "centros_artes_marciales_rekalde.geojson",
          "category_standard": "Deporte y actividad física",
          "category_original": "Gimnasio"
        },
        "commercial_name": "Mugenkai / Mugendo Bilbao",
        "enrichment_status": "base;web",
        "enrichment_updated_at": "2026-06-26"
      },
      "geometry": {
        "type": "Point",
        "coordinates": [
          -2.9314757,
          43.2661787
        ]
      }
    },
    {
      "type": "Feature",
      "properties": {
        "name": "Local vacío",
        "category": "Disponibilidad inmobiliaria",
        "category_original": "Local vacío",
        "status": "pendiente",
        "confidence": "Media",
        "source": "actividades.geojson",
        "source_id": "local-vacío-local-vacío--2.9504-43.2484",
        "walking_distance_m": 838.0,
        "walking_time_min": 10.0,
        "walking_distance_method": "osm_pedestrian_network_dijkstra; snap_local=17.0m; snap_target=7.4m",
        "walking_time_method": "walking_distance_m / 80 m/min, redondeado a minutos",
        "raw_tags": {
          "name": "Local vacío",
          "category": "local vacío",
          "status": "pendiente",
          "confidence": "Media",
          "category_original": "Local vacío",
          "category_standard": "Disponibilidad inmobiliaria",
          "category_original_raw": "local vacío"
        },
        "commercial_name": "Local vacío",
        "enrichment_status": "base",
        "enrichment_updated_at": "2026-06-26"
      },
      "geometry": {
        "type": "Point",
        "coordinates": [
          -2.9504,
          43.2484
        ]
      }
    },
    {
      "type": "Feature",
      "properties": {
        "name": "Academia Besam",
        "category": "Educación y formación",
        "category_original": "Formación",
        "status": "activo",
        "confidence": "Alta",
        "verification": "alta",
        "source": "Directorio academias y gimnasios 1000 m Rekalde con minutos a pie",
        "source_id": "formación-academia-besam",
        "subcategory": "idiomas",
        "activity_type": "academia_formacion",
        "distance_m": 16.4,
        "walking_distance_m": 49.0,
        "walking_time_min": 1.0,
        "walking_distance_method": "osm_pedestrian_network_dijkstra; snap_local=17.0m; snap_target=12.7m",
        "walking_time_method": "walking_distance_m / 80 m/min, redondeado a minutos",
        "address": "Camilo Villabaso Kalea, 8, 48002 Bilbao",
        "phone": "946 127 945 / 679 055 079 / 944 102 057",
        "email": "academiabesam@gmail.com",
        "website": "https://academiabesambilbao.es/",
        "source_url": "https://academiabesambilbao.es/",
        "notes": "FECEI y otros directorios sitúan el centro en Camilo Villabaso 8; existen listados antiguos con Plaza Alfredo Kraus 2, por lo que se conserva la dirección más consistente/actual.",
        "coordinate_precision": "exacta_directorio",
        "raw_tags": {
          "categoria_actividad": "academia_formacion",
          "categoria_detalle": "idiomas",
          "nombre": "Academia Besam",
          "nombre_descriptivo_actividad": "Academia / centro de formación: idiomas (inglés, euskera, alemán, japonés) — Academia Besam",
          "direccion": "Camilo Villabaso Kalea, 8, 48002 Bilbao",
          "lon": -2.94736267,
          "lat": 43.25411474,
          "distancia_a_pie_m": 20,
          "distancia_geodesica_m": 16.4,
          "metodo_distancia_a_pie": "estimacion_red_urbana = distancia_geodesica_m * 1.28, redondeada a 5 m; no es ruta calculada por API de navegación",
          "precision_coord": "exacta_directorio",
          "verificacion": "alta",
          "tiempo_a_pie_min": 0.2,
          "tiempo_a_pie_min_redondeado": 1,
          "metodo_tiempo_a_pie": "Tiempo a pie estimado a partir de distancia_a_pie_m, usando velocidad peatonal de 4.8 km/h (80 m/min).",
          "category_original": "Formación",
          "category_standard": "Educación y formación",
          "category_original_raw": "formación",
          "language_school_enrichment": {
            "categoria": "academia de idiomas y apoyo escolar",
            "subcategoria": "inglés / Cambridge / euskera / francés / alemán",
            "idiomas_identificados": [
              "inglés",
              "euskera",
              "francés",
              "alemán"
            ],
            "direccion": "Camilo Villabaso Kalea, 8, 48002 Bilbao, Errekalde",
            "barrio_zona": "Rekalde",
            "telefono": "946 127 945 / 679 055 079",
            "email": "academiabesam@gmail.com",
            "web": "https://academiabesambilbao.es/",
            "fuentes": [
              "https://www.fecei.org/listings/besam-academia/",
              "https://academiabesambilbao.es/"
            ],
            "coordenadas_precision": "aproximada por dirección",
            "notas": "FECEI y otros directorios sitúan el centro en Camilo Villabaso 8; existen listados antiguos con Plaza Alfredo Kraus 2, por lo que se conserva la dirección más consistente/actual.",
            "nombre": "Academia BESAM",
            "origen_distancias": {
              "lon": -2.947546,
              "lat": 43.254049,
              "source": "centroide aproximado del polígono del KMZ local.kmz"
            },
            "distancia_lineal_m": 168,
            "distancia_a_pie_m_estimada": 210,
            "distancia_a_pie_min_estimada": 3
          },
          "language_school_source_dataset": "academias_idiomas_rekalde.geojson"
        },
        "commercial_name": "Academia Besam",
        "enrichment_status": "base;web",
        "enrichment_updated_at": "2026-06-26"
      },
      "geometry": {
        "type": "Point",
        "coordinates": [
          -2.947362668,
          43.254114735
        ]
      }
    },
    {
      "type": "Feature",
      "properties": {
        "name": "Eidal Formación / Eidal Idiomas",
        "category": "Educación y formación",
        "category_original": "Formación",
        "status": "activo",
        "confidence": "Media",
        "verification": "media",
        "source": "Directorio academias y gimnasios 1000 m Rekalde con minutos a pie",
        "source_id": "formación-eidal-formación-eidal-idiomas",
        "subcategory": "Idiomas y formación",
        "activity_type": "academia_formacion",
        "distance_m": 124.8,
        "walking_distance_m": 219.0,
        "walking_time_min": 3.0,
        "walking_distance_method": "osm_pedestrian_network_dijkstra; snap_local=17.0m; snap_target=35.4m",
        "walking_time_method": "walking_distance_m / 80 m/min, redondeado a minutos",
        "address": "Calle Elexabarri, 17, 48002 Bilbao",
        "phone": "944 438 620",
        "website": "https://eidal.es/",
        "coordinate_precision": "estimada_direccion",
        "raw_tags": {
          "categoria_actividad": "academia_formacion",
          "categoria_detalle": "idiomas_y_formacion",
          "nombre": "Eidal Formación / Eidal Idiomas",
          "nombre_descriptivo_actividad": "Academia / centro de formación: idiomas_y_formacion (idiomas; formación) — Eidal Formación / Eidal Idiomas",
          "direccion": "Calle Elexabarri, 17, 48002 Bilbao",
          "lon": -2.94615,
          "lat": 43.25355,
          "distancia_a_pie_m": 160,
          "distancia_geodesica_m": 124.8,
          "metodo_distancia_a_pie": "estimacion_red_urbana = distancia_geodesica_m * 1.28, redondeada a 5 m; no es ruta calculada por API de navegación",
          "precision_coord": "estimada_direccion",
          "verificacion": "media",
          "tiempo_a_pie_min": 2,
          "tiempo_a_pie_min_redondeado": 2,
          "metodo_tiempo_a_pie": "Tiempo a pie estimado a partir de distancia_a_pie_m, usando velocidad peatonal de 4.8 km/h (80 m/min).",
          "category_original": "Formación",
          "category_standard": "Educación y formación",
          "category_original_raw": "formación"
        },
        "commercial_name": "Eidal Formación / Eidal Idiomas",
        "enrichment_status": "base;web",
        "enrichment_updated_at": "2026-06-26"
      },
      "geometry": {
        "type": "Point",
        "coordinates": [
          -2.94615,
          43.25355
        ]
      }
    },
    {
      "type": "Feature",
      "properties": {
        "name": "Academia IDUS Rekalde",
        "category": "Educación y formación",
        "category_original": "Formación",
        "status": "activo",
        "confidence": "Alta",
        "verification": "alta",
        "source": "Directorio academias y gimnasios 1000 m Rekalde con minutos a pie",
        "source_id": "formación-academia-idus-rekalde",
        "subcategory": "Apoyo escolar y estudios",
        "activity_type": "academia_formacion",
        "distance_m": 166.0,
        "walking_distance_m": 271.0,
        "walking_time_min": 3.0,
        "walking_distance_method": "osm_pedestrian_network_dijkstra; snap_local=17.0m; snap_target=18.7m",
        "walking_time_method": "walking_distance_m / 80 m/min, redondeado a minutos",
        "address": "Gordóniz Kalea, 44, 5ª planta, puerta 6, 48002 Bilbao",
        "phone": "944 441 778 / 603 432 237",
        "email": "idusrekalde@gmail.com",
        "coordinate_precision": "exacta_registro_direccion",
        "raw_tags": {
          "categoria_actividad": "academia_formacion",
          "categoria_detalle": "apoyo_escolar_y_estudios",
          "nombre": "Academia IDUS Rekalde",
          "nombre_descriptivo_actividad": "Academia / centro de formación: apoyo_escolar_y_estudios (apoyo escolar; refuerzo; estudios diversos) — Academia IDUS Rekalde",
          "direccion": "Gordóniz Kalea, 44, 5ª planta, puerta 6, 48002 Bilbao",
          "lon": -2.9454973,
          "lat": 43.2538877,
          "distancia_a_pie_m": 215,
          "distancia_geodesica_m": 166,
          "metodo_distancia_a_pie": "estimacion_red_urbana = distancia_geodesica_m * 1.28, redondeada a 5 m; no es ruta calculada por API de navegación",
          "precision_coord": "exacta_registro_direccion",
          "verificacion": "alta",
          "tiempo_a_pie_min": 2.7,
          "tiempo_a_pie_min_redondeado": 3,
          "metodo_tiempo_a_pie": "Tiempo a pie estimado a partir de distancia_a_pie_m, usando velocidad peatonal de 4.8 km/h (80 m/min).",
          "category_original": "Formación",
          "category_standard": "Educación y formación",
          "category_original_raw": "formación"
        },
        "commercial_name": "Academia IDUS Rekalde",
        "enrichment_status": "base",
        "enrichment_updated_at": "2026-06-26"
      },
      "geometry": {
        "type": "Point",
        "coordinates": [
          -2.9454973,
          43.2538877
        ]
      }
    },
    {
      "type": "Feature",
      "properties": {
        "name": "Txipli-Txapla",
        "category": "Educación y formación",
        "category_original": "Escuela infantil",
        "status": "activo",
        "confidence": "Alta",
        "source": "OpenStreetMap / Overpass",
        "source_id": "2337581085",
        "walking_distance_m": 317.0,
        "walking_time_min": 4.0,
        "walking_distance_method": "osm_pedestrian_network_dijkstra; snap_local=17.0m; snap_target=9.3m",
        "walking_time_method": "walking_distance_m / 80 m/min, redondeado a minutos",
        "raw_tags": {
          "amenity": "kindergarten",
          "education": "kindergarten",
          "name": "Txipli-Txapla",
          "category_original": "Escuela infantil",
          "category_standard": "Educación y formación",
          "category_original_raw": "kindergarten"
        },
        "commercial_name": "Txipli-Txapla",
        "enrichment_status": "base;osm:0.86",
        "enrichment_updated_at": "2026-06-26"
      },
      "geometry": {
        "type": "Point",
        "coordinates": [
          -2.9484454,
          43.2559342
        ]
      }
    },
    {
      "type": "Feature",
      "properties": {
        "name": "Oxford LS Rekalde",
        "category": "Educación y formación",
        "category_original": "Formación",
        "status": "activo",
        "confidence": "Alta",
        "verification": "alta",
        "source": "Directorio academias y gimnasios 1000 m Rekalde con minutos a pie",
        "source_id": "formación-oxford-ls-rekalde",
        "subcategory": "idiomas",
        "activity_type": "academia_formacion",
        "distance_m": 322.5,
        "walking_distance_m": 419.0,
        "walking_time_min": 5.0,
        "walking_distance_method": "osm_pedestrian_network_dijkstra; snap_local=17.0m; snap_target=21.5m",
        "walking_time_method": "walking_distance_m / 80 m/min, redondeado a minutos",
        "address": "Ciudadela Kalea, 2, 48002 Bilbao",
        "phone": "946 564 445 / 673 343 125",
        "email": "rekalde@oxfordls.com",
        "website": "https://oxfordls.com/academia-de-ingles-rekalde/",
        "source_url": "https://oxfordls.com/academia-de-ingles-rekalde/",
        "notes": "La web indica clases de inglés en Rekalde, 6 aulas, grupos reducidos, clases one-to-one y preparación de exámenes.",
        "coordinate_precision": "exacta_directorio",
        "raw_tags": {
          "categoria_actividad": "academia_formacion",
          "categoria_detalle": "idiomas",
          "nombre": "Oxford LS Rekalde",
          "nombre_descriptivo_actividad": "Academia / centro de formación: idiomas (inglés) — Oxford LS Rekalde",
          "direccion": "Ciudadela Kalea, 2, 48002 Bilbao",
          "lon": -2.94464,
          "lat": 43.25205,
          "distancia_a_pie_m": 415,
          "distancia_geodesica_m": 322.5,
          "metodo_distancia_a_pie": "estimacion_red_urbana = distancia_geodesica_m * 1.28, redondeada a 5 m; no es ruta calculada por API de navegación",
          "precision_coord": "exacta_directorio",
          "verificacion": "alta",
          "tiempo_a_pie_min": 5.2,
          "tiempo_a_pie_min_redondeado": 6,
          "metodo_tiempo_a_pie": "Tiempo a pie estimado a partir de distancia_a_pie_m, usando velocidad peatonal de 4.8 km/h (80 m/min).",
          "category_original": "Formación",
          "category_standard": "Educación y formación",
          "category_original_raw": "formación",
          "language_school_enrichment": {
            "categoria": "academia de idiomas",
            "subcategoria": "inglés / preparación exámenes / niños-adultos-empresas",
            "idiomas_identificados": [
              "inglés"
            ],
            "direccion": "Ciudadela Kalea, 2, 48002 Bilbo, Bizkaia",
            "barrio_zona": "Rekalde",
            "telefono": "946 564 445 / 673 343 125",
            "email": "rekalde@oxfordls.com",
            "web": "https://oxfordls.com/academia-de-ingles-rekalde/",
            "fuentes": [
              "https://oxfordls.com/academia-de-ingles-rekalde/"
            ],
            "coordenadas_precision": "aproximada por dirección; verificar contra cartografía catastral/Google/OSM antes de uso operativo",
            "notas": "La web indica clases de inglés en Rekalde, 6 aulas, grupos reducidos, clases one-to-one y preparación de exámenes.",
            "nombre": "Oxford Language School Rekalde",
            "origen_distancias": {
              "lon": -2.947546,
              "lat": 43.254049,
              "source": "centroide aproximado del polígono del KMZ local.kmz"
            },
            "distancia_lineal_m": 153,
            "distancia_a_pie_m_estimada": 190,
            "distancia_a_pie_min_estimada": 2
          },
          "language_school_source_dataset": "academias_idiomas_rekalde.geojson"
        },
        "commercial_name": "Oxford LS Rekalde",
        "enrichment_status": "base",
        "enrichment_updated_at": "2026-06-26",
        "photo_url": "https://oxfordls.com/wp-content/uploads/2020/10/banner-nuevo-e1622531112182.jpg",
        "photo_source_url": "https://oxfordls.com/academia-de-ingles-rekalde/",
        "photo_source": "Web pública"
      },
      "geometry": {
        "type": "Point",
        "coordinates": [
          -2.94464,
          43.25205
        ]
      }
    },
    {
      "type": "Feature",
      "properties": {
        "name": "ELEJABARRI",
        "category": "Educación y formación",
        "category_original": "Colegio",
        "status": "activo",
        "confidence": "Media",
        "source": "Open Data Euskadi - Centros docentes no universitarios de Euskadi",
        "source_id": "14115",
        "subcategory": "Colegio público de Educación Infantil y Primaria",
        "activity_type": "colegio_centro_docente",
        "type_code": "CEIP",
        "distance_m": 157.0,
        "walking_distance_m": 436.0,
        "walking_time_min": 5.0,
        "walking_distance_method": "osm_pedestrian_network_dijkstra; snap_local=17.0m; snap_target=34.3m",
        "walking_time_method": "walking_distance_m / 80 m/min, redondeado a minutos",
        "address": "TOLOSA 6, 48002 Bilbao",
        "phone": "944433919",
        "email": "014115aa@hezkuntza.net",
        "ownership": "DEPART. EDUCACIÓN",
        "source_url": "https://opendata.euskadi.eus/contenidos/ds_localizaciones/centros_docentes_no_universit/es_euskadi/adjuntos/dirgennouniv.csv",
        "official_id": "14115",
        "coordinate_precision": "oficial_utm_etrs89_transformada_wgs84",
        "raw_tags": {
          "id_oficial": "14115",
          "categoria_actividad": "colegio_centro_docente",
          "categoria_detalle": "Colegio público de Educación Infantil y Primaria",
          "tipo_centro_codigo": "CEIP",
          "nombre": "ELEJABARRI",
          "nombre_descriptivo_actividad": "ELEJABARRI — Colegio público de Educación Infantil y Primaria",
          "direccion": "TOLOSA 6, 48002 Bilbao",
          "lon": -2.9494073,
          "lat": 43.2536799,
          "distancia_geodesica_m": 157,
          "distancia_a_pie_m": 200,
          "tiempo_a_pie_min": 2.5,
          "tiempo_a_pie_min_redondeado": 3,
          "metodo_distancia_a_pie": "Estimación: distancia geodésica * 1,28; no es ruta real calculada sobre red viaria",
          "metodo_tiempo_a_pie": "Velocidad peatonal asumida: 4,8 km/h (80 m/min)",
          "titularidad": "DEPART. EDUCACIÓN",
          "telefono": "944433919",
          "email": "014115aa@hezkuntza.net",
          "web": "",
          "precision_coord": "oficial_utm_etrs89_transformada_wgs84",
          "fuente_principal": "Open Data Euskadi - Centros docentes no universitarios de Euskadi",
          "source_url": "https://opendata.euskadi.eus/contenidos/ds_localizaciones/centros_docentes_no_universit/es_euskadi/adjuntos/dirgennouniv.csv",
          "centroide_local_lat": 43.2540395,
          "centroide_local_lon": -2.9475368,
          "radio_filtro_m": 1000,
          "category_original": "Colegio",
          "category_standard": "Educación y formación",
          "category_original_raw": "colegio"
        },
        "commercial_name": "Elejabarri HLHI",
        "enrichment_status": "base;osm:0.80;web",
        "enrichment_updated_at": "2026-06-26",
        "website": "https://elejabarrieskola.eu/"
      },
      "geometry": {
        "type": "Point",
        "coordinates": [
          -2.9494073,
          43.2536799
        ]
      }
    },
    {
      "type": "Feature",
      "properties": {
        "name": "GABRIEL ARESTI",
        "category": "Educación y formación",
        "category_original": "Colegio",
        "status": "activo",
        "confidence": "Media",
        "source": "Open Data Euskadi - Centros docentes no universitarios de Euskadi",
        "source_id": "14119",
        "subcategory": "Colegio público de Educación Infantil y Primaria",
        "activity_type": "colegio_centro_docente",
        "type_code": "CEIP",
        "distance_m": 387.0,
        "walking_distance_m": 517.0,
        "walking_time_min": 6.0,
        "walking_distance_method": "osm_pedestrian_network_dijkstra; snap_local=17.0m; snap_target=20.7m",
        "walking_time_method": "walking_distance_m / 80 m/min, redondeado a minutos",
        "address": "ERREKALDE 3, 48002 Bilbao",
        "phone": "944288297",
        "email": "014119aa@hezkuntza.net",
        "website": "http://www.gabrielarestilhi.hezkuntza.net/",
        "ownership": "DEPART. EDUCACIÓN",
        "source_url": "https://opendata.euskadi.eus/contenidos/ds_localizaciones/centros_docentes_no_universit/es_euskadi/adjuntos/dirgennouniv.csv",
        "official_id": "14119",
        "coordinate_precision": "oficial_utm_etrs89_transformada_wgs84",
        "raw_tags": {
          "id_oficial": "14119",
          "categoria_actividad": "colegio_centro_docente",
          "categoria_detalle": "Colegio público de Educación Infantil y Primaria",
          "tipo_centro_codigo": "CEIP",
          "nombre": "GABRIEL ARESTI",
          "nombre_descriptivo_actividad": "GABRIEL ARESTI — Colegio público de Educación Infantil y Primaria",
          "direccion": "ERREKALDE 3, 48002 Bilbao",
          "lon": -2.945557,
          "lat": 43.2508684,
          "distancia_geodesica_m": 387,
          "distancia_a_pie_m": 495,
          "tiempo_a_pie_min": 6.2,
          "tiempo_a_pie_min_redondeado": 7,
          "metodo_distancia_a_pie": "Estimación: distancia geodésica * 1,28; no es ruta real calculada sobre red viaria",
          "metodo_tiempo_a_pie": "Velocidad peatonal asumida: 4,8 km/h (80 m/min)",
          "titularidad": "DEPART. EDUCACIÓN",
          "telefono": "944288297",
          "email": "014119aa@hezkuntza.net",
          "web": "http://www.gabrielarestilhi.hezkuntza.net",
          "precision_coord": "oficial_utm_etrs89_transformada_wgs84",
          "fuente_principal": "Open Data Euskadi - Centros docentes no universitarios de Euskadi",
          "source_url": "https://opendata.euskadi.eus/contenidos/ds_localizaciones/centros_docentes_no_universit/es_euskadi/adjuntos/dirgennouniv.csv",
          "centroide_local_lat": 43.2540395,
          "centroide_local_lon": -2.9475368,
          "radio_filtro_m": 1000,
          "category_original": "Colegio",
          "category_standard": "Educación y formación",
          "category_original_raw": "colegio"
        },
        "commercial_name": "Gabriel Aresti HLHI",
        "enrichment_status": "base;osm:0.80;web_error:URLError",
        "enrichment_updated_at": "2026-06-26"
      },
      "geometry": {
        "type": "Point",
        "coordinates": [
          -2.945557,
          43.2508684
        ]
      }
    },
    {
      "type": "Feature",
      "properties": {
        "name": "ADSIS BILBAO",
        "category": "Educación y formación",
        "category_original": "Formación profesional",
        "status": "activo",
        "confidence": "Media",
        "source": "Open Data Euskadi - Centros docentes no universitarios de Euskadi",
        "source_id": "14893",
        "subcategory": "Centro privado de Formación Profesional Básica",
        "activity_type": "centro_formacion_profesional",
        "type_code": "CPFPB",
        "distance_m": 328.0,
        "walking_distance_m": 521.0,
        "walking_time_min": 7.0,
        "walking_distance_method": "osm_pedestrian_network_dijkstra; snap_local=17.0m; snap_target=23.5m",
        "walking_time_method": "walking_distance_m / 80 m/min, redondeado a minutos",
        "address": "PADRE LARRAMENDI 2 (ENTPL. IZ), 48012 Bilbao",
        "phone": "944222833",
        "email": "bizkaia@fundacionadsis.org",
        "ownership": "PRIVADA",
        "source_url": "https://opendata.euskadi.eus/contenidos/ds_localizaciones/centros_docentes_no_universit/es_euskadi/adjuntos/dirgennouniv.csv",
        "official_id": "14893",
        "coordinate_precision": "oficial_utm_etrs89_transformada_wgs84",
        "raw_tags": {
          "id_oficial": "14893",
          "categoria_actividad": "centro_formacion_profesional",
          "categoria_detalle": "Centro privado de Formación Profesional Básica",
          "tipo_centro_codigo": "CPFPB",
          "nombre": "ADSIS BILBAO",
          "nombre_descriptivo_actividad": "ADSIS BILBAO — Centro privado de Formación Profesional Básica",
          "direccion": "PADRE LARRAMENDI 2 (ENTPL. IZ), 48012 Bilbao",
          "lon": -2.9434943,
          "lat": 43.2538473,
          "distancia_geodesica_m": 328,
          "distancia_a_pie_m": 420,
          "tiempo_a_pie_min": 5.2,
          "tiempo_a_pie_min_redondeado": 6,
          "metodo_distancia_a_pie": "Estimación: distancia geodésica * 1,28; no es ruta real calculada sobre red viaria",
          "metodo_tiempo_a_pie": "Velocidad peatonal asumida: 4,8 km/h (80 m/min)",
          "titularidad": "PRIVADA",
          "telefono": "944222833",
          "email": "bizkaia@fundacionadsis.org",
          "web": "",
          "precision_coord": "oficial_utm_etrs89_transformada_wgs84",
          "fuente_principal": "Open Data Euskadi - Centros docentes no universitarios de Euskadi",
          "source_url": "https://opendata.euskadi.eus/contenidos/ds_localizaciones/centros_docentes_no_universit/es_euskadi/adjuntos/dirgennouniv.csv",
          "centroide_local_lat": 43.2540395,
          "centroide_local_lon": -2.9475368,
          "radio_filtro_m": 1000,
          "category_original": "Formación profesional",
          "category_standard": "Educación y formación",
          "category_original_raw": "formación profesional"
        },
        "commercial_name": "ADSIS BILBAO",
        "enrichment_status": "base",
        "enrichment_updated_at": "2026-06-26"
      },
      "geometry": {
        "type": "Point",
        "coordinates": [
          -2.9434943,
          43.2538473
        ]
      }
    },
    {
      "type": "Feature",
      "properties": {
        "name": "Speak International S.L.",
        "category": "Educación y formación",
        "category_original": "Formación",
        "status": "activo",
        "confidence": "Alta",
        "verification": "media_alta_fuente_especifica_idiomas",
        "source": "academias_idiomas_rekalde.geojson + fuentes web/directorios",
        "source_id": "formación-speak-international-s-l",
        "subcategory": "Idiomas",
        "activity_type": "academia_formacion",
        "distance_m": 424.0,
        "walking_distance_m": 530.0,
        "walking_time_min": 7.0,
        "walking_distance_method": "estimación específica aportada en academias_idiomas_rekalde.geojson",
        "walking_time_method": "minutos estimados aportados en academias_idiomas_rekalde.geojson",
        "address": "Avenida del Ferrocarril / Trenbideko Etorbidea, 10-bis, 48012 Bilbao",
        "phone": "944 273 349",
        "source_url": "https://guia.enbizkaia.com/academias-de-idiomas/speak-international/1198",
        "notes": "Listados empresariales la clasifican como academia/enseñanza de idiomas; conviene verificar actividad actual antes de valoración comercial.",
        "coordinate_precision": "aproximada por dirección",
        "raw_tags": {
          "categoria": "academia de idiomas",
          "subcategoria": "idiomas / formación lingüística",
          "idiomas_identificados": [
            "idiomas no especificados en fuente consultada"
          ],
          "direccion": "Avenida del Ferrocarril / Trenbideko Etorbidea, 10-bis, 48012 Bilbao",
          "barrio_zona": "Ametzola / La Casilla",
          "telefono": "944 273 349",
          "email": null,
          "web": null,
          "fuentes": [
            "https://guia.enbizkaia.com/academias-de-idiomas/speak-international/1198",
            "https://empresite.eleconomista.es/SPEAK-INTERNATIONAL.html"
          ],
          "coordenadas_precision": "aproximada por dirección",
          "notas": "Listados empresariales la clasifican como academia/enseñanza de idiomas; conviene verificar actividad actual antes de valoración comercial.",
          "nombre": "Speak International S.L.",
          "origen_distancias": {
            "lon": -2.947546,
            "lat": 43.254049,
            "source": "centroide aproximado del polígono del KMZ local.kmz"
          },
          "distancia_lineal_m": 424,
          "distancia_a_pie_m_estimada": 530,
          "distancia_a_pie_min_estimada": 7,
          "source_dataset": "academias_idiomas_rekalde.geojson",
          "category_standard": "Educación y formación",
          "category_original": "Formación"
        },
        "commercial_name": "Speak International S.L.",
        "enrichment_status": "base",
        "enrichment_updated_at": "2026-06-26"
      },
      "geometry": {
        "type": "Point",
        "coordinates": [
          -2.94415,
          43.25695
        ]
      }
    },
    {
      "type": "Feature",
      "properties": {
        "name": "Juan Mateo Zabala Euskaltegia",
        "category": "Educación y formación",
        "category_original": "Formación",
        "status": "activo",
        "confidence": "Media",
        "verification": "media",
        "source": "Directorio academias y gimnasios 1000 m Rekalde con minutos a pie",
        "source_id": "formación-juan-mateo-zabala-euskaltegia",
        "subcategory": "euskaltegi",
        "activity_type": "academia_formacion",
        "distance_m": 349.6,
        "walking_distance_m": 574.0,
        "walking_time_min": 7.0,
        "walking_distance_method": "osm_pedestrian_network_dijkstra; snap_local=17.0m; snap_target=30.4m",
        "walking_time_method": "walking_distance_m / 80 m/min, redondeado a minutos",
        "address": "Gordóniz Kalea, 22, 2º, 48012 Bilbao",
        "phone": "944 221 388",
        "email": "info@juanmateozabala.eus",
        "website": "https://www.juanmateozabala.eus/es/inicio/",
        "source_url": "https://www.juanmateozabala.eus/es/inicio/",
        "notes": "Centro homologado HABE según Bilbao Dendak; formación de euskera.",
        "coordinate_precision": "estimada_direccion",
        "raw_tags": {
          "categoria_actividad": "academia_formacion",
          "categoria_detalle": "euskaltegi",
          "nombre": "Juan Mateo Zabala Euskaltegia",
          "nombre_descriptivo_actividad": "Academia / centro de formación: euskaltegi (euskera) — Juan Mateo Zabala Euskaltegia",
          "direccion": "Gordóniz Kalea, 22, 2º, 48012 Bilbao",
          "lon": -2.9444,
          "lat": 43.2562,
          "distancia_a_pie_m": 450,
          "distancia_geodesica_m": 349.6,
          "metodo_distancia_a_pie": "estimacion_red_urbana = distancia_geodesica_m * 1.28, redondeada a 5 m; no es ruta calculada por API de navegación",
          "precision_coord": "estimada_direccion",
          "verificacion": "media",
          "tiempo_a_pie_min": 5.6,
          "tiempo_a_pie_min_redondeado": 6,
          "metodo_tiempo_a_pie": "Tiempo a pie estimado a partir de distancia_a_pie_m, usando velocidad peatonal de 4.8 km/h (80 m/min).",
          "category_original": "Formación",
          "category_standard": "Educación y formación",
          "category_original_raw": "formación",
          "language_school_enrichment": {
            "categoria": "euskaltegi / academia de euskera",
            "subcategoria": "euskera adultos, jóvenes, empresas, autoaprendizaje",
            "idiomas_identificados": [
              "euskera"
            ],
            "direccion": "Gordóniz Kalea, 22, 2º, 48012 Bilbo",
            "barrio_zona": "Ametzola / La Casilla",
            "telefono": "944 221 388",
            "email": "info@juanmateozabala.eus",
            "web": "https://www.juanmateozabala.eus/es/inicio/",
            "fuentes": [
              "https://www.juanmateozabala.eus/es/inicio/",
              "https://www.bilbaodendak.eus/comercios/juan-mateo-zabala-euskaltegia/"
            ],
            "coordenadas_precision": "aproximada por dirección",
            "notas": "Centro homologado HABE según Bilbao Dendak; formación de euskera.",
            "nombre": "Juan Mateo Zabala Euskaltegia",
            "origen_distancias": {
              "lon": -2.947546,
              "lat": 43.254049,
              "source": "centroide aproximado del polígono del KMZ local.kmz"
            },
            "distancia_lineal_m": 442,
            "distancia_a_pie_m_estimada": 550,
            "distancia_a_pie_min_estimada": 7
          },
          "language_school_source_dataset": "academias_idiomas_rekalde.geojson"
        },
        "commercial_name": "Juan Mateo Zabala Euskaltegia",
        "enrichment_status": "base;web",
        "enrichment_updated_at": "2026-06-26"
      },
      "geometry": {
        "type": "Point",
        "coordinates": [
          -2.9444,
          43.2562
        ]
      }
    },
    {
      "type": "Feature",
      "properties": {
        "name": "Kids&Us Bilbao Amézola",
        "category": "Educación y formación",
        "category_original": "Formación",
        "status": "activo",
        "confidence": "Alta",
        "verification": "media_alta_fuente_especifica_idiomas",
        "source": "OpenStreetMap / Overpass",
        "source_id": "12431142881",
        "subcategory": "Idiomas",
        "activity_type": "academia_formacion",
        "walking_distance_m": 584.0,
        "walking_time_min": 7.0,
        "walking_distance_method": "osm_pedestrian_network_dijkstra; snap_local=17.0m; snap_target=12.7m",
        "walking_time_method": "walking_distance_m / 80 m/min, redondeado a minutos",
        "address": "Gordóniz Kalea, 47, 48012 Bilbao; otras fuentes oficiales mencionan Autonomía 50 / zona Ametzola-La Casilla",
        "phone": "946 418 338 / 627 150 094",
        "website": "https://www.kidsandus.es/es/academias-ingles/bilbaoamezola",
        "source_url": "https://www.kidsandus.es/es/academias-ingles/bilbaoamezola",
        "notes": "El sitio oficial ubica el centro en Ametzola, límite con Indautxu, junto a Avenida del Ferrocarril y próximo a La Casilla; Cylex/Openalfa lo ubican en Gordóniz 47.",
        "coordinate_precision": "aproximada por dirección; comprobar porque hay discrepancia entre Gordóniz 47 y Autonomía 50",
        "raw_tags": {
          "amenity": "language_school",
          "check_date": "2024-12-18",
          "education": "language_school",
          "name": "Kids & Us",
          "category_original": "Formación",
          "category_standard": "Educación y formación",
          "category_original_raw": "formación",
          "language_school_enrichment": {
            "categoria": "academia de inglés infantil y juvenil",
            "subcategoria": "inglés para niños/as y adolescentes",
            "idiomas_identificados": [
              "inglés"
            ],
            "direccion": "Gordóniz Kalea, 47, 48012 Bilbao; otras fuentes oficiales mencionan Autonomía 50 / zona Ametzola-La Casilla",
            "barrio_zona": "Ametzola / límite Rekalde-Indautxu",
            "telefono": "946 418 338 / 627 150 094",
            "email": null,
            "web": "https://www.kidsandus.es/es/academias-ingles/bilbaoamezola",
            "fuentes": [
              "https://www.kidsandus.es/es/academias-ingles/bilbaoamezola",
              "https://www.cylex.es/bilbao/kids-us---ingl%C3%A9s-para-ni%C3%B1os-13809244.html",
              "https://callejero.openalfa.es/calles/calle-maria-victoria-uribe-laso-48012-errekalde-bilbao"
            ],
            "coordenadas_precision": "aproximada por dirección; comprobar porque hay discrepancia entre Gordóniz 47 y Autonomía 50",
            "notas": "El sitio oficial ubica el centro en Ametzola, límite con Indautxu, junto a Avenida del Ferrocarril y próximo a La Casilla; Cylex/Openalfa lo ubican en Gordóniz 47.",
            "nombre": "Kids&Us Bilbao Amézola",
            "origen_distancias": {
              "lon": -2.947546,
              "lat": 43.254049,
              "source": "centroide aproximado del polígono del KMZ local.kmz"
            },
            "distancia_lineal_m": 457,
            "distancia_a_pie_m_estimada": 570,
            "distancia_a_pie_min_estimada": 7,
            "source_dataset": "academias_idiomas_rekalde.geojson",
            "category_standard": "Educación y formación",
            "category_original": "Formación"
          },
          "language_school_source_dataset": "academias_idiomas_rekalde.geojson"
        },
        "commercial_name": "Kids & Us",
        "enrichment_status": "base;osm:0.86;web",
        "enrichment_updated_at": "2026-06-26"
      },
      "geometry": {
        "type": "Point",
        "coordinates": [
          -2.9427365,
          43.256082
        ]
      }
    },
    {
      "type": "Feature",
      "properties": {
        "name": "MIKELDI",
        "category": "Educación y formación",
        "category_original": "Formación profesional",
        "status": "activo",
        "confidence": "Media",
        "source": "Open Data Euskadi - Centros docentes no universitarios de Euskadi",
        "source_id": "14669",
        "subcategory": "Centro privado de Formación Profesional / Enseñanza Secundaria",
        "activity_type": "centro_formacion_profesional",
        "type_code": "CPES",
        "distance_m": 486.0,
        "walking_distance_m": 624.0,
        "walking_time_min": 8.0,
        "walking_distance_method": "osm_pedestrian_network_dijkstra; snap_local=17.0m; snap_target=3.9m",
        "walking_time_method": "walking_distance_m / 80 m/min, redondeado a minutos",
        "address": "AUTONOMIA 62, 48012 Bilbao",
        "phone": "944211131",
        "email": "secretaria@mikeldi.com",
        "website": "http://www.mikeldi.com/",
        "ownership": "PRIVADA",
        "source_url": "https://opendata.euskadi.eus/contenidos/ds_localizaciones/centros_docentes_no_universit/es_euskadi/adjuntos/dirgennouniv.csv",
        "official_id": "14669",
        "coordinate_precision": "oficial_utm_etrs89_transformada_wgs84",
        "raw_tags": {
          "id_oficial": "14669",
          "categoria_actividad": "centro_formacion_profesional",
          "categoria_detalle": "Centro privado de Formación Profesional / Enseñanza Secundaria",
          "tipo_centro_codigo": "CPES",
          "nombre": "MIKELDI",
          "nombre_descriptivo_actividad": "MIKELDI — Centro privado de Formación Profesional / Enseñanza Secundaria",
          "direccion": "AUTONOMIA 62, 48012 Bilbao",
          "lon": -2.944724,
          "lat": 43.2578955,
          "distancia_geodesica_m": 486,
          "distancia_a_pie_m": 620,
          "tiempo_a_pie_min": 7.8,
          "tiempo_a_pie_min_redondeado": 8,
          "metodo_distancia_a_pie": "Estimación: distancia geodésica * 1,28; no es ruta real calculada sobre red viaria",
          "metodo_tiempo_a_pie": "Velocidad peatonal asumida: 4,8 km/h (80 m/min)",
          "titularidad": "PRIVADA",
          "telefono": "944211131",
          "email": "secretaria@mikeldi.com",
          "web": "http://www.mikeldi.com",
          "precision_coord": "oficial_utm_etrs89_transformada_wgs84",
          "fuente_principal": "Open Data Euskadi - Centros docentes no universitarios de Euskadi",
          "source_url": "https://opendata.euskadi.eus/contenidos/ds_localizaciones/centros_docentes_no_universit/es_euskadi/adjuntos/dirgennouniv.csv",
          "centroide_local_lat": 43.2540395,
          "centroide_local_lon": -2.9475368,
          "radio_filtro_m": 1000,
          "category_original": "Formación profesional",
          "category_standard": "Educación y formación",
          "category_original_raw": "formación profesional"
        },
        "commercial_name": "MIKELDI",
        "enrichment_status": "base;web",
        "enrichment_updated_at": "2026-06-26"
      },
      "geometry": {
        "type": "Point",
        "coordinates": [
          -2.944724,
          43.2578955
        ]
      }
    },
    {
      "type": "Feature",
      "properties": {
        "name": "Mikeldi Centro de Estudios",
        "category": "Educación y formación",
        "category_original": "Formación",
        "status": "activo",
        "confidence": "Alta",
        "verification": "alta",
        "source": "Directorio academias y gimnasios 1000 m Rekalde con minutos a pie",
        "source_id": "formación-mikeldi-centro-de-estudios",
        "subcategory": "Formación profesional y estudios",
        "activity_type": "academia_formacion",
        "distance_m": 493.5,
        "walking_distance_m": 632.0,
        "walking_time_min": 8.0,
        "walking_distance_method": "osm_pedestrian_network_dijkstra; snap_local=17.0m; snap_target=11.9m",
        "walking_time_method": "walking_distance_m / 80 m/min, redondeado a minutos",
        "address": "Autonomía, 62, 48012 Bilbao",
        "phone": "944 211 131",
        "email": "direccion@mikeldi.com",
        "website": "https://mikeldi.com/",
        "coordinate_precision": "exacta_registro",
        "raw_tags": {
          "categoria_actividad": "academia_formacion",
          "categoria_detalle": "formacion_profesional_y_estudios",
          "nombre": "Mikeldi Centro de Estudios",
          "nombre_descriptivo_actividad": "Academia / centro de formación: formacion_profesional_y_estudios (formación profesional; estudios diversos) — Mikeldi Centro de Estudios",
          "direccion": "Autonomía, 62, 48012 Bilbao",
          "lon": -2.9446971,
          "lat": 43.257966,
          "distancia_a_pie_m": 630,
          "distancia_geodesica_m": 493.5,
          "metodo_distancia_a_pie": "estimacion_red_urbana = distancia_geodesica_m * 1.28, redondeada a 5 m; no es ruta calculada por API de navegación",
          "precision_coord": "exacta_registro",
          "verificacion": "alta",
          "tiempo_a_pie_min": 7.9,
          "tiempo_a_pie_min_redondeado": 8,
          "metodo_tiempo_a_pie": "Tiempo a pie estimado a partir de distancia_a_pie_m, usando velocidad peatonal de 4.8 km/h (80 m/min).",
          "category_original": "Formación",
          "category_standard": "Educación y formación",
          "category_original_raw": "formación"
        },
        "commercial_name": "Mikeldi Centro de Estudios",
        "enrichment_status": "base;web",
        "enrichment_updated_at": "2026-06-26"
      },
      "geometry": {
        "type": "Point",
        "coordinates": [
          -2.9446971,
          43.257966
        ]
      }
    },
    {
      "type": "Feature",
      "properties": {
        "name": "Academia de barrio",
        "category": "Educación y formación",
        "category_original": "Formación",
        "status": "activo",
        "confidence": "Media",
        "source": "actividades.geojson",
        "source_id": "formación-academia-de-barrio--2.9498-43.2499",
        "walking_distance_m": 659.0,
        "walking_time_min": 8.0,
        "walking_distance_method": "osm_pedestrian_network_dijkstra; snap_local=17.0m; snap_target=7.3m",
        "walking_time_method": "walking_distance_m / 80 m/min, redondeado a minutos",
        "raw_tags": {
          "name": "Academia de barrio",
          "category": "formación",
          "status": "activo",
          "confidence": "Media",
          "category_original": "Formación",
          "category_standard": "Educación y formación",
          "category_original_raw": "formación"
        },
        "commercial_name": "Academia de barrio",
        "enrichment_status": "base",
        "enrichment_updated_at": "2026-06-26"
      },
      "geometry": {
        "type": "Point",
        "coordinates": [
          -2.9498,
          43.2499
        ]
      }
    },
    {
      "type": "Feature",
      "properties": {
        "name": "Urtats AEK Euskaltegia",
        "category": "Educación y formación",
        "category_original": "Formación",
        "status": "activo",
        "confidence": "Media",
        "verification": "media",
        "source": "Directorio academias y gimnasios 1000 m Rekalde con minutos a pie",
        "source_id": "formación-urtats-aek-euskaltegia",
        "subcategory": "euskaltegi",
        "activity_type": "academia_formacion",
        "distance_m": 538.3,
        "walking_distance_m": 686.0,
        "walking_time_min": 9.0,
        "walking_distance_method": "osm_pedestrian_network_dijkstra; snap_local=17.0m; snap_target=30.8m",
        "walking_time_method": "walking_distance_m / 80 m/min, redondeado a minutos",
        "address": "Kirikiño Etorbidea, 22, 48012 Bilbao",
        "phone": "944 211 304",
        "coordinate_precision": "estimada_direccion",
        "raw_tags": {
          "categoria_actividad": "academia_formacion",
          "categoria_detalle": "euskaltegi",
          "nombre": "Urtats AEK Euskaltegia",
          "nombre_descriptivo_actividad": "Academia / centro de formación: euskaltegi (euskera) — Urtats AEK Euskaltegia",
          "direccion": "Kirikiño Etorbidea, 22, 48012 Bilbao",
          "lon": -2.94115,
          "lat": 43.2527,
          "distancia_a_pie_m": 690,
          "distancia_geodesica_m": 538.3,
          "metodo_distancia_a_pie": "estimacion_red_urbana = distancia_geodesica_m * 1.28, redondeada a 5 m; no es ruta calculada por API de navegación",
          "precision_coord": "estimada_direccion",
          "verificacion": "media",
          "tiempo_a_pie_min": 8.6,
          "tiempo_a_pie_min_redondeado": 9,
          "metodo_tiempo_a_pie": "Tiempo a pie estimado a partir de distancia_a_pie_m, usando velocidad peatonal de 4.8 km/h (80 m/min).",
          "category_original": "Formación",
          "category_standard": "Educación y formación",
          "category_original_raw": "formación"
        },
        "commercial_name": "Urtats AEK Euskaltegia",
        "enrichment_status": "base",
        "enrichment_updated_at": "2026-06-26"
      },
      "geometry": {
        "type": "Point",
        "coordinates": [
          -2.94115,
          43.2527
        ]
      }
    },
    {
      "type": "Feature",
      "properties": {
        "name": "Shuren Multidiomas Bilbao",
        "category": "Educación y formación",
        "category_original": "Formación",
        "status": "activo",
        "confidence": "Alta",
        "verification": "alta",
        "source": "Directorio academias y gimnasios 1000 m Rekalde con minutos a pie",
        "source_id": "formación-shuren-multidiomas-bilbao",
        "subcategory": "idiomas",
        "activity_type": "academia_formacion",
        "distance_m": 546.9,
        "walking_distance_m": 693.0,
        "walking_time_min": 9.0,
        "walking_distance_method": "osm_pedestrian_network_dijkstra; snap_local=17.0m; snap_target=13.8m",
        "walking_time_method": "walking_distance_m / 80 m/min, redondeado a minutos",
        "address": "General Salazar, 16, 48012 Bilbao",
        "phone": "946 960 353",
        "source_url": "https://es.nextdoor.com/pages/shuren-multidiomas-bilbao-bilbo-euskadi/",
        "notes": "Directorio indica academia de chino en Bilbao y más idiomas; Nextdoor publica coordenadas 43.256028, -2.941075.",
        "coordinate_precision": "exacta_directorio",
        "raw_tags": {
          "categoria_actividad": "academia_formacion",
          "categoria_detalle": "idiomas",
          "nombre": "Shuren Multidiomas Bilbao",
          "nombre_descriptivo_actividad": "Academia / centro de formación: idiomas (chino; euskera; apoyo extraescolar) — Shuren Multidiomas Bilbao",
          "direccion": "General Salazar, 16, 48012 Bilbao",
          "lon": -2.94135339,
          "lat": 43.25601712,
          "distancia_a_pie_m": 700,
          "distancia_geodesica_m": 546.9,
          "metodo_distancia_a_pie": "estimacion_red_urbana = distancia_geodesica_m * 1.28, redondeada a 5 m; no es ruta calculada por API de navegación",
          "precision_coord": "exacta_directorio",
          "verificacion": "alta",
          "tiempo_a_pie_min": 8.8,
          "tiempo_a_pie_min_redondeado": 9,
          "metodo_tiempo_a_pie": "Tiempo a pie estimado a partir de distancia_a_pie_m, usando velocidad peatonal de 4.8 km/h (80 m/min).",
          "category_original": "Formación",
          "category_standard": "Educación y formación",
          "category_original_raw": "formación",
          "language_school_enrichment": {
            "categoria": "academia de idiomas",
            "subcategoria": "chino / inglés / otros idiomas",
            "idiomas_identificados": [
              "chino mandarín",
              "inglés",
              "otros"
            ],
            "direccion": "Salazar Jeneralaren Kalea, 16, 48012 Bilbao",
            "barrio_zona": "Ametzola / Errekalde",
            "telefono": "946 960 353 / 633 262 948",
            "email": null,
            "web": null,
            "fuentes": [
              "https://es.nextdoor.com/pages/shuren-multidiomas-bilbao-bilbo-euskadi/",
              "https://escuelasdeidiomas.com.es/es-es/i/4815-shuren-multidiomas-academia-de-chino-en-bilbao/"
            ],
            "coordenadas_precision": "coordenada publicada por directorio local; verificar antes de uso operativo",
            "notas": "Directorio indica academia de chino en Bilbao y más idiomas; Nextdoor publica coordenadas 43.256028, -2.941075.",
            "nombre": "Shuren Multidiomas",
            "origen_distancias": {
              "lon": -2.947546,
              "lat": 43.254049,
              "source": "centroide aproximado del polígono del KMZ local.kmz"
            },
            "distancia_lineal_m": 568,
            "distancia_a_pie_m_estimada": 710,
            "distancia_a_pie_min_estimada": 9
          },
          "language_school_source_dataset": "academias_idiomas_rekalde.geojson"
        },
        "commercial_name": "Shuren Multidiomas Bilbao",
        "enrichment_status": "base",
        "enrichment_updated_at": "2026-06-26"
      },
      "geometry": {
        "type": "Point",
        "coordinates": [
          -2.941353386,
          43.256017122
        ]
      }
    },
    {
      "type": "Feature",
      "properties": {
        "name": "BASURTO",
        "category": "Educación y formación",
        "category_original": "Colegio",
        "status": "activo",
        "confidence": "Media",
        "source": "Open Data Euskadi - Centros docentes no universitarios de Euskadi",
        "source_id": "14108",
        "subcategory": "Colegio público de Educación Infantil y Primaria",
        "activity_type": "colegio_centro_docente",
        "type_code": "CEIP",
        "distance_m": 522.0,
        "walking_distance_m": 744.0,
        "walking_time_min": 9.0,
        "walking_distance_method": "osm_pedestrian_network_dijkstra; snap_local=17.0m; snap_target=47.7m",
        "walking_time_method": "walking_distance_m / 80 m/min, redondeado a minutos",
        "address": "ZANKOETA 2, 48013 Bilbao",
        "phone": "944287917",
        "email": "014108aa@hezkuntza.net",
        "website": "https://www.basurtoikastetxea.net/",
        "ownership": "DEPART. EDUCACIÓN",
        "source_url": "https://opendata.euskadi.eus/contenidos/ds_localizaciones/centros_docentes_no_universit/es_euskadi/adjuntos/dirgennouniv.csv",
        "official_id": "14108",
        "coordinate_precision": "oficial_utm_etrs89_transformada_wgs84",
        "raw_tags": {
          "id_oficial": "14108",
          "categoria_actividad": "colegio_centro_docente",
          "categoria_detalle": "Colegio público de Educación Infantil y Primaria",
          "tipo_centro_codigo": "CEIP",
          "nombre": "BASURTO",
          "nombre_descriptivo_actividad": "BASURTO — Colegio público de Educación Infantil y Primaria",
          "direccion": "ZANKOETA 2, 48013 Bilbao",
          "lon": -2.9489071,
          "lat": 43.2586307,
          "distancia_geodesica_m": 522,
          "distancia_a_pie_m": 670,
          "tiempo_a_pie_min": 8.4,
          "tiempo_a_pie_min_redondeado": 9,
          "metodo_distancia_a_pie": "Estimación: distancia geodésica * 1,28; no es ruta real calculada sobre red viaria",
          "metodo_tiempo_a_pie": "Velocidad peatonal asumida: 4,8 km/h (80 m/min)",
          "titularidad": "DEPART. EDUCACIÓN",
          "telefono": "944287917",
          "email": "014108aa@hezkuntza.net",
          "web": "https://www.basurtoikastetxea.net/",
          "precision_coord": "oficial_utm_etrs89_transformada_wgs84",
          "fuente_principal": "Open Data Euskadi - Centros docentes no universitarios de Euskadi",
          "source_url": "https://opendata.euskadi.eus/contenidos/ds_localizaciones/centros_docentes_no_universit/es_euskadi/adjuntos/dirgennouniv.csv",
          "centroide_local_lat": 43.2540395,
          "centroide_local_lon": -2.9475368,
          "radio_filtro_m": 1000,
          "category_original": "Colegio",
          "category_standard": "Educación y formación",
          "category_original_raw": "colegio"
        },
        "commercial_name": "CEIP Basurto HLHI",
        "enrichment_status": "base;osm:0.86",
        "enrichment_updated_at": "2026-06-26",
        "photo_url": "https://lh3.googleusercontent.com/sitesv/AA5AbUCi1qb0aW3wcnsgTmc3LBfUEvBLOweBIxjPmYfz5QU704npumBpoQrjkQBMGOGpZIjaWgjrQ2eYxf3R9He_ytq68RavLAaY5K3DVGPNlEe5d5yyD6mYHMylweDNg-PQFJuqeGNphVm4MPnpr5txexbkyllQK7gfBDYZagM42dvh2FLcxRyEY9MI=w16383",
        "photo_source_url": "https://www.basurtoikastetxea.net/",
        "photo_source": "Web pública"
      },
      "geometry": {
        "type": "Point",
        "coordinates": [
          -2.9489071,
          43.2586307
        ]
      }
    },
    {
      "type": "Feature",
      "properties": {
        "name": "ESKURTZE",
        "category": "Educación y formación",
        "category_original": "Colegio",
        "status": "activo",
        "confidence": "Media",
        "source": "Open Data Euskadi - Centros docentes no universitarios de Euskadi",
        "source_id": "14200",
        "subcategory": "Instituto de Educación Secundaria",
        "activity_type": "colegio_centro_docente",
        "type_code": "IES",
        "distance_m": 696.0,
        "walking_distance_m": 757.0,
        "walking_time_min": 9.0,
        "walking_distance_method": "osm_pedestrian_network_dijkstra; snap_local=17.0m; snap_target=16.2m",
        "walking_time_method": "walking_distance_m / 80 m/min, redondeado a minutos",
        "address": "ESKURTZE 11, 48012 Bilbao",
        "phone": "944280114",
        "email": "014200aa@hezkuntza.net",
        "website": "http://www.eskurtze.net/",
        "ownership": "DEPART. EDUCACIÓN",
        "source_url": "https://opendata.euskadi.eus/contenidos/ds_localizaciones/centros_docentes_no_universit/es_euskadi/adjuntos/dirgennouniv.csv",
        "official_id": "14200",
        "coordinate_precision": "oficial_utm_etrs89_transformada_wgs84",
        "raw_tags": {
          "id_oficial": "14200",
          "categoria_actividad": "colegio_centro_docente",
          "categoria_detalle": "Instituto de Educación Secundaria",
          "tipo_centro_codigo": "IES",
          "nombre": "ESKURTZE",
          "nombre_descriptivo_actividad": "ESKURTZE — Instituto de Educación Secundaria",
          "direccion": "ESKURTZE 11, 48012 Bilbao",
          "lon": -2.9394054,
          "lat": 43.252022,
          "distancia_geodesica_m": 696,
          "distancia_a_pie_m": 890,
          "tiempo_a_pie_min": 11.1,
          "tiempo_a_pie_min_redondeado": 12,
          "metodo_distancia_a_pie": "Estimación: distancia geodésica * 1,28; no es ruta real calculada sobre red viaria",
          "metodo_tiempo_a_pie": "Velocidad peatonal asumida: 4,8 km/h (80 m/min)",
          "titularidad": "DEPART. EDUCACIÓN",
          "telefono": "944280114",
          "email": "014200aa@hezkuntza.net",
          "web": "http://www.eskurtze.net",
          "precision_coord": "oficial_utm_etrs89_transformada_wgs84",
          "fuente_principal": "Open Data Euskadi - Centros docentes no universitarios de Euskadi",
          "source_url": "https://opendata.euskadi.eus/contenidos/ds_localizaciones/centros_docentes_no_universit/es_euskadi/adjuntos/dirgennouniv.csv",
          "centroide_local_lat": 43.2540395,
          "centroide_local_lon": -2.9475368,
          "radio_filtro_m": 1000,
          "category_original": "Colegio",
          "category_standard": "Educación y formación",
          "category_original_raw": "colegio"
        },
        "commercial_name": "33-ESKURTZE",
        "enrichment_status": "base;osm:0.81;web_error:URLError",
        "enrichment_updated_at": "2026-06-26"
      },
      "geometry": {
        "type": "Point",
        "coordinates": [
          -2.9394054,
          43.252022
        ]
      }
    },
    {
      "type": "Feature",
      "properties": {
        "name": "Fundación Adsis - Rekalde",
        "category": "Educación y formación",
        "category_original": "Formación",
        "status": "activo",
        "confidence": "Media",
        "verification": "media",
        "source": "Directorio academias y gimnasios 1000 m Rekalde con minutos a pie",
        "source_id": "formación-fundación-adsis-rekalde",
        "subcategory": "Formación para el empleo",
        "activity_type": "academia_formacion",
        "distance_m": 471.8,
        "walking_distance_m": 770.0,
        "walking_time_min": 10.0,
        "walking_distance_method": "osm_pedestrian_network_dijkstra; snap_local=17.0m; snap_target=16.7m",
        "walking_time_method": "walking_distance_m / 80 m/min, redondeado a minutos",
        "address": "Padre Larramendi, 2, 48012 Bilbao",
        "phone": "944 222 833",
        "email": "bizkaia@fundacionadsis.org / foebilbao@fundacionadsis.org",
        "coordinate_precision": "estimada_direccion",
        "raw_tags": {
          "categoria_actividad": "academia_formacion",
          "categoria_detalle": "formacion_para_empleo",
          "nombre": "Fundación Adsis - Rekalde",
          "nombre_descriptivo_actividad": "Academia / centro de formación: formacion_para_empleo (formación; cursos Lanbide; inserción) — Fundación Adsis - Rekalde",
          "direccion": "Padre Larramendi, 2, 48012 Bilbao",
          "lon": -2.9418,
          "lat": 43.25478,
          "distancia_a_pie_m": 605,
          "distancia_geodesica_m": 471.8,
          "metodo_distancia_a_pie": "estimacion_red_urbana = distancia_geodesica_m * 1.28, redondeada a 5 m; no es ruta calculada por API de navegación",
          "precision_coord": "estimada_direccion",
          "verificacion": "media",
          "tiempo_a_pie_min": 7.6,
          "tiempo_a_pie_min_redondeado": 8,
          "metodo_tiempo_a_pie": "Tiempo a pie estimado a partir de distancia_a_pie_m, usando velocidad peatonal de 4.8 km/h (80 m/min).",
          "category_original": "Formación",
          "category_standard": "Educación y formación",
          "category_original_raw": "formación"
        },
        "commercial_name": "Fundación Adsis - Rekalde",
        "enrichment_status": "base",
        "enrichment_updated_at": "2026-06-26"
      },
      "geometry": {
        "type": "Point",
        "coordinates": [
          -2.9418,
          43.25478
        ]
      }
    },
    {
      "type": "Feature",
      "properties": {
        "name": "English Talk Bilbao",
        "category": "Educación y formación",
        "category_original": "Formación",
        "status": "activo",
        "confidence": "Alta",
        "verification": "media_alta_fuente_especifica_idiomas",
        "source": "academias_idiomas_rekalde.geojson + fuentes web/directorios",
        "source_id": "formación-english-talk-bilbao",
        "subcategory": "Idiomas",
        "activity_type": "academia_formacion",
        "distance_m": 641.0,
        "walking_distance_m": 800.0,
        "walking_time_min": 10.0,
        "walking_distance_method": "estimación específica aportada en academias_idiomas_rekalde.geojson",
        "walking_time_method": "minutos estimados aportados en academias_idiomas_rekalde.geojson",
        "address": "C/ Dr. Félix Landín, 8, 48008 Bilbao",
        "phone": "944 612 872 / 615 413 550",
        "email": "info@englishtalkbilbao.com",
        "website": "https://englishtalkbilbao.com/",
        "source_url": "https://englishtalkbilbao.com/",
        "notes": "Web oficial: grupos reducidos, inglés para niños, jóvenes, adultos y empresas; también clases privadas de otros idiomas.",
        "coordinate_precision": "aproximada por dirección",
        "raw_tags": {
          "categoria": "academia de inglés",
          "subcategoria": "inglés niños-jóvenes-adultos-empresas / otros idiomas particulares",
          "idiomas_identificados": [
            "inglés",
            "euskera",
            "francés",
            "alemán",
            "italiano",
            "polaco"
          ],
          "direccion": "C/ Dr. Félix Landín, 8, 48008 Bilbao",
          "barrio_zona": "La Casilla / Indautxu-Ametzola",
          "telefono": "944 612 872 / 615 413 550",
          "email": "info@englishtalkbilbao.com",
          "web": "https://englishtalkbilbao.com/",
          "fuentes": [
            "https://englishtalkbilbao.com/"
          ],
          "coordenadas_precision": "aproximada por dirección",
          "notas": "Web oficial: grupos reducidos, inglés para niños, jóvenes, adultos y empresas; también clases privadas de otros idiomas.",
          "nombre": "English Talk Bilbao",
          "origen_distancias": {
            "lon": -2.947546,
            "lat": 43.254049,
            "source": "centroide aproximado del polígono del KMZ local.kmz"
          },
          "distancia_lineal_m": 641,
          "distancia_a_pie_m_estimada": 800,
          "distancia_a_pie_min_estimada": 10,
          "source_dataset": "academias_idiomas_rekalde.geojson",
          "category_standard": "Educación y formación",
          "category_original": "Formación"
        },
        "commercial_name": "English Talk Bilbao",
        "enrichment_status": "base",
        "enrichment_updated_at": "2026-06-26",
        "photo_url": "https://englishtalkbilbao.com/wp-content/uploads/english-talk-ballons.png",
        "photo_source_url": "https://englishtalkbilbao.com/",
        "photo_source": "Web pública"
      },
      "geometry": {
        "type": "Point",
        "coordinates": [
          -2.94105,
          43.25735
        ]
      }
    },
    {
      "type": "Feature",
      "properties": {
        "name": "Izi Pizi Akademia",
        "category": "Educación y formación",
        "category_original": "Formación",
        "status": "activo",
        "confidence": "Alta",
        "verification": "media_alta_fuente_especifica_idiomas",
        "source": "academias_idiomas_rekalde.geojson + fuentes web/directorios",
        "source_id": "formación-izi-pizi-akademia",
        "subcategory": "Idiomas",
        "activity_type": "academia_formacion",
        "distance_m": 646.0,
        "walking_distance_m": 810.0,
        "walking_time_min": 10.0,
        "walking_distance_method": "estimación específica aportada en academias_idiomas_rekalde.geojson",
        "walking_time_method": "minutos estimados aportados en academias_idiomas_rekalde.geojson",
        "address": "Avenida San Adrián, 34, Bilbao",
        "website": "https://izipiziakademia.com/",
        "source_url": "https://izipiziakademia.com/",
        "notes": "Algo más alejada del local que las de Rekalde-Ametzola, pero relevante para el entorno ampliado; ofrece euskera e inglés.",
        "coordinate_precision": "aproximada por dirección",
        "raw_tags": {
          "categoria": "academia de refuerzo e idiomas",
          "subcategoria": "euskera / inglés / refuerzo escolar",
          "idiomas_identificados": [
            "euskera",
            "inglés"
          ],
          "direccion": "Avenida San Adrián, 34, Bilbao",
          "barrio_zona": "San Adrián / Miribilla-Irala",
          "telefono": null,
          "email": null,
          "web": "https://izipiziakademia.com/",
          "fuentes": [
            "https://izipiziakademia.com/"
          ],
          "coordenadas_precision": "aproximada por dirección",
          "notas": "Algo más alejada del local que las de Rekalde-Ametzola, pero relevante para el entorno ampliado; ofrece euskera e inglés.",
          "nombre": "Izi Pizi Akademia",
          "origen_distancias": {
            "lon": -2.947546,
            "lat": 43.254049,
            "source": "centroide aproximado del polígono del KMZ local.kmz"
          },
          "distancia_lineal_m": 646,
          "distancia_a_pie_m_estimada": 810,
          "distancia_a_pie_min_estimada": 10,
          "source_dataset": "academias_idiomas_rekalde.geojson",
          "category_standard": "Educación y formación",
          "category_original": "Formación"
        },
        "commercial_name": "Izi Pizi Akademia",
        "enrichment_status": "base;web",
        "enrichment_updated_at": "2026-06-26"
      },
      "geometry": {
        "type": "Point",
        "coordinates": [
          -2.94225,
          43.2497
        ]
      }
    },
    {
      "type": "Feature",
      "properties": {
        "name": "Potxolines",
        "category": "Educación y formación",
        "category_original": "Escuela infantil",
        "status": "activo",
        "confidence": "Alta",
        "source": "OpenStreetMap / Overpass",
        "source_id": "5694476130",
        "walking_distance_m": 819.0,
        "walking_time_min": 10.0,
        "walking_distance_method": "osm_pedestrian_network_dijkstra; snap_local=17.0m; snap_target=20.8m",
        "walking_time_method": "walking_distance_m / 80 m/min, redondeado a minutos",
        "raw_tags": {
          "amenity": "kindergarten",
          "education": "kindergarten",
          "name": "Potxolines",
          "category_original": "Escuela infantil",
          "category_standard": "Educación y formación",
          "category_original_raw": "kindergarten"
        },
        "commercial_name": "Potxolines",
        "enrichment_status": "base;osm:0.86",
        "enrichment_updated_at": "2026-06-26"
      },
      "geometry": {
        "type": "Point",
        "coordinates": [
          -2.9403997,
          43.2525079
        ]
      }
    },
    {
      "type": "Feature",
      "properties": {
        "name": "INDAUTXUKO ESKOLA",
        "category": "Educación y formación",
        "category_original": "Colegio",
        "status": "activo",
        "confidence": "Media",
        "source": "Open Data Euskadi - Centros docentes no universitarios de Euskadi",
        "source_id": "14117",
        "subcategory": "Colegio público de Educación Infantil y Primaria",
        "activity_type": "colegio_centro_docente",
        "type_code": "CEIP",
        "distance_m": 594.0,
        "walking_distance_m": 827.0,
        "walking_time_min": 10.0,
        "walking_distance_method": "osm_pedestrian_network_dijkstra; snap_local=17.0m; snap_target=41.6m",
        "walking_time_method": "walking_distance_m / 80 m/min, redondeado a minutos",
        "address": "MANUEL ALLENDE 28, 48010 Bilbao",
        "phone": "944287916",
        "email": "014117aa@hezkuntza.net",
        "website": "http://www.indautxukoeskola.net/",
        "ownership": "DEPART. EDUCACIÓN",
        "source_url": "https://opendata.euskadi.eus/contenidos/ds_localizaciones/centros_docentes_no_universit/es_euskadi/adjuntos/dirgennouniv.csv",
        "official_id": "14117",
        "coordinate_precision": "oficial_utm_etrs89_transformada_wgs84",
        "raw_tags": {
          "id_oficial": "14117",
          "categoria_actividad": "colegio_centro_docente",
          "categoria_detalle": "Colegio público de Educación Infantil y Primaria",
          "tipo_centro_codigo": "CEIP",
          "nombre": "INDAUTXUKO ESKOLA",
          "nombre_descriptivo_actividad": "INDAUTXUKO ESKOLA — Colegio público de Educación Infantil y Primaria",
          "direccion": "MANUEL ALLENDE 28, 48010 Bilbao",
          "lon": -2.9427084,
          "lat": 43.2580653,
          "distancia_geodesica_m": 594,
          "distancia_a_pie_m": 760,
          "tiempo_a_pie_min": 9.5,
          "tiempo_a_pie_min_redondeado": 10,
          "metodo_distancia_a_pie": "Estimación: distancia geodésica * 1,28; no es ruta real calculada sobre red viaria",
          "metodo_tiempo_a_pie": "Velocidad peatonal asumida: 4,8 km/h (80 m/min)",
          "titularidad": "DEPART. EDUCACIÓN",
          "telefono": "944287916",
          "email": "014117aa@hezkuntza.net",
          "web": "http://www.indautxukoeskola.net",
          "precision_coord": "oficial_utm_etrs89_transformada_wgs84",
          "fuente_principal": "Open Data Euskadi - Centros docentes no universitarios de Euskadi",
          "source_url": "https://opendata.euskadi.eus/contenidos/ds_localizaciones/centros_docentes_no_universit/es_euskadi/adjuntos/dirgennouniv.csv",
          "centroide_local_lat": 43.2540395,
          "centroide_local_lon": -2.9475368,
          "radio_filtro_m": 1000,
          "category_original": "Colegio",
          "category_standard": "Educación y formación",
          "category_original_raw": "colegio"
        },
        "commercial_name": "INDAUTXUKO ESKOLA",
        "enrichment_status": "base",
        "enrichment_updated_at": "2026-06-26",
        "photo_url": "https://lh3.googleusercontent.com/sitesv/AA5AbUBpPCQx_jWXEhtfMPeLtS16O2YNvaJJbqYsUFFCsRDzJOAUp4-_vYAIhfAfarWlz6tWoj9Mipb4K-ANJZUaFkDZ3Bce0-M2G3WokKy1ECzELiTJzL-Rm1AFgSUunhxQHZxQL-vFsESRKs24zUhZrfre-50hW4PzvcL7yn1IGy1VrF7Gdb1lQXaaj811rbU=w16383",
        "photo_source_url": "https://www.indautxukoeskola.net/",
        "photo_source": "Web pública"
      },
      "geometry": {
        "type": "Point",
        "coordinates": [
          -2.9427084,
          43.2580653
        ]
      }
    },
    {
      "type": "Feature",
      "properties": {
        "name": "Auto eskola Le Mans",
        "category": "Educación y formación",
        "category_original": "Autoescuela",
        "status": "activo",
        "confidence": "Alta",
        "source": "OpenStreetMap / Overpass",
        "source_id": "5694476136",
        "walking_distance_m": 830.0,
        "walking_time_min": 10.0,
        "walking_distance_method": "osm_pedestrian_network_dijkstra; snap_local=17.0m; snap_target=4.7m",
        "walking_time_method": "walking_distance_m / 80 m/min, redondeado a minutos",
        "raw_tags": {
          "amenity": "driving_school",
          "education": "driving_school",
          "name": "Auto eskola Le Mans",
          "category_original": "Autoescuela",
          "category_standard": "Educación y formación",
          "category_original_raw": "driving_school"
        },
        "commercial_name": "Auto eskola Le Mans",
        "enrichment_status": "base;osm:0.86",
        "enrichment_updated_at": "2026-06-26"
      },
      "geometry": {
        "type": "Point",
        "coordinates": [
          -2.9384504,
          43.2519991
        ]
      }
    },
    {
      "type": "Feature",
      "properties": {
        "name": "Academia Newton",
        "category": "Educación y formación",
        "category_original": "Formación",
        "status": "activo",
        "confidence": "Media",
        "verification": "media",
        "source": "Directorio academias y gimnasios 1000 m Rekalde con minutos a pie",
        "source_id": "formación-academia-newton",
        "subcategory": "Estudios diversos",
        "activity_type": "academia_formacion",
        "distance_m": 724.6,
        "walking_distance_m": 839.0,
        "walking_time_min": 10.0,
        "walking_distance_method": "osm_pedestrian_network_dijkstra; snap_local=17.0m; snap_target=0.7m",
        "walking_time_method": "walking_distance_m / 80 m/min, redondeado a minutos",
        "address": "Alameda Urquijo, 83, 48013 Bilbao",
        "coordinate_precision": "estimada_direccion",
        "raw_tags": {
          "categoria_actividad": "academia_formacion",
          "categoria_detalle": "estudios_diversos",
          "nombre": "Academia Newton",
          "nombre_descriptivo_actividad": "Academia / centro de formación: estudios_diversos (apoyo; estudios diversos) — Academia Newton",
          "direccion": "Alameda Urquijo, 83, 48013 Bilbao",
          "lon": -2.94715,
          "lat": 43.26055,
          "distancia_a_pie_m": 930,
          "distancia_geodesica_m": 724.6,
          "metodo_distancia_a_pie": "estimacion_red_urbana = distancia_geodesica_m * 1.28, redondeada a 5 m; no es ruta calculada por API de navegación",
          "precision_coord": "estimada_direccion",
          "verificacion": "media",
          "tiempo_a_pie_min": 11.6,
          "tiempo_a_pie_min_redondeado": 12,
          "metodo_tiempo_a_pie": "Tiempo a pie estimado a partir de distancia_a_pie_m, usando velocidad peatonal de 4.8 km/h (80 m/min).",
          "category_original": "Formación",
          "category_standard": "Educación y formación",
          "category_original_raw": "formación"
        },
        "commercial_name": "Academia Newton",
        "enrichment_status": "base",
        "enrichment_updated_at": "2026-06-26"
      },
      "geometry": {
        "type": "Point",
        "coordinates": [
          -2.94715,
          43.26055
        ]
      }
    },
    {
      "type": "Feature",
      "properties": {
        "name": "Bambino",
        "category": "Educación y formación",
        "category_original": "Escuela infantil",
        "status": "activo",
        "confidence": "Alta",
        "source": "OpenStreetMap / Overpass",
        "source_id": "5702888912",
        "walking_distance_m": 842.0,
        "walking_time_min": 11.0,
        "walking_distance_method": "osm_pedestrian_network_dijkstra; snap_local=17.0m; snap_target=18.2m",
        "walking_time_method": "walking_distance_m / 80 m/min, redondeado a minutos",
        "raw_tags": {
          "amenity": "kindergarten",
          "education": "kindergarten",
          "name": "Bambino",
          "category_original": "Escuela infantil",
          "category_standard": "Educación y formación",
          "category_original_raw": "kindergarten"
        },
        "commercial_name": "Bambino",
        "enrichment_status": "base;osm:0.86",
        "enrichment_updated_at": "2026-06-26"
      },
      "geometry": {
        "type": "Point",
        "coordinates": [
          -2.9406594,
          43.2552311
        ]
      }
    },
    {
      "type": "Feature",
      "properties": {
        "name": "Academia Label",
        "category": "Educación y formación",
        "category_original": "Formación",
        "status": "activo",
        "confidence": "Media",
        "verification": "media",
        "source": "Directorio academias y gimnasios 1000 m Rekalde con minutos a pie",
        "source_id": "formación-academia-label",
        "subcategory": "Estudios diversos",
        "activity_type": "academia_formacion",
        "distance_m": 724.5,
        "walking_distance_m": 895.0,
        "walking_time_min": 11.0,
        "walking_distance_method": "osm_pedestrian_network_dijkstra; snap_local=17.0m; snap_target=5.6m",
        "walking_time_method": "walking_distance_m / 80 m/min, redondeado a minutos",
        "address": "Juan Antonio Zunzunegui, 2, Departamento 5, 48013 Bilbao",
        "phone": "672 439 860",
        "coordinate_precision": "estimada_direccion",
        "raw_tags": {
          "categoria_actividad": "academia_formacion",
          "categoria_detalle": "estudios_diversos",
          "nombre": "Academia Label",
          "nombre_descriptivo_actividad": "Academia / centro de formación: estudios_diversos (enseñanzas diversas) — Academia Label",
          "direccion": "Juan Antonio Zunzunegui, 2, Departamento 5, 48013 Bilbao",
          "lon": -2.9487,
          "lat": 43.2605,
          "distancia_a_pie_m": 925,
          "distancia_geodesica_m": 724.5,
          "metodo_distancia_a_pie": "estimacion_red_urbana = distancia_geodesica_m * 1.28, redondeada a 5 m; no es ruta calculada por API de navegación",
          "precision_coord": "estimada_direccion",
          "verificacion": "media",
          "tiempo_a_pie_min": 11.6,
          "tiempo_a_pie_min_redondeado": 12,
          "metodo_tiempo_a_pie": "Tiempo a pie estimado a partir de distancia_a_pie_m, usando velocidad peatonal de 4.8 km/h (80 m/min).",
          "category_original": "Formación",
          "category_standard": "Educación y formación",
          "category_original_raw": "formación"
        },
        "commercial_name": "Academia Label",
        "enrichment_status": "base",
        "enrichment_updated_at": "2026-06-26"
      },
      "geometry": {
        "type": "Point",
        "coordinates": [
          -2.9487,
          43.2605
        ]
      }
    },
    {
      "type": "Feature",
      "properties": {
        "name": "SAGRADO CORAZÓN",
        "category": "Educación y formación",
        "category_original": "Colegio",
        "status": "activo",
        "confidence": "Media",
        "source": "Open Data Euskadi - Centros docentes no universitarios de Euskadi",
        "source_id": "14689",
        "subcategory": "Colegio privado/concertado de Infantil, Primaria y Secundaria",
        "activity_type": "colegio_centro_docente",
        "type_code": "CPEIPS",
        "distance_m": 703.0,
        "walking_distance_m": 903.0,
        "walking_time_min": 11.0,
        "walking_distance_method": "osm_pedestrian_network_dijkstra; snap_local=17.0m; snap_target=28.7m",
        "walking_time_method": "walking_distance_m / 80 m/min, redondeado a minutos",
        "address": "ARTATZU-BEKOA 45, 48002 Bilbao",
        "phone": "944222080",
        "email": "scorazonbi@planalfa.es",
        "ownership": "PRIVADA",
        "source_url": "https://opendata.euskadi.eus/contenidos/ds_localizaciones/centros_docentes_no_universit/es_euskadi/adjuntos/dirgennouniv.csv",
        "official_id": "14689",
        "coordinate_precision": "oficial_utm_etrs89_transformada_wgs84",
        "raw_tags": {
          "id_oficial": "14689",
          "categoria_actividad": "colegio_centro_docente",
          "categoria_detalle": "Colegio privado/concertado de Infantil, Primaria y Secundaria",
          "tipo_centro_codigo": "CPEIPS",
          "nombre": "SAGRADO CORAZÓN",
          "nombre_descriptivo_actividad": "SAGRADO CORAZÓN — Colegio privado/concertado de Infantil, Primaria y Secundaria",
          "direccion": "ARTATZU-BEKOA 45, 48002 Bilbao",
          "lon": -2.9419548,
          "lat": 43.2491991,
          "distancia_geodesica_m": 703,
          "distancia_a_pie_m": 900,
          "tiempo_a_pie_min": 11.2,
          "tiempo_a_pie_min_redondeado": 12,
          "metodo_distancia_a_pie": "Estimación: distancia geodésica * 1,28; no es ruta real calculada sobre red viaria",
          "metodo_tiempo_a_pie": "Velocidad peatonal asumida: 4,8 km/h (80 m/min)",
          "titularidad": "PRIVADA",
          "telefono": "944222080",
          "email": "scorazonbi@planalfa.es",
          "web": "",
          "precision_coord": "oficial_utm_etrs89_transformada_wgs84",
          "fuente_principal": "Open Data Euskadi - Centros docentes no universitarios de Euskadi",
          "source_url": "https://opendata.euskadi.eus/contenidos/ds_localizaciones/centros_docentes_no_universit/es_euskadi/adjuntos/dirgennouniv.csv",
          "centroide_local_lat": 43.2540395,
          "centroide_local_lon": -2.9475368,
          "radio_filtro_m": 1000,
          "category_original": "Colegio",
          "category_standard": "Educación y formación",
          "category_original_raw": "colegio"
        },
        "commercial_name": "Sagrado Corazón",
        "enrichment_status": "base;osm:0.84",
        "enrichment_updated_at": "2026-06-26"
      },
      "geometry": {
        "type": "Point",
        "coordinates": [
          -2.9419548,
          43.2491991
        ]
      }
    },
    {
      "type": "Feature",
      "properties": {
        "name": "MAESTRA ISABEL GALLEGO GORRIA",
        "category": "Educación y formación",
        "category_original": "Colegio",
        "status": "activo",
        "confidence": "Media",
        "source": "Open Data Euskadi - Centros docentes no universitarios de Euskadi",
        "source_id": "14130",
        "subcategory": "Colegio público de Educación Infantil y Primaria",
        "activity_type": "colegio_centro_docente",
        "type_code": "CEIP",
        "distance_m": 799.0,
        "walking_distance_m": 930.0,
        "walking_time_min": 12.0,
        "walking_distance_method": "osm_pedestrian_network_dijkstra; snap_local=17.0m; snap_target=5.8m",
        "walking_time_method": "walking_distance_m / 80 m/min, redondeado a minutos",
        "address": "BATALLA DE PADURA 17, 48012 Bilbao",
        "phone": "944210429",
        "email": "014130aa@hezkuntza.net",
        "website": "http://www.bilbao.net/hezkuntza/ggorria",
        "ownership": "DEPART. EDUCACIÓN",
        "source_url": "https://opendata.euskadi.eus/contenidos/ds_localizaciones/centros_docentes_no_universit/es_euskadi/adjuntos/dirgennouniv.csv",
        "official_id": "14130",
        "coordinate_precision": "oficial_utm_etrs89_transformada_wgs84",
        "raw_tags": {
          "id_oficial": "14130",
          "categoria_actividad": "colegio_centro_docente",
          "categoria_detalle": "Colegio público de Educación Infantil y Primaria",
          "tipo_centro_codigo": "CEIP",
          "nombre": "MAESTRA ISABEL GALLEGO GORRIA",
          "nombre_descriptivo_actividad": "MAESTRA ISABEL GALLEGO GORRIA — Colegio público de Educación Infantil y Primaria",
          "direccion": "BATALLA DE PADURA 17, 48012 Bilbao",
          "lon": -2.9385793,
          "lat": 43.251035,
          "distancia_geodesica_m": 799,
          "distancia_a_pie_m": 1025,
          "tiempo_a_pie_min": 12.8,
          "tiempo_a_pie_min_redondeado": 13,
          "metodo_distancia_a_pie": "Estimación: distancia geodésica * 1,28; no es ruta real calculada sobre red viaria",
          "metodo_tiempo_a_pie": "Velocidad peatonal asumida: 4,8 km/h (80 m/min)",
          "titularidad": "DEPART. EDUCACIÓN",
          "telefono": "944210429",
          "email": "014130aa@hezkuntza.net",
          "web": "http://www.bilbao.net/hezkuntza/ggorria",
          "precision_coord": "oficial_utm_etrs89_transformada_wgs84",
          "fuente_principal": "Open Data Euskadi - Centros docentes no universitarios de Euskadi",
          "source_url": "https://opendata.euskadi.eus/contenidos/ds_localizaciones/centros_docentes_no_universit/es_euskadi/adjuntos/dirgennouniv.csv",
          "centroide_local_lat": 43.2540395,
          "centroide_local_lon": -2.9475368,
          "radio_filtro_m": 1000,
          "category_original": "Colegio",
          "category_standard": "Educación y formación",
          "category_original_raw": "colegio"
        },
        "commercial_name": "Maestra Isabel Gallego Gorria LHLI",
        "enrichment_status": "base;osm:0.79;web",
        "enrichment_updated_at": "2026-06-26"
      },
      "geometry": {
        "type": "Point",
        "coordinates": [
          -2.9385793,
          43.251035
        ]
      }
    },
    {
      "type": "Feature",
      "properties": {
        "name": "REKALDEBERRI",
        "category": "Educación y formación",
        "category_original": "Colegio",
        "status": "activo",
        "confidence": "Media",
        "source": "Open Data Euskadi - Centros docentes no universitarios de Euskadi",
        "source_id": "14191",
        "subcategory": "Instituto de Educación Secundaria",
        "activity_type": "colegio_centro_docente",
        "type_code": "IES",
        "distance_m": 788.0,
        "walking_distance_m": 947.0,
        "walking_time_min": 12.0,
        "walking_distance_method": "osm_pedestrian_network_dijkstra; snap_local=17.0m; snap_target=24.4m",
        "walking_time_method": "walking_distance_m / 80 m/min, redondeado a minutos",
        "address": "LARRASKITU 56, 48002 Bilbao",
        "phone": "944280112",
        "email": "014191aa@hezkuntza.net",
        "website": "http://www.rekaldeberri.hezkuntza.net/web/guest",
        "ownership": "DEPART. EDUCACIÓN",
        "source_url": "https://opendata.euskadi.eus/contenidos/ds_localizaciones/centros_docentes_no_universit/es_euskadi/adjuntos/dirgennouniv.csv",
        "official_id": "14191",
        "coordinate_precision": "oficial_utm_etrs89_transformada_wgs84",
        "raw_tags": {
          "id_oficial": "14191",
          "categoria_actividad": "colegio_centro_docente",
          "categoria_detalle": "Instituto de Educación Secundaria",
          "tipo_centro_codigo": "IES",
          "nombre": "REKALDEBERRI",
          "nombre_descriptivo_actividad": "REKALDEBERRI — Instituto de Educación Secundaria",
          "direccion": "LARRASKITU 56, 48002 Bilbao",
          "lon": -2.9409244,
          "lat": 43.2488382,
          "distancia_geodesica_m": 788,
          "distancia_a_pie_m": 1010,
          "tiempo_a_pie_min": 12.6,
          "tiempo_a_pie_min_redondeado": 13,
          "metodo_distancia_a_pie": "Estimación: distancia geodésica * 1,28; no es ruta real calculada sobre red viaria",
          "metodo_tiempo_a_pie": "Velocidad peatonal asumida: 4,8 km/h (80 m/min)",
          "titularidad": "DEPART. EDUCACIÓN",
          "telefono": "944280112",
          "email": "014191aa@hezkuntza.net",
          "web": "http://www.rekaldeberri.hezkuntza.net/web/guest",
          "precision_coord": "oficial_utm_etrs89_transformada_wgs84",
          "fuente_principal": "Open Data Euskadi - Centros docentes no universitarios de Euskadi",
          "source_url": "https://opendata.euskadi.eus/contenidos/ds_localizaciones/centros_docentes_no_universit/es_euskadi/adjuntos/dirgennouniv.csv",
          "centroide_local_lat": 43.2540395,
          "centroide_local_lon": -2.9475368,
          "radio_filtro_m": 1000,
          "category_original": "Colegio",
          "category_standard": "Educación y formación",
          "category_original_raw": "colegio"
        },
        "commercial_name": "Rekaldeberri BHI",
        "enrichment_status": "base;osm:0.76;web_error:URLError",
        "enrichment_updated_at": "2026-06-26"
      },
      "geometry": {
        "type": "Point",
        "coordinates": [
          -2.9409244,
          43.2488382
        ]
      }
    },
    {
      "type": "Feature",
      "properties": {
        "name": "UMEDI",
        "category": "Educación y formación",
        "category_original": "Colegio",
        "status": "activo",
        "confidence": "Media",
        "source": "Open Data Euskadi - Centros docentes no universitarios de Euskadi",
        "source_id": "15208",
        "subcategory": "Centro privado/concertado de Educación Infantil",
        "activity_type": "colegio_centro_docente",
        "type_code": "CPEI",
        "distance_m": 699.0,
        "walking_distance_m": 958.0,
        "walking_time_min": 12.0,
        "walking_distance_method": "osm_pedestrian_network_dijkstra; snap_local=17.0m; snap_target=33.5m",
        "walking_time_method": "walking_distance_m / 80 m/min, redondeado a minutos",
        "address": "PÉREZ GALDOS 10, 48010 Bilbao",
        "phone": "944100085",
        "email": "srivas@umedi.com",
        "ownership": "PRIVADA",
        "source_url": "https://opendata.euskadi.eus/contenidos/ds_localizaciones/centros_docentes_no_universit/es_euskadi/adjuntos/dirgennouniv.csv",
        "official_id": "15208",
        "coordinate_precision": "oficial_utm_etrs89_transformada_wgs84",
        "raw_tags": {
          "id_oficial": "15208",
          "categoria_actividad": "colegio_centro_docente",
          "categoria_detalle": "Centro privado/concertado de Educación Infantil",
          "tipo_centro_codigo": "CPEI",
          "nombre": "UMEDI",
          "nombre_descriptivo_actividad": "UMEDI — Centro privado/concertado de Educación Infantil",
          "direccion": "PÉREZ GALDOS 10, 48010 Bilbao",
          "lon": -2.9426008,
          "lat": 43.2591945,
          "distancia_geodesica_m": 699,
          "distancia_a_pie_m": 895,
          "tiempo_a_pie_min": 11.2,
          "tiempo_a_pie_min_redondeado": 12,
          "metodo_distancia_a_pie": "Estimación: distancia geodésica * 1,28; no es ruta real calculada sobre red viaria",
          "metodo_tiempo_a_pie": "Velocidad peatonal asumida: 4,8 km/h (80 m/min)",
          "titularidad": "PRIVADA",
          "telefono": "944100085",
          "email": "srivas@umedi.com",
          "web": "",
          "precision_coord": "oficial_utm_etrs89_transformada_wgs84",
          "fuente_principal": "Open Data Euskadi - Centros docentes no universitarios de Euskadi",
          "source_url": "https://opendata.euskadi.eus/contenidos/ds_localizaciones/centros_docentes_no_universit/es_euskadi/adjuntos/dirgennouniv.csv",
          "centroide_local_lat": 43.2540395,
          "centroide_local_lon": -2.9475368,
          "radio_filtro_m": 1000,
          "category_original": "Colegio",
          "category_standard": "Educación y formación",
          "category_original_raw": "colegio"
        },
        "commercial_name": "UMEDI",
        "enrichment_status": "base",
        "enrichment_updated_at": "2026-06-26"
      },
      "geometry": {
        "type": "Point",
        "coordinates": [
          -2.9426008,
          43.2591945
        ]
      }
    },
    {
      "type": "Feature",
      "properties": {
        "name": "Second Language",
        "category": "Educación y formación",
        "category_original": "Formación",
        "status": "activo",
        "confidence": "Media",
        "verification": "media",
        "source": "Directorio academias y gimnasios 1000 m Rekalde con minutos a pie",
        "source_id": "formación-second-language",
        "subcategory": "idiomas",
        "activity_type": "academia_formacion",
        "distance_m": 719.6,
        "walking_distance_m": 964.0,
        "walking_time_min": 12.0,
        "walking_distance_method": "osm_pedestrian_network_dijkstra; snap_local=17.0m; snap_target=18.7m",
        "walking_time_method": "walking_distance_m / 80 m/min, redondeado a minutos",
        "address": "Autonomía, 26, 6ºA, 48010 Bilbao",
        "coordinate_precision": "estimada_direccion",
        "raw_tags": {
          "categoria_actividad": "academia_formacion",
          "categoria_detalle": "idiomas",
          "nombre": "Second Language",
          "nombre_descriptivo_actividad": "Academia / centro de formación: idiomas (inglés, francés, alemán, portugués, italiano; empresa) — Second Language",
          "direccion": "Autonomía, 26, 6ºA, 48010 Bilbao",
          "lon": -2.94175,
          "lat": 43.25895,
          "distancia_a_pie_m": 920,
          "distancia_geodesica_m": 719.6,
          "metodo_distancia_a_pie": "estimacion_red_urbana = distancia_geodesica_m * 1.28, redondeada a 5 m; no es ruta calculada por API de navegación",
          "precision_coord": "estimada_direccion",
          "verificacion": "media",
          "tiempo_a_pie_min": 11.5,
          "tiempo_a_pie_min_redondeado": 12,
          "metodo_tiempo_a_pie": "Tiempo a pie estimado a partir de distancia_a_pie_m, usando velocidad peatonal de 4.8 km/h (80 m/min).",
          "category_original": "Formación",
          "category_standard": "Educación y formación",
          "category_original_raw": "formación"
        },
        "commercial_name": "Second Language",
        "enrichment_status": "base",
        "enrichment_updated_at": "2026-06-26"
      },
      "geometry": {
        "type": "Point",
        "coordinates": [
          -2.94175,
          43.25895
        ]
      }
    },
    {
      "type": "Feature",
      "properties": {
        "name": "ELE USAL Bilbao",
        "category": "Educación y formación",
        "category_original": "Formación",
        "status": "activo",
        "confidence": "Alta",
        "verification": "media_alta_fuente_especifica_idiomas",
        "source": "academias_idiomas_rekalde.geojson + fuentes web/directorios",
        "source_id": "formación-ele-usal-bilbao",
        "subcategory": "Idiomas",
        "activity_type": "academia_formacion",
        "distance_m": 810.0,
        "walking_distance_m": 1010.0,
        "walking_time_min": 13.0,
        "walking_distance_method": "estimación específica aportada en academias_idiomas_rekalde.geojson",
        "walking_time_method": "minutos estimados aportados en academias_idiomas_rekalde.geojson",
        "address": "Aureliano Valle Kalea, 4, bajo izquierda, 48010 Bilbao",
        "phone": "946 115 666 / 623 134 194",
        "email": "info@bilbao-eleusal.com",
        "website": "https://bilbao.eleusal.com/",
        "source_url": "https://bilbao.eleusal.com/",
        "notes": "Escuela vinculada a Universidad de Salamanca para enseñanza de español; está fuera de Rekalde estricto pero dentro del entorno ampliado de Indautxu-La Casilla.",
        "coordinate_precision": "coordenada tomada de directorio para el mismo inmueble Aureliano Valle 4; no es fuente oficial de la escuela",
        "raw_tags": {
          "categoria": "escuela de idiomas",
          "subcategoria": "español para extranjeros / DELE / otros cursos lingüísticos",
          "idiomas_identificados": [
            "español como lengua extranjera",
            "chino"
          ],
          "direccion": "Aureliano Valle Kalea, 4, bajo izquierda, 48010 Bilbao",
          "barrio_zona": "Indautxu",
          "telefono": "946 115 666 / 623 134 194",
          "email": "info@bilbao-eleusal.com",
          "web": "https://bilbao.eleusal.com/",
          "fuentes": [
            "https://bilbao.eleusal.com/",
            "https://bilbao.eleusal.com/sobre-nosotros/",
            "https://to.maptons.com/p/3702943411"
          ],
          "coordenadas_precision": "coordenada tomada de directorio para el mismo inmueble Aureliano Valle 4; no es fuente oficial de la escuela",
          "notas": "Escuela vinculada a Universidad de Salamanca para enseñanza de español; está fuera de Rekalde estricto pero dentro del entorno ampliado de Indautxu-La Casilla.",
          "nombre": "ELE USAL Bilbao",
          "origen_distancias": {
            "lon": -2.947546,
            "lat": 43.254049,
            "source": "centroide aproximado del polígono del KMZ local.kmz"
          },
          "distancia_lineal_m": 810,
          "distancia_a_pie_m_estimada": 1010,
          "distancia_a_pie_min_estimada": 13,
          "source_dataset": "academias_idiomas_rekalde.geojson",
          "category_standard": "Educación y formación",
          "category_original": "Formación"
        },
        "commercial_name": "ELE USAL Bilbao",
        "enrichment_status": "base;web",
        "enrichment_updated_at": "2026-06-26"
      },
      "geometry": {
        "type": "Point",
        "coordinates": [
          -2.9405011,
          43.2592248
        ]
      }
    },
    {
      "type": "Feature",
      "properties": {
        "name": "IPARRAGIRRE IKASTOLA",
        "category": "Educación y formación",
        "category_original": "Colegio",
        "status": "activo",
        "confidence": "Media",
        "source": "Open Data Euskadi - Centros docentes no universitarios de Euskadi",
        "source_id": "14653",
        "subcategory": "Centro privado/concertado de Educación Infantil",
        "activity_type": "colegio_centro_docente",
        "type_code": "CPEI",
        "distance_m": 819.0,
        "walking_distance_m": 1013.0,
        "walking_time_min": 13.0,
        "walking_distance_method": "osm_pedestrian_network_dijkstra; snap_local=17.0m; snap_target=24.9m",
        "walking_time_method": "walking_distance_m / 80 m/min, redondeado a minutos",
        "address": "IPARRAGIRRE 58, 48010 Bilbao",
        "phone": "944434888",
        "email": "ikastola@iparragirre.org",
        "ownership": "PRIVADA",
        "source_url": "https://opendata.euskadi.eus/contenidos/ds_localizaciones/centros_docentes_no_universit/es_euskadi/adjuntos/dirgennouniv.csv",
        "official_id": "14653",
        "coordinate_precision": "oficial_utm_etrs89_transformada_wgs84",
        "raw_tags": {
          "id_oficial": "14653",
          "categoria_actividad": "colegio_centro_docente",
          "categoria_detalle": "Centro privado/concertado de Educación Infantil",
          "tipo_centro_codigo": "CPEI",
          "nombre": "IPARRAGIRRE IKASTOLA",
          "nombre_descriptivo_actividad": "IPARRAGIRRE IKASTOLA — Centro privado/concertado de Educación Infantil",
          "direccion": "IPARRAGIRRE 58, 48010 Bilbao",
          "lon": -2.9388638,
          "lat": 43.2578191,
          "distancia_geodesica_m": 819,
          "distancia_a_pie_m": 1050,
          "tiempo_a_pie_min": 13.1,
          "tiempo_a_pie_min_redondeado": 14,
          "metodo_distancia_a_pie": "Estimación: distancia geodésica * 1,28; no es ruta real calculada sobre red viaria",
          "metodo_tiempo_a_pie": "Velocidad peatonal asumida: 4,8 km/h (80 m/min)",
          "titularidad": "PRIVADA",
          "telefono": "944434888",
          "email": "ikastola@iparragirre.org",
          "web": "",
          "precision_coord": "oficial_utm_etrs89_transformada_wgs84",
          "fuente_principal": "Open Data Euskadi - Centros docentes no universitarios de Euskadi",
          "source_url": "https://opendata.euskadi.eus/contenidos/ds_localizaciones/centros_docentes_no_universit/es_euskadi/adjuntos/dirgennouniv.csv",
          "centroide_local_lat": 43.2540395,
          "centroide_local_lon": -2.9475368,
          "radio_filtro_m": 1000,
          "category_original": "Colegio",
          "category_standard": "Educación y formación",
          "category_original_raw": "colegio"
        },
        "commercial_name": "Iparraguirre 63",
        "enrichment_status": "base;osm:0.77",
        "enrichment_updated_at": "2026-06-26"
      },
      "geometry": {
        "type": "Point",
        "coordinates": [
          -2.9388638,
          43.2578191
        ]
      }
    },
    {
      "type": "Feature",
      "properties": {
        "name": "Mikelats Euskaltegia",
        "category": "Educación y formación",
        "category_original": "Formación",
        "status": "activo",
        "confidence": "Media",
        "verification": "media",
        "source": "Directorio academias y gimnasios 1000 m Rekalde con minutos a pie",
        "source_id": "formación-mikelats-euskaltegia",
        "subcategory": "euskaltegi",
        "activity_type": "academia_formacion",
        "distance_m": 854.6,
        "walking_distance_m": 1035.0,
        "walking_time_min": 13.0,
        "walking_distance_method": "osm_pedestrian_network_dijkstra; snap_local=17.0m; snap_target=41.3m",
        "walking_time_method": "walking_distance_m / 80 m/min, redondeado a minutos",
        "address": "Licenciado Poza, 56, Entreplanta izquierda, 48013 Bilbao",
        "phone": "944 153 295 / 944 028 650",
        "coordinate_precision": "estimada_direccion",
        "raw_tags": {
          "categoria_actividad": "academia_formacion",
          "categoria_detalle": "euskaltegi",
          "nombre": "Mikelats Euskaltegia",
          "nombre_descriptivo_actividad": "Academia / centro de formación: euskaltegi (euskera) — Mikelats Euskaltegia",
          "direccion": "Licenciado Poza, 56, Entreplanta izquierda, 48013 Bilbao",
          "lon": -2.9445,
          "lat": 43.2614,
          "distancia_a_pie_m": 1095,
          "distancia_geodesica_m": 854.6,
          "metodo_distancia_a_pie": "estimacion_red_urbana = distancia_geodesica_m * 1.28, redondeada a 5 m; no es ruta calculada por API de navegación",
          "precision_coord": "estimada_direccion",
          "verificacion": "media",
          "tiempo_a_pie_min": 13.7,
          "tiempo_a_pie_min_redondeado": 14,
          "metodo_tiempo_a_pie": "Tiempo a pie estimado a partir de distancia_a_pie_m, usando velocidad peatonal de 4.8 km/h (80 m/min).",
          "category_original": "Formación",
          "category_standard": "Educación y formación",
          "category_original_raw": "formación"
        },
        "commercial_name": "Mikelats Euskaltegia",
        "enrichment_status": "base",
        "enrichment_updated_at": "2026-06-26"
      },
      "geometry": {
        "type": "Point",
        "coordinates": [
          -2.9445,
          43.2614
        ]
      }
    },
    {
      "type": "Feature",
      "properties": {
        "name": "Centro de Estudios San Agustín",
        "category": "Educación y formación",
        "category_original": "Formación",
        "status": "activo",
        "confidence": "Media",
        "verification": "media",
        "source": "Directorio academias y gimnasios 1000 m Rekalde con minutos a pie",
        "source_id": "formación-centro-de-estudios-san-agustín",
        "subcategory": "Estudios diversos",
        "activity_type": "academia_formacion",
        "distance_m": 906.7,
        "walking_distance_m": 1048.0,
        "walking_time_min": 13.0,
        "walking_distance_method": "osm_pedestrian_network_dijkstra; snap_local=17.0m; snap_target=27.7m",
        "walking_time_method": "walking_distance_m / 80 m/min, redondeado a minutos",
        "address": "Licenciado Poza, 53, 48011 Bilbao",
        "phone": "944 423 771",
        "email": "informacion@sanagustin-bilbao.com",
        "website": "https://sanagustin-bilbao.com/",
        "coordinate_precision": "estimada_direccion",
        "raw_tags": {
          "categoria_actividad": "academia_formacion",
          "categoria_detalle": "estudios_diversos",
          "nombre": "Centro de Estudios San Agustín",
          "nombre_descriptivo_actividad": "Academia / centro de formación: estudios_diversos (centro de estudios; apoyo académico) — Centro de Estudios San Agustín",
          "direccion": "Licenciado Poza, 53, 48011 Bilbao",
          "lon": -2.9437,
          "lat": 43.2617,
          "distancia_a_pie_m": 1160,
          "distancia_geodesica_m": 906.7,
          "metodo_distancia_a_pie": "estimacion_red_urbana = distancia_geodesica_m * 1.28, redondeada a 5 m; no es ruta calculada por API de navegación",
          "precision_coord": "estimada_direccion",
          "verificacion": "media",
          "tiempo_a_pie_min": 14.5,
          "tiempo_a_pie_min_redondeado": 15,
          "metodo_tiempo_a_pie": "Tiempo a pie estimado a partir de distancia_a_pie_m, usando velocidad peatonal de 4.8 km/h (80 m/min).",
          "category_original": "Formación",
          "category_standard": "Educación y formación",
          "category_original_raw": "formación"
        },
        "commercial_name": "Centro de Estudios San Agustín",
        "enrichment_status": "base;web",
        "enrichment_updated_at": "2026-06-26"
      },
      "geometry": {
        "type": "Point",
        "coordinates": [
          -2.9437,
          43.2617
        ]
      }
    },
    {
      "type": "Feature",
      "properties": {
        "name": "IKASBIDE",
        "category": "Educación y formación",
        "category_original": "Colegio",
        "status": "activo",
        "confidence": "Media",
        "source": "Open Data Euskadi - Centros docentes no universitarios de Euskadi",
        "source_id": "14651",
        "subcategory": "Colegio privado/concertado de Infantil, Primaria y Secundaria",
        "activity_type": "colegio_centro_docente",
        "type_code": "CPEIPS",
        "distance_m": 811.0,
        "walking_distance_m": 1061.0,
        "walking_time_min": 13.0,
        "walking_distance_method": "osm_pedestrian_network_dijkstra; snap_local=17.0m; snap_target=23.3m",
        "walking_time_method": "walking_distance_m / 80 m/min, redondeado a minutos",
        "address": "SIMÓN BOLÍVAR 5, 48010 Bilbao",
        "phone": "944210330",
        "email": "ikasbide@ikasbide.org",
        "website": "http://www.ikasbide.org/",
        "ownership": "PRIVADA",
        "source_url": "https://opendata.euskadi.eus/contenidos/ds_localizaciones/centros_docentes_no_universit/es_euskadi/adjuntos/dirgennouniv.csv",
        "official_id": "14651",
        "coordinate_precision": "oficial_utm_etrs89_transformada_wgs84",
        "raw_tags": {
          "id_oficial": "14651",
          "categoria_actividad": "colegio_centro_docente",
          "categoria_detalle": "Colegio privado/concertado de Infantil, Primaria y Secundaria",
          "tipo_centro_codigo": "CPEIPS",
          "nombre": "IKASBIDE",
          "nombre_descriptivo_actividad": "IKASBIDE — Colegio privado/concertado de Infantil, Primaria y Secundaria",
          "direccion": "SIMÓN BOLÍVAR 5, 48010 Bilbao",
          "lon": -2.9412216,
          "lat": 43.2597028,
          "distancia_geodesica_m": 811,
          "distancia_a_pie_m": 1040,
          "tiempo_a_pie_min": 13,
          "tiempo_a_pie_min_redondeado": 13,
          "metodo_distancia_a_pie": "Estimación: distancia geodésica * 1,28; no es ruta real calculada sobre red viaria",
          "metodo_tiempo_a_pie": "Velocidad peatonal asumida: 4,8 km/h (80 m/min)",
          "titularidad": "PRIVADA",
          "telefono": "944210330",
          "email": "ikasbide@ikasbide.org",
          "web": "http://www.ikasbide.org",
          "precision_coord": "oficial_utm_etrs89_transformada_wgs84",
          "fuente_principal": "Open Data Euskadi - Centros docentes no universitarios de Euskadi",
          "source_url": "https://opendata.euskadi.eus/contenidos/ds_localizaciones/centros_docentes_no_universit/es_euskadi/adjuntos/dirgennouniv.csv",
          "centroide_local_lat": 43.2540395,
          "centroide_local_lon": -2.9475368,
          "radio_filtro_m": 1000,
          "category_original": "Colegio",
          "category_standard": "Educación y formación",
          "category_original_raw": "colegio"
        },
        "commercial_name": "Ikasbide Ikastetxea",
        "enrichment_status": "base;osm:0.85;web",
        "enrichment_updated_at": "2026-06-26"
      },
      "geometry": {
        "type": "Point",
        "coordinates": [
          -2.9412216,
          43.2597028
        ]
      }
    },
    {
      "type": "Feature",
      "properties": {
        "name": "NTRA. SRA. DEL CARMEN",
        "category": "Educación y formación",
        "category_original": "Colegio",
        "status": "activo",
        "confidence": "Media",
        "source": "Open Data Euskadi - Centros docentes no universitarios de Euskadi",
        "source_id": "14677",
        "subcategory": "Colegio privado/concertado de Infantil, Primaria y Secundaria",
        "activity_type": "colegio_centro_docente",
        "type_code": "CPEIPS",
        "distance_m": 832.0,
        "walking_distance_m": 1063.0,
        "walking_time_min": 13.0,
        "walking_distance_method": "osm_pedestrian_network_dijkstra; snap_local=17.0m; snap_target=23.0m",
        "walking_time_method": "walking_distance_m / 80 m/min, redondeado a minutos",
        "address": "ARECHAVALETA 8, 48010 Bilbao",
        "phone": "944212061",
        "email": "direccion@colegioelcarmenindautxu.com",
        "ownership": "PRIVADA",
        "source_url": "https://opendata.euskadi.eus/contenidos/ds_localizaciones/centros_docentes_no_universit/es_euskadi/adjuntos/dirgennouniv.csv",
        "official_id": "14677",
        "coordinate_precision": "oficial_utm_etrs89_transformada_wgs84",
        "raw_tags": {
          "id_oficial": "14677",
          "categoria_actividad": "colegio_centro_docente",
          "categoria_detalle": "Colegio privado/concertado de Infantil, Primaria y Secundaria",
          "tipo_centro_codigo": "CPEIPS",
          "nombre": "NTRA. SRA. DEL CARMEN",
          "nombre_descriptivo_actividad": "NTRA. SRA. DEL CARMEN — Colegio privado/concertado de Infantil, Primaria y Secundaria",
          "direccion": "ARECHAVALETA 8, 48010 Bilbao",
          "lon": -2.9416034,
          "lat": 43.2601509,
          "distancia_geodesica_m": 832,
          "distancia_a_pie_m": 1065,
          "tiempo_a_pie_min": 13.3,
          "tiempo_a_pie_min_redondeado": 14,
          "metodo_distancia_a_pie": "Estimación: distancia geodésica * 1,28; no es ruta real calculada sobre red viaria",
          "metodo_tiempo_a_pie": "Velocidad peatonal asumida: 4,8 km/h (80 m/min)",
          "titularidad": "PRIVADA",
          "telefono": "944212061",
          "email": "direccion@colegioelcarmenindautxu.com",
          "web": "",
          "precision_coord": "oficial_utm_etrs89_transformada_wgs84",
          "fuente_principal": "Open Data Euskadi - Centros docentes no universitarios de Euskadi",
          "source_url": "https://opendata.euskadi.eus/contenidos/ds_localizaciones/centros_docentes_no_universit/es_euskadi/adjuntos/dirgennouniv.csv",
          "centroide_local_lat": 43.2540395,
          "centroide_local_lon": -2.9475368,
          "radio_filtro_m": 1000,
          "category_original": "Colegio",
          "category_standard": "Educación y formación",
          "category_original_raw": "colegio"
        },
        "commercial_name": "Iglesia de Nuestra Señora del Carmen",
        "enrichment_status": "base;osm:0.76",
        "enrichment_updated_at": "2026-06-26"
      },
      "geometry": {
        "type": "Point",
        "coordinates": [
          -2.9416034,
          43.2601509
        ]
      }
    },
    {
      "type": "Feature",
      "properties": {
        "name": "Academia Edison Bilbao",
        "category": "Educación y formación",
        "category_original": "Formación",
        "status": "activo",
        "confidence": "Media",
        "verification": "media",
        "source": "Directorio academias y gimnasios 1000 m Rekalde con minutos a pie",
        "source_id": "formación-academia-edison-bilbao",
        "subcategory": "Estudios diversos",
        "activity_type": "academia_formacion",
        "distance_m": 896.9,
        "walking_distance_m": 1067.0,
        "walking_time_min": 13.0,
        "walking_distance_method": "osm_pedestrian_network_dijkstra; snap_local=17.0m; snap_target=7.0m",
        "walking_time_method": "walking_distance_m / 80 m/min, redondeado a minutos",
        "address": "Gordóniz, 6 exterior, departamento 2, 48010 Bilbao",
        "phone": "944 440 047",
        "email": "bilbao@academiasedison.com",
        "website": "https://academiasedison.com/",
        "coordinate_precision": "estimada_direccion",
        "raw_tags": {
          "categoria_actividad": "academia_formacion",
          "categoria_detalle": "estudios_diversos",
          "nombre": "Academia Edison Bilbao",
          "nombre_descriptivo_actividad": "Academia / centro de formación: estudios_diversos (ESO; bachillerato; selectividad; apoyo académico) — Academia Edison Bilbao",
          "direccion": "Gordóniz, 6 exterior, departamento 2, 48010 Bilbao",
          "lon": -2.9392,
          "lat": 43.25935,
          "distancia_a_pie_m": 1150,
          "distancia_geodesica_m": 896.9,
          "metodo_distancia_a_pie": "estimacion_red_urbana = distancia_geodesica_m * 1.28, redondeada a 5 m; no es ruta calculada por API de navegación",
          "precision_coord": "estimada_direccion",
          "verificacion": "media",
          "tiempo_a_pie_min": 14.4,
          "tiempo_a_pie_min_redondeado": 15,
          "metodo_tiempo_a_pie": "Tiempo a pie estimado a partir de distancia_a_pie_m, usando velocidad peatonal de 4.8 km/h (80 m/min).",
          "category_original": "Formación",
          "category_standard": "Educación y formación",
          "category_original_raw": "formación"
        },
        "commercial_name": "Academia Edison Bilbao",
        "enrichment_status": "base;web",
        "enrichment_updated_at": "2026-06-26"
      },
      "geometry": {
        "type": "Point",
        "coordinates": [
          -2.9392,
          43.25935
        ]
      }
    },
    {
      "type": "Feature",
      "properties": {
        "name": "Velvet School Bilbao",
        "category": "Educación y formación",
        "category_original": "Formación",
        "status": "activo",
        "confidence": "Alta",
        "verification": "alta",
        "source": "Directorio academias y gimnasios 1000 m Rekalde con minutos a pie",
        "source_id": "formación-velvet-school-bilbao",
        "subcategory": "idiomas",
        "activity_type": "academia_formacion",
        "distance_m": 820.2,
        "walking_distance_m": 1074.0,
        "walking_time_min": 13.0,
        "walking_distance_method": "osm_pedestrian_network_dijkstra; snap_local=17.0m; snap_target=2.3m",
        "walking_time_method": "walking_distance_m / 80 m/min, redondeado a minutos",
        "address": "Simón Bolívar, 7, 1º, 48010 Bilbao",
        "phone": "944 448 178",
        "email": "info@velvetschool.com",
        "website": "https://velvetschool.com/",
        "coordinate_precision": "exacta_directorio",
        "raw_tags": {
          "categoria_actividad": "academia_formacion",
          "categoria_detalle": "idiomas",
          "nombre": "Velvet School Bilbao",
          "nombre_descriptivo_actividad": "Academia / centro de formación: idiomas (idiomas) — Velvet School Bilbao",
          "direccion": "Simón Bolívar, 7, 1º, 48010 Bilbao",
          "lon": -2.94144,
          "lat": 43.25993,
          "distancia_a_pie_m": 1050,
          "distancia_geodesica_m": 820.2,
          "metodo_distancia_a_pie": "estimacion_red_urbana = distancia_geodesica_m * 1.28, redondeada a 5 m; no es ruta calculada por API de navegación",
          "precision_coord": "exacta_directorio",
          "verificacion": "alta",
          "tiempo_a_pie_min": 13.1,
          "tiempo_a_pie_min_redondeado": 14,
          "metodo_tiempo_a_pie": "Tiempo a pie estimado a partir de distancia_a_pie_m, usando velocidad peatonal de 4.8 km/h (80 m/min).",
          "category_original": "Formación",
          "category_standard": "Educación y formación",
          "category_original_raw": "formación"
        },
        "commercial_name": "Velvet School Bilbao",
        "enrichment_status": "base",
        "enrichment_updated_at": "2026-06-26",
        "photo_url": "https://velvetschool.com/wp-content/uploads/2026/06/academia-de-ingles-bilbao-bizkaia-1024x683.jpg",
        "photo_source_url": "https://velvetschool.com/",
        "photo_source": "Web pública"
      },
      "geometry": {
        "type": "Point",
        "coordinates": [
          -2.94144,
          43.25993
        ]
      }
    },
    {
      "type": "Feature",
      "properties": {
        "name": "ING. JOSE ORBEGOZO GOROSTIDI",
        "category": "Educación y formación",
        "category_original": "Colegio",
        "status": "activo",
        "confidence": "Media",
        "source": "Open Data Euskadi - Centros docentes no universitarios de Euskadi",
        "source_id": "14123",
        "subcategory": "Colegio público de Educación Infantil y Primaria",
        "activity_type": "colegio_centro_docente",
        "type_code": "CEIP",
        "distance_m": 977.0,
        "walking_distance_m": 1110.0,
        "walking_time_min": 14.0,
        "walking_distance_method": "osm_pedestrian_network_dijkstra; snap_local=17.0m; snap_target=11.5m",
        "walking_time_method": "walking_distance_m / 80 m/min, redondeado a minutos",
        "address": "ITURRIGORRI BIDEA 46, 48002 Bilbao",
        "phone": "944221749",
        "email": "014123aa@hezkuntza.net",
        "ownership": "DEPART. EDUCACIÓN",
        "source_url": "https://opendata.euskadi.eus/contenidos/ds_localizaciones/centros_docentes_no_universit/es_euskadi/adjuntos/dirgennouniv.csv",
        "official_id": "14123",
        "coordinate_precision": "oficial_utm_etrs89_transformada_wgs84",
        "raw_tags": {
          "id_oficial": "14123",
          "categoria_actividad": "colegio_centro_docente",
          "categoria_detalle": "Colegio público de Educación Infantil y Primaria",
          "tipo_centro_codigo": "CEIP",
          "nombre": "ING. JOSE ORBEGOZO GOROSTIDI",
          "nombre_descriptivo_actividad": "ING. JOSE ORBEGOZO GOROSTIDI — Colegio público de Educación Infantil y Primaria",
          "direccion": "ITURRIGORRI BIDEA 46, 48002 Bilbao",
          "lon": -2.9487478,
          "lat": 43.2452981,
          "distancia_geodesica_m": 977,
          "distancia_a_pie_m": 1250,
          "tiempo_a_pie_min": 15.6,
          "tiempo_a_pie_min_redondeado": 16,
          "metodo_distancia_a_pie": "Estimación: distancia geodésica * 1,28; no es ruta real calculada sobre red viaria",
          "metodo_tiempo_a_pie": "Velocidad peatonal asumida: 4,8 km/h (80 m/min)",
          "titularidad": "DEPART. EDUCACIÓN",
          "telefono": "944221749",
          "email": "014123aa@hezkuntza.net",
          "web": "",
          "precision_coord": "oficial_utm_etrs89_transformada_wgs84",
          "fuente_principal": "Open Data Euskadi - Centros docentes no universitarios de Euskadi",
          "source_url": "https://opendata.euskadi.eus/contenidos/ds_localizaciones/centros_docentes_no_universit/es_euskadi/adjuntos/dirgennouniv.csv",
          "centroide_local_lat": 43.2540395,
          "centroide_local_lon": -2.9475368,
          "radio_filtro_m": 1000,
          "category_original": "Colegio",
          "category_standard": "Educación y formación",
          "category_original_raw": "colegio"
        },
        "commercial_name": "ING. JOSE ORBEGOZO GOROSTIDI",
        "enrichment_status": "base",
        "enrichment_updated_at": "2026-06-26"
      },
      "geometry": {
        "type": "Point",
        "coordinates": [
          -2.9487478,
          43.2452981
        ]
      }
    },
    {
      "type": "Feature",
      "properties": {
        "name": "JESUITAK INDAUTXU",
        "category": "Educación y formación",
        "category_original": "Colegio",
        "status": "activo",
        "confidence": "Media",
        "source": "Open Data Euskadi - Centros docentes no universitarios de Euskadi",
        "source_id": "14676",
        "subcategory": "Centro privado/concertado de Primaria y Secundaria",
        "activity_type": "colegio_centro_docente",
        "type_code": "CPEPS",
        "distance_m": 873.0,
        "walking_distance_m": 1115.0,
        "walking_time_min": 14.0,
        "walking_distance_method": "Estimación: distancia geodésica * 1,28; no es ruta real calculada sobre red viaria",
        "walking_time_method": "Velocidad peatonal asumida: 4,8 km/h (80 m/min)",
        "address": "DOCTOR AREILZA 32 214 P.K., 48010 Bilbao",
        "phone": "944271818",
        "email": "secretaria@indautxujesuitak.org",
        "ownership": "PRIVADA",
        "source_url": "https://opendata.euskadi.eus/contenidos/ds_localizaciones/centros_docentes_no_universit/es_euskadi/adjuntos/dirgennouniv.csv",
        "official_id": "14676",
        "coordinate_precision": "oficial_utm_etrs89_transformada_wgs84",
        "raw_tags": {
          "id_oficial": "14676",
          "categoria_actividad": "colegio_centro_docente",
          "categoria_detalle": "Centro privado/concertado de Primaria y Secundaria",
          "tipo_centro_codigo": "CPEPS",
          "nombre": "JESUITAK INDAUTXU",
          "nombre_descriptivo_actividad": "JESUITAK INDAUTXU — Centro privado/concertado de Primaria y Secundaria",
          "direccion": "DOCTOR AREILZA 32 214 P.K., 48010 Bilbao",
          "lon": -2.942766,
          "lat": 43.2610803,
          "distancia_geodesica_m": 873,
          "distancia_a_pie_m": 1115,
          "tiempo_a_pie_min": 13.9,
          "tiempo_a_pie_min_redondeado": 14,
          "metodo_distancia_a_pie": "Estimación: distancia geodésica * 1,28; no es ruta real calculada sobre red viaria",
          "metodo_tiempo_a_pie": "Velocidad peatonal asumida: 4,8 km/h (80 m/min)",
          "titularidad": "PRIVADA",
          "telefono": "944271818",
          "email": "secretaria@indautxujesuitak.org",
          "web": "",
          "precision_coord": "oficial_utm_etrs89_transformada_wgs84",
          "fuente_principal": "Open Data Euskadi - Centros docentes no universitarios de Euskadi",
          "source_url": "https://opendata.euskadi.eus/contenidos/ds_localizaciones/centros_docentes_no_universit/es_euskadi/adjuntos/dirgennouniv.csv",
          "centroide_local_lat": 43.2540395,
          "centroide_local_lon": -2.9475368,
          "radio_filtro_m": 1000,
          "category_original": "Colegio",
          "category_standard": "Educación y formación",
          "category_original_raw": "colegio"
        },
        "commercial_name": "Jesuitak Indautxu-Colegio Nuestra Señora de Begoña",
        "enrichment_status": "base;osm:0.77;web",
        "enrichment_updated_at": "2026-06-26",
        "website": "https://indautxujesuitak.org/eu/",
        "photo_url": "https://indautxujesuitak.org/wp-content/uploads/2021/11/Colegio.jpg",
        "photo_source_url": "https://indautxujesuitak.org/eu/",
        "photo_source": "Web pública"
      },
      "geometry": {
        "type": "Point",
        "coordinates": [
          -2.942766,
          43.2610803
        ]
      }
    },
    {
      "type": "Feature",
      "properties": {
        "name": "JESUITAK POLITEKNIKOA",
        "category": "Educación y formación",
        "category_original": "Formación profesional",
        "status": "activo",
        "confidence": "Media",
        "source": "Open Data Euskadi - Centros docentes no universitarios de Euskadi",
        "source_id": "14634",
        "subcategory": "Centro privado integrado de Formación Profesional",
        "activity_type": "centro_formacion_profesional",
        "type_code": "CPIFP",
        "distance_m": 873.0,
        "walking_distance_m": 1115.0,
        "walking_time_min": 14.0,
        "walking_distance_method": "Estimación: distancia geodésica * 1,28; no es ruta real calculada sobre red viaria",
        "walking_time_method": "Velocidad peatonal asumida: 4,8 km/h (80 m/min)",
        "address": "DOCTOR AREILZA 32, 48010 Bilbao",
        "phone": "944415978",
        "email": "equimica@indautxujesuitak.org",
        "website": "http://www.jesuitasindautxu.com/",
        "ownership": "PRIVADA",
        "source_url": "https://opendata.euskadi.eus/contenidos/ds_localizaciones/centros_docentes_no_universit/es_euskadi/adjuntos/dirgennouniv.csv",
        "official_id": "14634",
        "coordinate_precision": "oficial_utm_etrs89_transformada_wgs84",
        "raw_tags": {
          "id_oficial": "14634",
          "categoria_actividad": "centro_formacion_profesional",
          "categoria_detalle": "Centro privado integrado de Formación Profesional",
          "tipo_centro_codigo": "CPIFP",
          "nombre": "JESUITAK POLITEKNIKOA",
          "nombre_descriptivo_actividad": "JESUITAK POLITEKNIKOA — Centro privado integrado de Formación Profesional",
          "direccion": "DOCTOR AREILZA 32, 48010 Bilbao",
          "lon": -2.942766,
          "lat": 43.2610803,
          "distancia_geodesica_m": 873,
          "distancia_a_pie_m": 1115,
          "tiempo_a_pie_min": 13.9,
          "tiempo_a_pie_min_redondeado": 14,
          "metodo_distancia_a_pie": "Estimación: distancia geodésica * 1,28; no es ruta real calculada sobre red viaria",
          "metodo_tiempo_a_pie": "Velocidad peatonal asumida: 4,8 km/h (80 m/min)",
          "titularidad": "PRIVADA",
          "telefono": "944415978",
          "email": "equimica@indautxujesuitak.org",
          "web": "http://www.jesuitasindautxu.com",
          "precision_coord": "oficial_utm_etrs89_transformada_wgs84",
          "fuente_principal": "Open Data Euskadi - Centros docentes no universitarios de Euskadi",
          "source_url": "https://opendata.euskadi.eus/contenidos/ds_localizaciones/centros_docentes_no_universit/es_euskadi/adjuntos/dirgennouniv.csv",
          "centroide_local_lat": 43.2540395,
          "centroide_local_lon": -2.9475368,
          "radio_filtro_m": 1000,
          "category_original": "Formación profesional",
          "category_standard": "Educación y formación",
          "category_original_raw": "formación profesional"
        },
        "commercial_name": "JESUITAK POLITEKNIKOA",
        "enrichment_status": "base",
        "enrichment_updated_at": "2026-06-26",
        "photo_url": "https://indautxujesuitak.org/wp-content/uploads/2021/11/Colegio.jpg",
        "photo_source_url": "https://indautxujesuitak.org/",
        "photo_source": "Web pública"
      },
      "geometry": {
        "type": "Point",
        "coordinates": [
          -2.942766,
          43.2610803
        ]
      }
    },
    {
      "type": "Feature",
      "properties": {
        "name": "St. George's English Academy",
        "category": "Educación y formación",
        "category_original": "Formación",
        "status": "activo",
        "confidence": "Media",
        "verification": "media_alta_fuente_especifica_idiomas",
        "source": "academias_idiomas_rekalde.geojson + fuentes web/directorios",
        "source_id": "formación-st-george-s-english-academy",
        "subcategory": "Idiomas",
        "activity_type": "academia_formacion",
        "distance_m": 934.0,
        "walking_distance_m": 1170.0,
        "walking_time_min": 15.0,
        "walking_distance_method": "estimación específica aportada en academias_idiomas_rekalde.geojson",
        "walking_time_method": "minutos estimados aportados en academias_idiomas_rekalde.geojson",
        "address": "Urkixo Zumarkalea / Alameda Urquijo, 100, 48013 Bilbao",
        "phone": "944 772 989",
        "website": "https://stgeorgesacademy.es/",
        "source_url": "https://stgeorgesacademy.es/",
        "notes": "Academia de inglés con más de 50 años de experiencia docente según Páginas Amarillas/Cylex.",
        "coordinate_precision": "coordenada publicada por Páginas Amarillas; verificar antes de uso operativo",
        "raw_tags": {
          "categoria": "academia de inglés",
          "subcategoria": "inglés / cursos y preparación",
          "idiomas_identificados": [
            "inglés"
          ],
          "direccion": "Urkixo Zumarkalea / Alameda Urquijo, 100, 48013 Bilbao",
          "barrio_zona": "Basurtu / San Mamés",
          "telefono": "944 772 989",
          "email": null,
          "web": "https://stgeorgesacademy.es/",
          "fuentes": [
            "https://www.paginasamarillas.es/f/bilbao/st-george-english-academy_204750848_000000002.html",
            "https://www.cylex.es/bilbao/st--george%27s-english-academy-13227170.html"
          ],
          "coordenadas_precision": "coordenada publicada por Páginas Amarillas; verificar antes de uso operativo",
          "notas": "Academia de inglés con más de 50 años de experiencia docente según Páginas Amarillas/Cylex.",
          "nombre": "St. George's English Academy",
          "origen_distancias": {
            "lon": -2.947546,
            "lat": 43.254049,
            "source": "centroide aproximado del polígono del KMZ local.kmz"
          },
          "distancia_lineal_m": 934,
          "distancia_a_pie_m_estimada": 1170,
          "distancia_a_pie_min_estimada": 15,
          "source_dataset": "academias_idiomas_rekalde.geojson",
          "category_standard": "Educación y formación",
          "category_original": "Formación"
        },
        "commercial_name": "St. George's English Academy",
        "enrichment_status": "base",
        "enrichment_updated_at": "2026-06-26",
        "photo_url": "https://stgeorgesacademy.es/wp-content/uploads/2024/02/mail-hero.png",
        "photo_source_url": "https://stgeorgesacademy.es/",
        "photo_source": "Web pública"
      },
      "geometry": {
        "type": "Point",
        "coordinates": [
          -2.94709,
          43.26244
        ]
      }
    },
    {
      "type": "Feature",
      "properties": {
        "name": "UP Formación Indautxu",
        "category": "Educación y formación",
        "category_original": "Formación",
        "status": "activo",
        "confidence": "Media",
        "verification": "media",
        "source": "Directorio academias y gimnasios 1000 m Rekalde con minutos a pie",
        "source_id": "formación-up-formación-indautxu",
        "subcategory": "Formación",
        "activity_type": "academia_formacion",
        "distance_m": 880.5,
        "walking_distance_m": 1171.0,
        "walking_time_min": 15.0,
        "walking_distance_method": "osm_pedestrian_network_dijkstra; snap_local=17.0m; snap_target=34.1m",
        "walking_time_method": "walking_distance_m / 80 m/min, redondeado a minutos",
        "address": "Doctor Areilza, 39, 48010 Bilbao",
        "phone": "944 214 452",
        "email": "up@upformacion.com",
        "website": "https://upformacion.com/",
        "coordinate_precision": "estimada_direccion",
        "raw_tags": {
          "categoria_actividad": "academia_formacion",
          "categoria_detalle": "formacion",
          "nombre": "UP Formación Indautxu",
          "nombre_descriptivo_actividad": "Academia / centro de formación: formacion (formación no reglada; formación superior no reglada) — UP Formación Indautxu",
          "direccion": "Doctor Areilza, 39, 48010 Bilbao",
          "lon": -2.94155,
          "lat": 43.26065,
          "distancia_a_pie_m": 1125,
          "distancia_geodesica_m": 880.5,
          "metodo_distancia_a_pie": "estimacion_red_urbana = distancia_geodesica_m * 1.28, redondeada a 5 m; no es ruta calculada por API de navegación",
          "precision_coord": "estimada_direccion",
          "verificacion": "media",
          "tiempo_a_pie_min": 14.1,
          "tiempo_a_pie_min_redondeado": 15,
          "metodo_tiempo_a_pie": "Tiempo a pie estimado a partir de distancia_a_pie_m, usando velocidad peatonal de 4.8 km/h (80 m/min).",
          "category_original": "Formación",
          "category_standard": "Educación y formación",
          "category_original_raw": "formación"
        },
        "commercial_name": "Colegio El Carmen Indautxu",
        "enrichment_status": "base;osm:0.78;web",
        "enrichment_updated_at": "2026-06-26"
      },
      "geometry": {
        "type": "Point",
        "coordinates": [
          -2.94155,
          43.26065
        ]
      }
    },
    {
      "type": "Feature",
      "properties": {
        "name": "TOMÁS CAMACHO",
        "category": "Educación y formación",
        "category_original": "Colegio",
        "status": "activo",
        "confidence": "Media",
        "source": "Open Data Euskadi - Centros docentes no universitarios de Euskadi",
        "source_id": "14150",
        "subcategory": "Colegio público de Educación Infantil y Primaria",
        "activity_type": "colegio_centro_docente",
        "type_code": "CEIP",
        "distance_m": 962.0,
        "walking_distance_m": 1204.0,
        "walking_time_min": 15.0,
        "walking_distance_method": "osm_pedestrian_network_dijkstra; snap_local=17.0m; snap_target=8.4m",
        "walking_time_method": "walking_distance_m / 80 m/min, redondeado a minutos",
        "address": "MONASTERIO 2, 48012 Bilbao",
        "phone": "944449799",
        "email": "014150aa@hezkuntza.net",
        "ownership": "DEPART. EDUCACIÓN",
        "source_url": "https://opendata.euskadi.eus/contenidos/ds_localizaciones/centros_docentes_no_universit/es_euskadi/adjuntos/dirgennouniv.csv",
        "official_id": "14150",
        "coordinate_precision": "oficial_utm_etrs89_transformada_wgs84",
        "raw_tags": {
          "id_oficial": "14150",
          "categoria_actividad": "colegio_centro_docente",
          "categoria_detalle": "Colegio público de Educación Infantil y Primaria",
          "tipo_centro_codigo": "CEIP",
          "nombre": "TOMÁS CAMACHO",
          "nombre_descriptivo_actividad": "TOMÁS CAMACHO — Colegio público de Educación Infantil y Primaria",
          "direccion": "MONASTERIO 2, 48012 Bilbao",
          "lon": -2.9357253,
          "lat": 43.2531518,
          "distancia_geodesica_m": 962,
          "distancia_a_pie_m": 1230,
          "tiempo_a_pie_min": 15.4,
          "tiempo_a_pie_min_redondeado": 16,
          "metodo_distancia_a_pie": "Estimación: distancia geodésica * 1,28; no es ruta real calculada sobre red viaria",
          "metodo_tiempo_a_pie": "Velocidad peatonal asumida: 4,8 km/h (80 m/min)",
          "titularidad": "DEPART. EDUCACIÓN",
          "telefono": "944449799",
          "email": "014150aa@hezkuntza.net",
          "web": "",
          "precision_coord": "oficial_utm_etrs89_transformada_wgs84",
          "fuente_principal": "Open Data Euskadi - Centros docentes no universitarios de Euskadi",
          "source_url": "https://opendata.euskadi.eus/contenidos/ds_localizaciones/centros_docentes_no_universit/es_euskadi/adjuntos/dirgennouniv.csv",
          "centroide_local_lat": 43.2540395,
          "centroide_local_lon": -2.9475368,
          "radio_filtro_m": 1000,
          "category_original": "Colegio",
          "category_standard": "Educación y formación",
          "category_original_raw": "colegio"
        },
        "commercial_name": "CEIP Tomás Camacho HLHI",
        "enrichment_status": "base;osm:0.81",
        "enrichment_updated_at": "2026-06-26"
      },
      "geometry": {
        "type": "Point",
        "coordinates": [
          -2.9357253,
          43.2531518
        ]
      }
    },
    {
      "type": "Feature",
      "properties": {
        "name": "E. P. PASTELERÍA Y COMERCIO BIZKAIA",
        "category": "Educación y formación",
        "category_original": "Formación profesional",
        "status": "activo",
        "confidence": "Media",
        "source": "Open Data Euskadi - Centros docentes no universitarios de Euskadi",
        "source_id": "15224",
        "subcategory": "Centro privado de Formación Profesional Básica",
        "activity_type": "centro_formacion_profesional",
        "type_code": "CPFPB",
        "distance_m": 713.0,
        "walking_distance_m": 1290.0,
        "walking_time_min": 16.0,
        "walking_distance_method": "osm_pedestrian_network_dijkstra; snap_local=17.0m; snap_target=20.4m",
        "walking_time_method": "walking_distance_m / 80 m/min, redondeado a minutos",
        "address": "ESTRADA MASUSTEGI 347, 48002 Bilbao",
        "phone": "944393498",
        "email": "gremiopasteleria@gmail.com",
        "ownership": "PRIVADA",
        "source_url": "https://opendata.euskadi.eus/contenidos/ds_localizaciones/centros_docentes_no_universit/es_euskadi/adjuntos/dirgennouniv.csv",
        "official_id": "15224",
        "coordinate_precision": "oficial_utm_etrs89_transformada_wgs84",
        "raw_tags": {
          "id_oficial": "15224",
          "categoria_actividad": "centro_formacion_profesional",
          "categoria_detalle": "Centro privado de Formación Profesional Básica",
          "tipo_centro_codigo": "CPFPB",
          "nombre": "E. P. PASTELERÍA Y COMERCIO BIZKAIA",
          "nombre_descriptivo_actividad": "E. P. PASTELERÍA Y COMERCIO BIZKAIA — Centro privado de Formación Profesional Básica",
          "direccion": "ESTRADA MASUSTEGI 347, 48002 Bilbao",
          "lon": -2.9563318,
          "lat": 43.2537869,
          "distancia_geodesica_m": 713,
          "distancia_a_pie_m": 915,
          "tiempo_a_pie_min": 11.4,
          "tiempo_a_pie_min_redondeado": 12,
          "metodo_distancia_a_pie": "Estimación: distancia geodésica * 1,28; no es ruta real calculada sobre red viaria",
          "metodo_tiempo_a_pie": "Velocidad peatonal asumida: 4,8 km/h (80 m/min)",
          "titularidad": "PRIVADA",
          "telefono": "944393498",
          "email": "gremiopasteleria@gmail.com",
          "web": "",
          "precision_coord": "oficial_utm_etrs89_transformada_wgs84",
          "fuente_principal": "Open Data Euskadi - Centros docentes no universitarios de Euskadi",
          "source_url": "https://opendata.euskadi.eus/contenidos/ds_localizaciones/centros_docentes_no_universit/es_euskadi/adjuntos/dirgennouniv.csv",
          "centroide_local_lat": 43.2540395,
          "centroide_local_lon": -2.9475368,
          "radio_filtro_m": 1000,
          "category_original": "Formación profesional",
          "category_standard": "Educación y formación",
          "category_original_raw": "formación profesional"
        },
        "commercial_name": "Escuela Profesional de Pastelería y Comercio de Bizkaia",
        "enrichment_status": "base;osm:0.80;web",
        "enrichment_updated_at": "2026-06-26",
        "website": "http://www.gremiopasteleriabizkaia.com/"
      },
      "geometry": {
        "type": "Point",
        "coordinates": [
          -2.9563318,
          43.2537869
        ]
      }
    },
    {
      "type": "Feature",
      "properties": {
        "name": "MARGOTU",
        "category": "Educación y formación",
        "category_original": "Formación profesional",
        "status": "activo",
        "confidence": "Media",
        "source": "Open Data Euskadi - Centros docentes no universitarios de Euskadi",
        "source_id": "15226",
        "subcategory": "Centro privado de Formación Profesional Básica",
        "activity_type": "centro_formacion_profesional",
        "type_code": "CPFPB",
        "distance_m": 713.0,
        "walking_distance_m": 1290.0,
        "walking_time_min": 16.0,
        "walking_distance_method": "osm_pedestrian_network_dijkstra; snap_local=17.0m; snap_target=20.4m",
        "walking_time_method": "walking_distance_m / 80 m/min, redondeado a minutos",
        "address": "ESTRADA DE MASUSTEGI 347-2, 48002 Bilbao",
        "phone": "944278570",
        "email": "direccion@margotu.org",
        "ownership": "PRIVADA",
        "source_url": "https://opendata.euskadi.eus/contenidos/ds_localizaciones/centros_docentes_no_universit/es_euskadi/adjuntos/dirgennouniv.csv",
        "official_id": "15226",
        "coordinate_precision": "oficial_utm_etrs89_transformada_wgs84",
        "raw_tags": {
          "id_oficial": "15226",
          "categoria_actividad": "centro_formacion_profesional",
          "categoria_detalle": "Centro privado de Formación Profesional Básica",
          "tipo_centro_codigo": "CPFPB",
          "nombre": "MARGOTU",
          "nombre_descriptivo_actividad": "MARGOTU — Centro privado de Formación Profesional Básica",
          "direccion": "ESTRADA DE MASUSTEGI 347-2, 48002 Bilbao",
          "lon": -2.9563318,
          "lat": 43.2537869,
          "distancia_geodesica_m": 713,
          "distancia_a_pie_m": 915,
          "tiempo_a_pie_min": 11.4,
          "tiempo_a_pie_min_redondeado": 12,
          "metodo_distancia_a_pie": "Estimación: distancia geodésica * 1,28; no es ruta real calculada sobre red viaria",
          "metodo_tiempo_a_pie": "Velocidad peatonal asumida: 4,8 km/h (80 m/min)",
          "titularidad": "PRIVADA",
          "telefono": "944278570",
          "email": "direccion@margotu.org",
          "web": "",
          "precision_coord": "oficial_utm_etrs89_transformada_wgs84",
          "fuente_principal": "Open Data Euskadi - Centros docentes no universitarios de Euskadi",
          "source_url": "https://opendata.euskadi.eus/contenidos/ds_localizaciones/centros_docentes_no_universit/es_euskadi/adjuntos/dirgennouniv.csv",
          "centroide_local_lat": 43.2540395,
          "centroide_local_lon": -2.9475368,
          "radio_filtro_m": 1000,
          "category_original": "Formación profesional",
          "category_standard": "Educación y formación",
          "category_original_raw": "formación profesional"
        },
        "commercial_name": "Margotu",
        "enrichment_status": "base;osm:0.85;web",
        "enrichment_updated_at": "2026-06-26",
        "website": "https://margotu.org/",
        "photo_url": "http://margotu.org/wp-content/uploads/2023/10/AND00135-1-1024x683.jpg",
        "photo_source_url": "https://margotu.org/",
        "photo_source": "Web pública"
      },
      "geometry": {
        "type": "Point",
        "coordinates": [
          -2.9563318,
          43.2537869
        ]
      }
    },
    {
      "type": "Feature",
      "properties": {
        "name": "ANIMAXFX Bilbao",
        "category": "Estudios audiovisuales y grabación",
        "category_original": "estudio audiovisual / plató",
        "status": "activo",
        "confidence": "Media",
        "source": "instalaciones_podcast_fotografia_grabacion_bilbao_rekalde.geojson",
        "source_id": "estudio-audiovisual-plató-animaxfx-bilbao--2.9447-43.25515",
        "subcategory": "alquiler de estudio audiovisual para vídeo, cortos, videoclips, fotografía y eventos",
        "activity_type": "estudio_audiovisual_grabacion",
        "distance_m": 261.0,
        "walking_distance_m": 334.0,
        "walking_time_min": 4.0,
        "address": "Jaén Kalea, 1, 3ª planta, 1ºD, 48012 Bilbao",
        "phone": "656 79 98 78",
        "email": "contacto@animaxfx.com",
        "website": "https://animaxfx.com/",
        "notes": "Competidor/benchmark muy próximo al local. Espacio grande, orientado a producción audiovisual y fotografía.",
        "raw_tags": {
          "nombre": "ANIMAXFX Bilbao",
          "categoria": "estudio audiovisual / plató",
          "subcategoria": "alquiler de estudio audiovisual para vídeo, cortos, videoclips, fotografía y eventos",
          "direccion": "Jaén Kalea, 1, 3ª planta, 1ºD, 48012 Bilbao",
          "municipio": "Bilbao",
          "barrio_zona": "Rekalde / Ametzola próximo",
          "telefono": "656 79 98 78",
          "email": "contacto@animaxfx.com",
          "web": "https://animaxfx.com/",
          "servicios_identificados": [
            "plató audiovisual",
            "fotografía",
            "vídeo",
            "videoclips",
            "cortos",
            "fondo croma",
            "fondo blanco",
            "VFX",
            "IA aplicada a imagen",
            "eventos/presentaciones"
          ],
          "superficie_m2": 500,
          "es_alquiler_publico": "sí, anunciado como alquiler de estudio",
          "fuentes": [
            "https://animaxfx.com/",
            "https://www.provenexpert.com/es-es/animaxfx-bilbao/"
          ],
          "estado_fuente": "activo o anunciado en fuentes web consultadas",
          "coordenadas_precision": "media-alta: dirección publicada; coordenada aproximada por dirección en Calle Jaén 1",
          "notas": "Competidor/benchmark muy próximo al local. Espacio grande, orientado a producción audiovisual y fotografía.",
          "distancia_lineal_m": 261,
          "distancia_a_pie_m_estimada": 334,
          "distancia_a_pie_min_estimada": 4,
          "origen_distancias": {
            "lon": -2.947546,
            "lat": 43.254049,
            "source": "centroide aproximado del polígono del KMZ local.kmz"
          },
          "ranking_proximidad_al_local": 1
        },
        "commercial_name": "ANIMAXFX Bilbao",
        "enrichment_status": "base",
        "enrichment_updated_at": "2026-06-26",
        "photo_url": "https://animaxfx.com/wp-admin/admin-ajax.php?action=rank_math_overlay_thumb&id=3803&type=play&hash=13e8f60604ce02234eb007522b67d2f7",
        "photo_source_url": "https://animaxfx.com/",
        "photo_source": "Web pública"
      },
      "geometry": {
        "type": "Point",
        "coordinates": [
          -2.9447,
          43.25515
        ]
      }
    },
    {
      "type": "Feature",
      "properties": {
        "name": "The Rockstudios / Rockstudios S.L.",
        "category": "Estudios audiovisuales y grabación",
        "category_original": "estudio de grabación de sonido",
        "status": "activo",
        "confidence": "Media",
        "source": "instalaciones_podcast_fotografia_grabacion_bilbao_rekalde.geojson",
        "source_id": "estudio-de-grabación-de-sonido-the-rockstudios-rockstudios-s-l--2.9464-43.2566",
        "subcategory": "grabación musical, producción, masterización",
        "activity_type": "estudio_audiovisual_grabacion",
        "distance_m": 298.0,
        "walking_distance_m": 381.0,
        "walking_time_min": 5.0,
        "address": "Calle Andrés Isasi, 13, 48012 Rekalde / Errekalde, Bilbao",
        "email": "therockstudios@gmail.com",
        "website": "https://www.therockstudios.com/",
        "notes": "Muy próximo al local; relevante para demanda de grabación de audio/música.",
        "raw_tags": {
          "nombre": "The Rockstudios / Rockstudios S.L.",
          "categoria": "estudio de grabación de sonido",
          "subcategoria": "grabación musical, producción, masterización",
          "direccion": "Calle Andrés Isasi, 13, 48012 Rekalde / Errekalde, Bilbao",
          "municipio": "Bilbao",
          "barrio_zona": "Rekalde / Ametzola próximo",
          "telefono": null,
          "email": "therockstudios@gmail.com",
          "web": "https://www.therockstudios.com/",
          "servicios_identificados": [
            "estudio de grabación",
            "producción musical",
            "masterización",
            "sello discográfico"
          ],
          "superficie_m2": null,
          "es_alquiler_publico": "servicio profesional de estudio; alquiler/sesiones bajo contacto",
          "fuentes": [
            "https://www.qdq.com/rockstudios-sl-867346",
            "https://www.therockstudios.com/"
          ],
          "estado_fuente": "activo o anunciado en fuentes web/directorios consultados",
          "coordenadas_precision": "media: dirección publicada en directorio; coordenada aproximada por calle y número",
          "notas": "Muy próximo al local; relevante para demanda de grabación de audio/música.",
          "distancia_lineal_m": 298,
          "distancia_a_pie_m_estimada": 381,
          "distancia_a_pie_min_estimada": 5,
          "origen_distancias": {
            "lon": -2.947546,
            "lat": 43.254049,
            "source": "centroide aproximado del polígono del KMZ local.kmz"
          },
          "ranking_proximidad_al_local": 2
        },
        "commercial_name": "The Rockstudios / Rockstudios S.L.",
        "enrichment_status": "base;web",
        "enrichment_updated_at": "2026-06-26"
      },
      "geometry": {
        "type": "Point",
        "coordinates": [
          -2.9464,
          43.2566
        ]
      }
    },
    {
      "type": "Feature",
      "properties": {
        "name": "Pool Servicios de Fotografía",
        "category": "Estudios audiovisuales y grabación",
        "category_original": "estudio fotográfico / alquiler de equipos",
        "status": "activo",
        "confidence": "Media",
        "source": "instalaciones_podcast_fotografia_grabacion_bilbao_rekalde.geojson",
        "source_id": "estudio-fotográfico-alquiler-de-equipos-pool-servicios-de-fotografía--2.9552-43.2475",
        "subcategory": "alquiler de estudio fotográfico y equipos de iluminación",
        "distance_m": 956.0,
        "walking_distance_m": 1224.0,
        "walking_time_min": 15.0,
        "address": "Betolatza Auzoa, 46, 48002 Bilbao",
        "phone": "639 73 70 02 / 944 43 24 66",
        "website": "https://poolserviciosdefotografia.wordpress.com/",
        "notes": "Próximo al entorno Rekalde, útil como referencia de estudio fotográfico de barrio.",
        "raw_tags": {
          "nombre": "Pool Servicios de Fotografía",
          "categoria": "estudio fotográfico / alquiler de equipos",
          "subcategoria": "alquiler de estudio fotográfico y equipos de iluminación",
          "direccion": "Betolatza Auzoa, 46, 48002 Bilbao",
          "municipio": "Bilbao",
          "barrio_zona": "Betolatza / Rekalde sur",
          "telefono": "639 73 70 02 / 944 43 24 66",
          "email": null,
          "web": "https://poolserviciosdefotografia.wordpress.com/",
          "servicios_identificados": [
            "estudio fotográfico",
            "equipos de iluminación",
            "sesiones fotográficas",
            "grabaciones puntuales"
          ],
          "superficie_m2": null,
          "es_alquiler_publico": "sí, anunciado como alquiler de estudio/equipos",
          "fuentes": [
            "https://poolserviciosdefotografia.wordpress.com/"
          ],
          "estado_fuente": "web activa con noticias recientes y contacto publicado",
          "coordenadas_precision": "media-baja: dirección publicada; coordenada aproximada por barrio/dirección",
          "notas": "Próximo al entorno Rekalde, útil como referencia de estudio fotográfico de barrio.",
          "distancia_lineal_m": 956,
          "distancia_a_pie_m_estimada": 1224,
          "distancia_a_pie_min_estimada": 15,
          "origen_distancias": {
            "lon": -2.947546,
            "lat": 43.254049,
            "source": "centroide aproximado del polígono del KMZ local.kmz"
          },
          "ranking_proximidad_al_local": 3
        },
        "commercial_name": "Pool Servicios de Fotografía",
        "enrichment_status": "base",
        "enrichment_updated_at": "2026-06-26",
        "photo_url": "https://i0.wp.com/poolserviciosdefotografia.wordpress.com/wp-content/uploads/2015/06/estudio01-e1434475319579.jpg?fit=1200%2C548&ssl=1",
        "photo_source_url": "https://poolserviciosdefotografia.wordpress.com/",
        "photo_source": "Web pública"
      },
      "geometry": {
        "type": "Point",
        "coordinates": [
          -2.9552,
          43.2475
        ]
      }
    },
    {
      "type": "Feature",
      "properties": {
        "name": "Media Attack",
        "category": "Estudios audiovisuales y grabación",
        "category_original": "productora / estudio de podcast-vídeo",
        "status": "activo",
        "confidence": "Media",
        "source": "instalaciones_podcast_fotografia_grabacion_bilbao_rekalde.geojson",
        "source_id": "productora-estudio-de-podcast-vídeo-media-attack--2.9296-43.256",
        "subcategory": "podcast, videopodcast, producción audiovisual, streaming, pop-up studio",
        "activity_type": "estudio_audiovisual_grabacion",
        "distance_m": 1469.0,
        "walking_distance_m": 1880.0,
        "walking_time_min": 24.0,
        "address": "Cl. San Francisco, 40 Bajo, 48003 Bilbao",
        "phone": "679 929 441",
        "email": "hola@media-attack.tv",
        "website": "https://media-attack.tv/podcast-media-attack/",
        "notes": "Referencia directa para podcast/videopodcast profesional. Hay discrepancia entre dirección operativa y domicilio legal anterior.",
        "raw_tags": {
          "nombre": "Media Attack",
          "categoria": "productora / estudio de podcast-vídeo",
          "subcategoria": "podcast, videopodcast, producción audiovisual, streaming, pop-up studio",
          "direccion": "Cl. San Francisco, 40 Bajo, 48003 Bilbao",
          "municipio": "Bilbao",
          "barrio_zona": "San Francisco / Bilbao La Vieja",
          "telefono": "679 929 441",
          "email": "hola@media-attack.tv",
          "web": "https://media-attack.tv/podcast-media-attack/",
          "servicios_identificados": [
            "podcast",
            "videopodcast",
            "cámaras 4K",
            "micrófonos",
            "streaming en directo",
            "estudio propio",
            "pop-up studio",
            "producción audiovisual"
          ],
          "superficie_m2": null,
          "es_alquiler_publico": "servicio de grabación en estudio; tarifa de podcast publicada",
          "fuentes": [
            "https://media-attack.tv/podcast-media-attack/",
            "https://www.bifilmcommission.com/es/guia-produccion/media-attack/",
            "https://media-attack.tv/politica-de-privacidad/"
          ],
          "estado_fuente": "activo o anunciado; producción guide indica San Francisco 40; política web conserva otra dirección societaria en García Salazar 2",
          "coordenadas_precision": "media: dirección operativa publicada por BI Film Commission; coordenada aproximada por dirección",
          "notas": "Referencia directa para podcast/videopodcast profesional. Hay discrepancia entre dirección operativa y domicilio legal anterior.",
          "distancia_lineal_m": 1469,
          "distancia_a_pie_m_estimada": 1880,
          "distancia_a_pie_min_estimada": 24,
          "origen_distancias": {
            "lon": -2.947546,
            "lat": 43.254049,
            "source": "centroide aproximado del polígono del KMZ local.kmz"
          },
          "ranking_proximidad_al_local": 4
        },
        "commercial_name": "Media Attack",
        "enrichment_status": "base",
        "enrichment_updated_at": "2026-06-26",
        "photo_url": "https://media-attack.tv/wp-content/uploads/2023/03/MA-fondo.png",
        "photo_source_url": "https://media-attack.tv/podcast-media-attack/",
        "photo_source": "Web pública"
      },
      "geometry": {
        "type": "Point",
        "coordinates": [
          -2.9296,
          43.256
        ]
      }
    },
    {
      "type": "Feature",
      "properties": {
        "name": "Kamanga Studio / Kamanga Influencers Club",
        "category": "Estudios audiovisuales y grabación",
        "category_original": "estudio audiovisual / creación de contenido",
        "status": "activo",
        "confidence": "Media",
        "source": "instalaciones_podcast_fotografia_grabacion_bilbao_rekalde.geojson",
        "source_id": "estudio-audiovisual-creación-de-contenido-kamanga-studio-kamanga-influencers-club--2.9291-43.25585",
        "subcategory": "fotografía, vídeo, podcast, reels, videoclips, formación digital",
        "activity_type": "estudio_audiovisual_grabacion",
        "distance_m": 1507.0,
        "walking_distance_m": 1929.0,
        "walking_time_min": 24.0,
        "address": "Entorno KOOP SF34 / San Francisco, Bilbao; dirección exacta no confirmada en la web consultada",
        "phone": "946 75 63 47 (KOOP SF34, según redes)",
        "email": "kamanga.influencers.club@gmail.com",
        "website": "https://kamanga.es/",
        "notes": "Debe verificarse antes de análisis de proximidad fino. Relevante por enfoque de contenido digital y podcast.",
        "raw_tags": {
          "nombre": "Kamanga Studio / Kamanga Influencers Club",
          "categoria": "estudio audiovisual / creación de contenido",
          "subcategoria": "fotografía, vídeo, podcast, reels, videoclips, formación digital",
          "direccion": "Entorno KOOP SF34 / San Francisco, Bilbao; dirección exacta no confirmada en la web consultada",
          "municipio": "Bilbao",
          "barrio_zona": "San Francisco / Bilbao La Vieja",
          "telefono": "946 75 63 47 (KOOP SF34, según redes)",
          "email": "kamanga.influencers.club@gmail.com",
          "web": "https://kamanga.es/",
          "servicios_identificados": [
            "fotografía profesional",
            "producción y edición de vídeo",
            "podcast",
            "reels",
            "videoclips",
            "creación de contenido",
            "formación digital"
          ],
          "superficie_m2": null,
          "es_alquiler_publico": "servicio profesional/espacio creativo; alquiler abierto no confirmado",
          "fuentes": [
            "https://kamanga.es/",
            "https://cadenaser.com/euskadi/2025/01/28/kamanga-studio-un-lugar-donde-crear-contenidos-digitales-en-bilbao-radio-bilbao/",
            "https://estudiosdegrabacion.es/estudio/kamanga-estudio/"
          ],
          "estado_fuente": "activo o anunciado; dirección exacta pendiente de confirmación",
          "coordenadas_precision": "baja: aproximación al entorno KOOP SF34/San Francisco, no dirección exacta publicada en fuente directa",
          "notas": "Debe verificarse antes de análisis de proximidad fino. Relevante por enfoque de contenido digital y podcast.",
          "distancia_lineal_m": 1507,
          "distancia_a_pie_m_estimada": 1929,
          "distancia_a_pie_min_estimada": 24,
          "origen_distancias": {
            "lon": -2.947546,
            "lat": 43.254049,
            "source": "centroide aproximado del polígono del KMZ local.kmz"
          },
          "ranking_proximidad_al_local": 5
        },
        "commercial_name": "Kamanga Studio / Kamanga Influencers Club",
        "enrichment_status": "base;web",
        "enrichment_updated_at": "2026-06-26"
      },
      "geometry": {
        "type": "Point",
        "coordinates": [
          -2.9291,
          43.25585
        ]
      }
    },
    {
      "type": "Feature",
      "properties": {
        "name": "Fundación BilbaoArte Fundazioa - Plató de filmación y fotografía",
        "category": "Estudios audiovisuales y grabación",
        "category_original": "equipamiento cultural / plató",
        "status": "activo",
        "confidence": "Media",
        "source": "instalaciones_podcast_fotografia_grabacion_bilbao_rekalde.geojson",
        "source_id": "equipamiento-cultural-plató-fundación-bilbaoarte-fundazioa-plató-de-filmación-y-fotografía--2.9274-43.2535",
        "subcategory": "plato de filmación y fotografía, MediaLab y AudioLab",
        "activity_type": "estudio_audiovisual_grabacion",
        "distance_m": 1633.0,
        "walking_distance_m": 2090.0,
        "walking_time_min": 26.0,
        "address": "Urazurrutia, 32, 48003 Bilbao",
        "phone": "94 415 50 97 / 605 50 51 15",
        "website": "https://bilbaoarte.eus/instalaciones/plato-de-filmacion-y-fotografia/",
        "notes": "No es un competidor comercial directo, pero sí referencia de equipamiento audiovisual disponible para comunidad artística.",
        "raw_tags": {
          "nombre": "Fundación BilbaoArte Fundazioa - Plató de filmación y fotografía",
          "categoria": "equipamiento cultural / plató",
          "subcategoria": "plato de filmación y fotografía, MediaLab y AudioLab",
          "direccion": "Urazurrutia, 32, 48003 Bilbao",
          "municipio": "Bilbao",
          "barrio_zona": "Bilbao La Vieja / San Antón",
          "telefono": "94 415 50 97 / 605 50 51 15",
          "email": null,
          "web": "https://bilbaoarte.eus/instalaciones/plato-de-filmacion-y-fotografia/",
          "servicios_identificados": [
            "plató 100 m²",
            "fotografía",
            "grabación de vídeo",
            "cámaras",
            "iluminación",
            "ciclorama",
            "MediaLab",
            "AudioLab"
          ],
          "superficie_m2": 100,
          "es_alquiler_publico": "no estrictamente comercial; uso vinculado a programa/servicios de BilbaoArte",
          "fuentes": [
            "https://bilbaoarte.eus/instalaciones/plato-de-filmacion-y-fotografia/"
          ],
          "estado_fuente": "equipamiento publicado por entidad cultural",
          "coordenadas_precision": "media-alta: dirección publicada; coordenada aproximada por dirección",
          "notas": "No es un competidor comercial directo, pero sí referencia de equipamiento audiovisual disponible para comunidad artística.",
          "distancia_lineal_m": 1633,
          "distancia_a_pie_m_estimada": 2090,
          "distancia_a_pie_min_estimada": 26,
          "origen_distancias": {
            "lon": -2.947546,
            "lat": 43.254049,
            "source": "centroide aproximado del polígono del KMZ local.kmz"
          },
          "ranking_proximidad_al_local": 6
        },
        "commercial_name": "Fundación BilbaoArte Fundazioa - Plató de filmación y fotografía",
        "enrichment_status": "base",
        "enrichment_updated_at": "2026-06-26",
        "photo_url": "https://bilbaoarte.eus/web/wp-content/uploads/2023/10/Plato_14_RE.jpg",
        "photo_source_url": "https://bilbaoarte.eus/instalaciones/plato-de-filmacion-y-fotografia/",
        "photo_source": "Web pública"
      },
      "geometry": {
        "type": "Point",
        "coordinates": [
          -2.9274,
          43.2535
        ]
      }
    },
    {
      "type": "Feature",
      "properties": {
        "name": "Euridia Estudio de Sonido",
        "category": "Estudios audiovisuales y grabación",
        "category_original": "estudio de sonido / podcast / locución",
        "status": "activo",
        "confidence": "Media",
        "source": "instalaciones_podcast_fotografia_grabacion_bilbao_rekalde.geojson",
        "source_id": "estudio-de-sonido-podcast-locución-euridia-estudio-de-sonido--2.9293-43.2661",
        "subcategory": "grabación musical, podcast, locuciones, ADR y remoto",
        "activity_type": "estudio_audiovisual_grabacion",
        "distance_m": 1995.0,
        "walking_distance_m": 2554.0,
        "walking_time_min": 32.0,
        "address": "Paseo Campo Volantín, 23, 2ºN, 48007 Bilbao",
        "phone": "610 22 16 96",
        "email": "ibon@euridia.net",
        "website": "https://euridia.net/",
        "notes": "Referencia fuerte para podcast/locución/ADR, no solo música.",
        "raw_tags": {
          "nombre": "Euridia Estudio de Sonido",
          "categoria": "estudio de sonido / podcast / locución",
          "subcategoria": "grabación musical, podcast, locuciones, ADR y remoto",
          "direccion": "Paseo Campo Volantín, 23, 2ºN, 48007 Bilbao",
          "municipio": "Bilbao",
          "barrio_zona": "Campo Volantín / Uribarri",
          "telefono": "610 22 16 96",
          "email": "ibon@euridia.net",
          "web": "https://euridia.net/",
          "servicios_identificados": [
            "estudio de grabación",
            "podcast",
            "locuciones",
            "entrevistas",
            "ADR",
            "grabación remota",
            "mastering",
            "mezcla",
            "producción musical"
          ],
          "superficie_m2": null,
          "es_alquiler_publico": "servicio profesional de grabación bajo contacto",
          "fuentes": [
            "https://euridia.net/",
            "https://euridia.net/servicios-estudio-grabacion/",
            "https://euridia.net/politica-privacidad/"
          ],
          "estado_fuente": "activo o anunciado en web propia",
          "coordenadas_precision": "media-alta: domicilio publicado; coordenada aproximada por dirección",
          "notas": "Referencia fuerte para podcast/locución/ADR, no solo música.",
          "distancia_lineal_m": 1995,
          "distancia_a_pie_m_estimada": 2554,
          "distancia_a_pie_min_estimada": 32,
          "origen_distancias": {
            "lon": -2.947546,
            "lat": 43.254049,
            "source": "centroide aproximado del polígono del KMZ local.kmz"
          },
          "ranking_proximidad_al_local": 7
        },
        "commercial_name": "Euridia Estudio de Sonido",
        "enrichment_status": "base;web",
        "enrichment_updated_at": "2026-06-26"
      },
      "geometry": {
        "type": "Point",
        "coordinates": [
          -2.9293,
          43.2661
        ]
      }
    },
    {
      "type": "Feature",
      "properties": {
        "name": "MrJam CMM - Estudio de Grabación",
        "category": "Estudios audiovisuales y grabación",
        "category_original": "estudio de sonido / música",
        "status": "activo",
        "confidence": "Media",
        "source": "instalaciones_podcast_fotografia_grabacion_bilbao_rekalde.geojson",
        "source_id": "estudio-de-sonido-música-mrjam-cmm-estudio-de-grabación--2.9532-43.2718",
        "subcategory": "grabación, mezcla, producción, mastering y videoclips",
        "activity_type": "estudio_audiovisual_grabacion",
        "distance_m": 2026.0,
        "walking_distance_m": 2593.0,
        "walking_time_min": 32.0,
        "address": "Luzarra Kalea, 16, 2º, Deusto, 48014 Bilbao",
        "phone": "944 76 38 15",
        "email": "oficina@mrjam.com",
        "website": "https://mrjam.net/estudio-de-grabacion/",
        "notes": "Referencia consolidada para audio/música y formación técnica.",
        "raw_tags": {
          "nombre": "MrJam CMM - Estudio de Grabación",
          "categoria": "estudio de sonido / música",
          "subcategoria": "grabación, mezcla, producción, mastering y videoclips",
          "direccion": "Luzarra Kalea, 16, 2º, Deusto, 48014 Bilbao",
          "municipio": "Bilbao",
          "barrio_zona": "Deusto",
          "telefono": "944 76 38 15",
          "email": "oficina@mrjam.com",
          "web": "https://mrjam.net/estudio-de-grabacion/",
          "servicios_identificados": [
            "grabación musical",
            "Pro Tools",
            "Cubase",
            "mezcla",
            "producción",
            "mastering",
            "videoclips",
            "formación de sonido"
          ],
          "superficie_m2": null,
          "es_alquiler_publico": "servicio profesional de estudio bajo contacto",
          "fuentes": [
            "https://mrjam.net/estudio-de-grabacion/",
            "https://estudiosdegrabacion.es/estudio/mrjam-cmm/",
            "https://mrjamformaciononline.com/contacto/"
          ],
          "estado_fuente": "activo o anunciado en web propia/directorio",
          "coordenadas_precision": "media-alta: dirección publicada; coordenada aproximada por dirección",
          "notas": "Referencia consolidada para audio/música y formación técnica.",
          "distancia_lineal_m": 2026,
          "distancia_a_pie_m_estimada": 2593,
          "distancia_a_pie_min_estimada": 32,
          "origen_distancias": {
            "lon": -2.947546,
            "lat": 43.254049,
            "source": "centroide aproximado del polígono del KMZ local.kmz"
          },
          "ranking_proximidad_al_local": 8
        },
        "commercial_name": "MrJam CMM - Estudio de Grabación",
        "enrichment_status": "base",
        "enrichment_updated_at": "2026-06-26",
        "photo_url": "https://mrjam.net/wp-content/uploads/2018/07/estudio_grabacion01pg.jpg",
        "photo_source_url": "https://mrjam.net/estudio-de-grabacion/",
        "photo_source": "Web pública"
      },
      "geometry": {
        "type": "Point",
        "coordinates": [
          -2.9532,
          43.2718
        ]
      }
    },
    {
      "type": "Feature",
      "properties": {
        "name": "Bitart New Media / PlatoEnBilbao",
        "category": "Estudios audiovisuales y grabación",
        "category_original": "plató audiovisual / productora",
        "status": "activo",
        "confidence": "Media",
        "source": "instalaciones_podcast_fotografia_grabacion_bilbao_rekalde.geojson",
        "source_id": "plató-audiovisual-productora-bitart-new-media-platoenbilbao--2.928-43.2669",
        "subcategory": "alquiler de plató para fotografía y vídeo",
        "activity_type": "estudio_audiovisual_grabacion",
        "distance_m": 2132.0,
        "walking_distance_m": 2729.0,
        "walking_time_min": 34.0,
        "address": "Tívoli, 24 BIS, 48007 Bilbao",
        "phone": "94 413 03 85 / 629 43 85 78",
        "email": "bitart@bitart.info",
        "website": "https://www.platoenbilbao.com/",
        "notes": "Benchmark consolidado de plató pequeño/medio con equipamiento de cámara, luz y sonido.",
        "raw_tags": {
          "nombre": "Bitart New Media / PlatoEnBilbao",
          "categoria": "plató audiovisual / productora",
          "subcategoria": "alquiler de plató para fotografía y vídeo",
          "direccion": "Tívoli, 24 BIS, 48007 Bilbao",
          "municipio": "Bilbao",
          "barrio_zona": "Matiko / Uribarri",
          "telefono": "94 413 03 85 / 629 43 85 78",
          "email": "bitart@bitart.info",
          "web": "https://www.platoenbilbao.com/",
          "servicios_identificados": [
            "plató",
            "fotografía",
            "vídeo",
            "luces",
            "sonido",
            "testimoniales",
            "entrevistas",
            "fotografía corporativa",
            "casting",
            "maquillaje",
            "office",
            "sala de reuniones"
          ],
          "superficie_m2": 48,
          "es_alquiler_publico": "sí, anunciado como alquiler de plató",
          "fuentes": [
            "https://www.platoenbilbao.com/",
            "https://www.bitart.info/alquiler-de-plato/"
          ],
          "estado_fuente": "activo o anunciado en web propia",
          "coordenadas_precision": "media-alta: dirección publicada; coordenada aproximada por dirección",
          "notas": "Benchmark consolidado de plató pequeño/medio con equipamiento de cámara, luz y sonido.",
          "distancia_lineal_m": 2132,
          "distancia_a_pie_m_estimada": 2729,
          "distancia_a_pie_min_estimada": 34,
          "origen_distancias": {
            "lon": -2.947546,
            "lat": 43.254049,
            "source": "centroide aproximado del polígono del KMZ local.kmz"
          },
          "ranking_proximidad_al_local": 9
        },
        "commercial_name": "Bitart New Media / PlatoEnBilbao",
        "enrichment_status": "base",
        "enrichment_updated_at": "2026-06-26",
        "photo_url": "https://www.platoenbilbao.com/assets/img/plato-bt-2.jpg",
        "photo_source_url": "https://www.platoenbilbao.com/",
        "photo_source": "Web pública"
      },
      "geometry": {
        "type": "Point",
        "coordinates": [
          -2.928,
          43.2669
        ]
      }
    },
    {
      "type": "Feature",
      "properties": {
        "name": "Plató Bilbao / Levering Studio",
        "category": "Estudios audiovisuales y grabación",
        "category_original": "plató audiovisual / podcast / locución",
        "status": "activo",
        "confidence": "Media",
        "source": "instalaciones_podcast_fotografia_grabacion_bilbao_rekalde.geojson",
        "source_id": "plató-audiovisual-podcast-locución-plató-bilbao-levering-studio--2.9567-43.2723",
        "subcategory": "alquiler de estudio, podcast, locuciones y material audiovisual",
        "activity_type": "estudio_audiovisual_grabacion",
        "distance_m": 2161.0,
        "walking_distance_m": 2766.0,
        "walking_time_min": 35.0,
        "address": "Jon Arrospide Kalea, 11, Planta 5, Local 17, Deusto, 48014 Bilbao",
        "phone": "688 72 58 61",
        "email": "alquilar@platobilbao.com",
        "website": "https://platobilbao.com/",
        "notes": "Benchmark directo de plató híbrido: foto/vídeo/podcast/locución.",
        "raw_tags": {
          "nombre": "Plató Bilbao / Levering Studio",
          "categoria": "plató audiovisual / podcast / locución",
          "subcategoria": "alquiler de estudio, podcast, locuciones y material audiovisual",
          "direccion": "Jon Arrospide Kalea, 11, Planta 5, Local 17, Deusto, 48014 Bilbao",
          "municipio": "Bilbao",
          "barrio_zona": "Deusto / Zorrotzaurre próximo",
          "telefono": "688 72 58 61",
          "email": "alquilar@platobilbao.com",
          "web": "https://platobilbao.com/",
          "servicios_identificados": [
            "alquiler de estudio",
            "podcast",
            "locuciones",
            "alquiler de material",
            "ciclorama",
            "fotografía",
            "vídeo",
            "sonidista",
            "operador de cámara",
            "maquillaje"
          ],
          "superficie_m2": 135,
          "es_alquiler_publico": "sí, anunciado desde 45 €/h",
          "fuentes": [
            "https://platobilbao.com/",
            "https://leveringstudio.com/plato"
          ],
          "estado_fuente": "activo o anunciado en web propia",
          "coordenadas_precision": "media-alta: dirección publicada; coordenada aproximada por dirección",
          "notas": "Benchmark directo de plató híbrido: foto/vídeo/podcast/locución.",
          "distancia_lineal_m": 2161,
          "distancia_a_pie_m_estimada": 2766,
          "distancia_a_pie_min_estimada": 35,
          "origen_distancias": {
            "lon": -2.947546,
            "lat": 43.254049,
            "source": "centroide aproximado del polígono del KMZ local.kmz"
          },
          "ranking_proximidad_al_local": 10
        },
        "commercial_name": "Plató Bilbao / Levering Studio",
        "enrichment_status": "base",
        "enrichment_updated_at": "2026-06-26",
        "photo_url": "https://platobilbao.com/wp-content/uploads/2025/10/cropped-Podcast_Meeting.jpg",
        "photo_source_url": "https://platobilbao.com/",
        "photo_source": "Web pública"
      },
      "geometry": {
        "type": "Point",
        "coordinates": [
          -2.9567,
          43.2723
        ]
      }
    },
    {
      "type": "Feature",
      "properties": {
        "name": "Ikusee Bilbao - Plató de grabación",
        "category": "Estudios audiovisuales y grabación",
        "category_original": "productora audiovisual / plató",
        "status": "activo",
        "confidence": "Media",
        "source": "instalaciones_podcast_fotografia_grabacion_bilbao_rekalde.geojson",
        "source_id": "productora-audiovisual-plató-ikusee-bilbao-plató-de-grabación--2.9576-43.2728",
        "subcategory": "plato en alquiler para vídeo, foto y streaming",
        "activity_type": "estudio_audiovisual_grabacion",
        "distance_m": 2238.0,
        "walking_distance_m": 2865.0,
        "walking_time_min": 36.0,
        "address": "Jon Arrospide Kalea, 17, Piso 2, Departamento 4, 48014 Bilbao",
        "phone": "747 44 83 08",
        "email": "hola@ikusee.tv",
        "website": "https://ikusee.tv/plato-de-grabacion/",
        "notes": "Muy próximo a Plató Bilbao; posible cluster audiovisual en Jon Arrospide/Zorrotzaurre.",
        "raw_tags": {
          "nombre": "Ikusee Bilbao - Plató de grabación",
          "categoria": "productora audiovisual / plató",
          "subcategoria": "plato en alquiler para vídeo, foto y streaming",
          "direccion": "Jon Arrospide Kalea, 17, Piso 2, Departamento 4, 48014 Bilbao",
          "municipio": "Bilbao",
          "barrio_zona": "Deusto / Zorrotzaurre próximo",
          "telefono": "747 44 83 08",
          "email": "hola@ikusee.tv",
          "web": "https://ikusee.tv/plato-de-grabacion/",
          "servicios_identificados": [
            "plató en alquiler",
            "ciclorama 6x4 m",
            "iluminación",
            "fondos",
            "streaming",
            "insonorizado",
            "sala de reuniones",
            "postproducción",
            "plaza de garaje"
          ],
          "superficie_m2": null,
          "es_alquiler_publico": "sí, anunciado como plató en alquiler",
          "fuentes": [
            "https://ikusee.tv/plato-de-grabacion/",
            "https://ikusee.tv/"
          ],
          "estado_fuente": "activo o anunciado en web propia",
          "coordenadas_precision": "media-alta: dirección publicada; coordenada aproximada por dirección",
          "notas": "Muy próximo a Plató Bilbao; posible cluster audiovisual en Jon Arrospide/Zorrotzaurre.",
          "distancia_lineal_m": 2238,
          "distancia_a_pie_m_estimada": 2865,
          "distancia_a_pie_min_estimada": 36,
          "origen_distancias": {
            "lon": -2.947546,
            "lat": 43.254049,
            "source": "centroide aproximado del polígono del KMZ local.kmz"
          },
          "ranking_proximidad_al_local": 11
        },
        "commercial_name": "Ikusee Bilbao - Plató de grabación",
        "enrichment_status": "base;web",
        "enrichment_updated_at": "2026-06-26"
      },
      "geometry": {
        "type": "Point",
        "coordinates": [
          -2.9576,
          43.2728
        ]
      }
    },
    {
      "type": "Feature",
      "properties": {
        "name": "Sabba Studio",
        "category": "Estudios audiovisuales y grabación",
        "category_original": "estudio fotográfico / vídeo",
        "status": "activo",
        "confidence": "Media",
        "source": "instalaciones_podcast_fotografia_grabacion_bilbao_rekalde.geojson",
        "source_id": "estudio-fotográfico-vídeo-sabba-studio--2.9202-43.2588",
        "subcategory": "alquiler de estudio para fotografía, vídeo y eventos creativos",
        "activity_type": "estudio_audiovisual_grabacion",
        "distance_m": 2277.0,
        "walking_distance_m": 2915.0,
        "walking_time_min": 36.0,
        "address": "Bo. Andra Mari de Begoña, 22, 48007 Bilbao",
        "phone": "614 809 188",
        "website": "https://sabbastudio.com/",
        "notes": "Modelo comparable para uso por horas y suscripción mensual de estudio fotográfico/vídeo.",
        "raw_tags": {
          "nombre": "Sabba Studio",
          "categoria": "estudio fotográfico / vídeo",
          "subcategoria": "alquiler de estudio para fotografía, vídeo y eventos creativos",
          "direccion": "Bo. Andra Mari de Begoña, 22, 48007 Bilbao",
          "municipio": "Bilbao",
          "barrio_zona": "Begoña",
          "telefono": "614 809 188",
          "email": null,
          "web": "https://sabbastudio.com/",
          "servicios_identificados": [
            "alquiler por horas",
            "fotografía",
            "vídeo",
            "eventos",
            "fondos",
            "iluminación",
            "camerino",
            "maquillaje",
            "alquiler de cámara/ópticas/material"
          ],
          "superficie_m2": 63,
          "es_alquiler_publico": "sí, tarifas y bonos publicados",
          "fuentes": [
            "https://sabbastudio.com/"
          ],
          "estado_fuente": "activo o anunciado en web propia",
          "coordenadas_precision": "media-alta: dirección publicada; coordenada aproximada por dirección",
          "notas": "Modelo comparable para uso por horas y suscripción mensual de estudio fotográfico/vídeo.",
          "distancia_lineal_m": 2277,
          "distancia_a_pie_m_estimada": 2915,
          "distancia_a_pie_min_estimada": 36,
          "origen_distancias": {
            "lon": -2.947546,
            "lat": 43.254049,
            "source": "centroide aproximado del polígono del KMZ local.kmz"
          },
          "ranking_proximidad_al_local": 12
        },
        "commercial_name": "Sabba Studio",
        "enrichment_status": "base",
        "enrichment_updated_at": "2026-06-26",
        "photo_url": "https://sabbastudio.com/images/uploads/rrss/sabba-rrss-1200x630.webp",
        "photo_source_url": "https://sabbastudio.com/",
        "photo_source": "Web pública"
      },
      "geometry": {
        "type": "Point",
        "coordinates": [
          -2.9202,
          43.2588
        ]
      }
    },
    {
      "type": "Feature",
      "properties": {
        "name": "D8 Sorkuntza Faktoria",
        "category": "Estudios audiovisuales y grabación",
        "category_original": "fábrica de creación cultural / sala",
        "status": "activo",
        "confidence": "Media",
        "source": "instalaciones_podcast_fotografia_grabacion_bilbao_rekalde.geojson",
        "source_id": "fábrica-de-creación-cultural-sala-d8-sorkuntza-faktoria--2.9851-43.283",
        "subcategory": "sala, residencias artísticas, alquiler de sonido, videoproyección e iluminación",
        "activity_type": "estudio_audiovisual_grabacion",
        "distance_m": 4428.0,
        "walking_distance_m": 5668.0,
        "walking_time_min": 71.0,
        "address": "Untziola Kalea, 18, Basurtu-Zorrotza, 48013 Bilbao",
        "phone": "608 179 964",
        "email": "info@d8sf.eus",
        "website": "https://www.d8sf.eus/",
        "notes": "No es exactamente estudio de podcast, pero sí espacio cultural con medios de sonido, vídeo y escenario.",
        "raw_tags": {
          "nombre": "D8 Sorkuntza Faktoria",
          "categoria": "fábrica de creación cultural / sala",
          "subcategoria": "sala, residencias artísticas, alquiler de sonido, videoproyección e iluminación",
          "direccion": "Untziola Kalea, 18, Basurtu-Zorrotza, 48013 Bilbao",
          "municipio": "Bilbao",
          "barrio_zona": "Zorrotza",
          "telefono": "608 179 964",
          "email": "info@d8sf.eus",
          "web": "https://www.d8sf.eus/",
          "servicios_identificados": [
            "sala de eventos",
            "residencias artísticas",
            "alquiler de sonido",
            "videoproyección",
            "iluminación",
            "escenario",
            "ensayos"
          ],
          "superficie_m2": null,
          "es_alquiler_publico": "sí para sala/equipos/eventos; podcast/foto no identificado como servicio principal",
          "fuentes": [
            "https://www.d8sf.eus/",
            "https://www.sarea.euskadi.eus/entidad/2021120209552308/d8-sorkuntza-faktoria/webkklik02-detalle/es/"
          ],
          "estado_fuente": "activo o anunciado en web propia/directorio cultural",
          "coordenadas_precision": "media: dirección publicada; coordenada aproximada por dirección",
          "notas": "No es exactamente estudio de podcast, pero sí espacio cultural con medios de sonido, vídeo y escenario.",
          "distancia_lineal_m": 4428,
          "distancia_a_pie_m_estimada": 5668,
          "distancia_a_pie_min_estimada": 71,
          "origen_distancias": {
            "lon": -2.947546,
            "lat": 43.254049,
            "source": "centroide aproximado del polígono del KMZ local.kmz"
          },
          "ranking_proximidad_al_local": 13
        },
        "commercial_name": "D8 Sorkuntza Faktoria",
        "enrichment_status": "base;web",
        "enrichment_updated_at": "2026-06-26"
      },
      "geometry": {
        "type": "Point",
        "coordinates": [
          -2.9851,
          43.283
        ]
      }
    },
    {
      "type": "Feature",
      "properties": {
        "name": "Moscku Studio",
        "category": "Estudios audiovisuales y grabación",
        "category_original": "estudio fotográfico / plató de vídeo",
        "status": "activo",
        "confidence": "Media",
        "source": "instalaciones_podcast_fotografia_grabacion_bilbao_rekalde.geojson",
        "source_id": "estudio-fotográfico-plató-de-vídeo-moscku-studio--2.8839-43.2377",
        "subcategory": "alquiler de estudio y plató profesional",
        "activity_type": "estudio_audiovisual_grabacion",
        "distance_m": 5466.0,
        "walking_distance_m": 6996.0,
        "walking_time_min": 87.0,
        "address": "Avda. Cervantes, 51, Basauri, Bizkaia",
        "email": "info@mosckustudio.com / anthony@mosckustudio.com",
        "website": "https://www.mosckustudio.com/alquiler-de-estudio",
        "notes": "Referencia metropolitana con mayor superficie de fotografía/vídeo, aunque fuera del entorno inmediato del local.",
        "raw_tags": {
          "nombre": "Moscku Studio",
          "categoria": "estudio fotográfico / plató de vídeo",
          "subcategoria": "alquiler de estudio y plató profesional",
          "direccion": "Avda. Cervantes, 51, Basauri, Bizkaia",
          "municipio": "Basauri",
          "barrio_zona": "Basauri",
          "telefono": null,
          "email": "info@mosckustudio.com / anthony@mosckustudio.com",
          "web": "https://www.mosckustudio.com/alquiler-de-estudio",
          "servicios_identificados": [
            "alquiler de estudio",
            "plató de rodaje",
            "fotografía",
            "vídeo",
            "ciclorama",
            "iluminación",
            "rental de material",
            "camerino",
            "maquillaje",
            "eventos/workshops/castings"
          ],
          "superficie_m2": 200,
          "es_alquiler_publico": "sí, alquiler de estudio y material publicado",
          "fuentes": [
            "https://www.mosckustudio.com/alquiler-de-estudio",
            "https://www.mosckustudio.com/"
          ],
          "estado_fuente": "activo o anunciado en web propia",
          "coordenadas_precision": "media: dirección publicada; coordenada aproximada por dirección",
          "notas": "Referencia metropolitana con mayor superficie de fotografía/vídeo, aunque fuera del entorno inmediato del local.",
          "distancia_lineal_m": 5466,
          "distancia_a_pie_m_estimada": 6996,
          "distancia_a_pie_min_estimada": 87,
          "origen_distancias": {
            "lon": -2.947546,
            "lat": 43.254049,
            "source": "centroide aproximado del polígono del KMZ local.kmz"
          },
          "ranking_proximidad_al_local": 14
        },
        "commercial_name": "Moscku Studio",
        "enrichment_status": "base",
        "enrichment_updated_at": "2026-06-26",
        "photo_url": "https://framerusercontent.com/assets/Ua4WcSmMaRrldGPBM0l54Xsb10.jpg",
        "photo_source_url": "https://www.mosckustudio.com/alquiler-de-estudio",
        "photo_source": "Web pública"
      },
      "geometry": {
        "type": "Point",
        "coordinates": [
          -2.8839,
          43.2377
        ]
      }
    },
    {
      "type": "Feature",
      "properties": {
        "name": "Bideotek Media",
        "category": "Estudios audiovisuales y grabación",
        "category_original": "productora audiovisual / videopodcast / streaming",
        "status": "activo",
        "confidence": "Media",
        "source": "instalaciones_podcast_fotografia_grabacion_bilbao_rekalde.geojson",
        "source_id": "productora-audiovisual-videopodcast-streaming-bideotek-media--3.0065-43.3246",
        "subcategory": "vídeo, streaming, videopodcast y estudio de grabación",
        "activity_type": "estudio_audiovisual_grabacion",
        "distance_m": 9182.0,
        "walking_distance_m": 11753.0,
        "walking_time_min": 147.0,
        "address": "Calle Santa Ana, 7, oficina 13, 48940 Leioa, Bizkaia",
        "phone": "652 720 905",
        "email": "info@bideotek.com",
        "website": "https://www.bideotek.com/",
        "notes": "Fuera del entorno inmediato, pero relevante para videopodcast/streaming en el área metropolitana.",
        "raw_tags": {
          "nombre": "Bideotek Media",
          "categoria": "productora audiovisual / videopodcast / streaming",
          "subcategoria": "vídeo, streaming, videopodcast y estudio de grabación",
          "direccion": "Calle Santa Ana, 7, oficina 13, 48940 Leioa, Bizkaia",
          "municipio": "Leioa",
          "barrio_zona": "Leioa / Areeta próximo",
          "telefono": "652 720 905",
          "email": "info@bideotek.com",
          "web": "https://www.bideotek.com/",
          "servicios_identificados": [
            "videopodcast",
            "podcast",
            "streaming",
            "producción audiovisual",
            "vídeo corporativo",
            "contenidos para redes",
            "grabación de eventos"
          ],
          "superficie_m2": null,
          "es_alquiler_publico": "servicio de producción con estudio propio; alquiler independiente no especificado",
          "fuentes": [
            "https://www.bideotek.com/"
          ],
          "estado_fuente": "activo o anunciado en web propia",
          "coordenadas_precision": "media-alta: dirección publicada; coordenada aproximada por dirección",
          "notas": "Fuera del entorno inmediato, pero relevante para videopodcast/streaming en el área metropolitana.",
          "distancia_lineal_m": 9182,
          "distancia_a_pie_m_estimada": 11753,
          "distancia_a_pie_min_estimada": 147,
          "origen_distancias": {
            "lon": -2.947546,
            "lat": 43.254049,
            "source": "centroide aproximado del polígono del KMZ local.kmz"
          },
          "ranking_proximidad_al_local": 15
        },
        "commercial_name": "Bideotek Media",
        "enrichment_status": "base",
        "enrichment_updated_at": "2026-06-26",
        "photo_url": "https://www.bideotek.com/wp-content/uploads/2026/02/BIDEOTEKSTUDIO1.jpg",
        "photo_source_url": "https://www.bideotek.com/",
        "photo_source": "Web pública"
      },
      "geometry": {
        "type": "Point",
        "coordinates": [
          -3.0065,
          43.3246
        ]
      }
    },
    {
      "type": "Feature",
      "properties": {
        "name": "Bilboson S.L.",
        "category": "Estudios audiovisuales y grabación",
        "category_original": "estudio de grabación de sonido",
        "status": "activo",
        "confidence": "Media",
        "source": "instalaciones_podcast_fotografia_grabacion_bilbao_rekalde.geojson",
        "source_id": "estudio-de-grabación-de-sonido-bilboson-s-l--3.0142-43.3266",
        "subcategory": "grabación, producción, masterización y sonorización",
        "activity_type": "estudio_audiovisual_grabacion",
        "distance_m": 9705.0,
        "walking_distance_m": 12422.0,
        "walking_time_min": 155.0,
        "address": "Villa de Plentzia Kalea, 32 bajo, 48930 Areeta / Las Arenas, Getxo",
        "phone": "944 64 79 60",
        "email": "info@bilboson.com",
        "website": "https://bilboson.com/",
        "notes": "Fuera de Bilbao municipio, pero relevante como oferta metropolitana de audio profesional.",
        "raw_tags": {
          "nombre": "Bilboson S.L.",
          "categoria": "estudio de grabación de sonido",
          "subcategoria": "grabación, producción, masterización y sonorización",
          "direccion": "Villa de Plentzia Kalea, 32 bajo, 48930 Areeta / Las Arenas, Getxo",
          "municipio": "Getxo",
          "barrio_zona": "Areeta / Las Arenas",
          "telefono": "944 64 79 60",
          "email": "info@bilboson.com",
          "web": "https://bilboson.com/",
          "servicios_identificados": [
            "estudio de grabación",
            "sala de control",
            "cabina de grabación",
            "producción musical",
            "masterización",
            "sonorización de eventos"
          ],
          "superficie_m2": 60,
          "es_alquiler_publico": "servicio profesional de estudio bajo contacto",
          "fuentes": [
            "https://bilboson.com/",
            "https://bilboson.com/estudio-de-grabacion-getxo-bilbao",
            "https://www.mibuscadordenegocios.com/empresa/BILBOSON%2BSOCIEDAD%2BLIMITADA./_c250_e446208/"
          ],
          "estado_fuente": "activo o anunciado en web/directorios consultados",
          "coordenadas_precision": "media: dirección publicada; coordenada aproximada por dirección",
          "notas": "Fuera de Bilbao municipio, pero relevante como oferta metropolitana de audio profesional.",
          "distancia_lineal_m": 9705,
          "distancia_a_pie_m_estimada": 12422,
          "distancia_a_pie_min_estimada": 155,
          "origen_distancias": {
            "lon": -2.947546,
            "lat": 43.254049,
            "source": "centroide aproximado del polígono del KMZ local.kmz"
          },
          "ranking_proximidad_al_local": 16
        },
        "commercial_name": "Bilboson S.L.",
        "enrichment_status": "base;web",
        "enrichment_updated_at": "2026-06-26"
      },
      "geometry": {
        "type": "Point",
        "coordinates": [
          -3.0142,
          43.3266
        ]
      }
    },
    {
      "type": "Feature",
      "properties": {
        "name": "Biarritz",
        "category": "Hostelería y alimentación",
        "category_original": "Cafetería",
        "status": "activo",
        "confidence": "Alta",
        "source": "OpenStreetMap / Overpass",
        "source_id": "6857089393",
        "walking_distance_m": 182.0,
        "walking_time_min": 2.0,
        "walking_distance_method": "osm_pedestrian_network_dijkstra; snap_local=17.0m; snap_target=9.2m",
        "walking_time_method": "walking_distance_m / 80 m/min, redondeado a minutos",
        "raw_tags": {
          "addr:street": "Biarritz kalea",
          "amenity": "cafe",
          "name": "Biarritz",
          "category_original": "Cafetería",
          "category_standard": "Hostelería y alimentación",
          "category_original_raw": "cafe"
        },
        "commercial_name": "Biarritz",
        "enrichment_status": "base;osm:0.86",
        "enrichment_updated_at": "2026-06-26"
      },
      "geometry": {
        "type": "Point",
        "coordinates": [
          -2.9456971,
          43.2533836
        ]
      }
    },
    {
      "type": "Feature",
      "properties": {
        "name": "Los Hermanos",
        "category": "Hostelería y alimentación",
        "category_original": "Bar",
        "status": "activo",
        "confidence": "Alta",
        "source": "OpenStreetMap / Overpass",
        "source_id": "2441856300",
        "walking_distance_m": 231.0,
        "walking_time_min": 3.0,
        "walking_distance_method": "osm_pedestrian_network_dijkstra; snap_local=17.0m; snap_target=9.0m",
        "walking_time_method": "walking_distance_m / 80 m/min, redondeado a minutos",
        "raw_tags": {
          "amenity": "bar",
          "name": "Los Hermanos",
          "category_original": "Bar",
          "category_standard": "Hostelería y alimentación",
          "category_original_raw": "bar"
        },
        "commercial_name": "Los Hermanos",
        "enrichment_status": "base;osm:0.86",
        "enrichment_updated_at": "2026-06-26"
      },
      "geometry": {
        "type": "Point",
        "coordinates": [
          -2.9462031,
          43.252891
        ]
      }
    },
    {
      "type": "Feature",
      "properties": {
        "name": "Urbe",
        "category": "Hostelería y alimentación",
        "category_original": "Cafetería",
        "status": "activo",
        "confidence": "Alta",
        "source": "OpenStreetMap / Overpass",
        "source_id": "6924108687",
        "walking_distance_m": 282.0,
        "walking_time_min": 4.0,
        "walking_distance_method": "osm_pedestrian_network_dijkstra; snap_local=17.0m; snap_target=4.5m",
        "walking_time_method": "walking_distance_m / 80 m/min, redondeado a minutos",
        "raw_tags": {
          "addr:street": "Camilo Villabaso kalea",
          "amenity": "cafe",
          "name": "Urbe",
          "category_original": "Cafetería",
          "category_standard": "Hostelería y alimentación",
          "category_original_raw": "cafe"
        },
        "commercial_name": "Urbe",
        "enrichment_status": "base;osm:0.86",
        "enrichment_updated_at": "2026-06-26"
      },
      "geometry": {
        "type": "Point",
        "coordinates": [
          -2.947526,
          43.251645
        ]
      }
    },
    {
      "type": "Feature",
      "properties": {
        "name": "Panificadora Basauri, S.A.",
        "category": "Hostelería y alimentación",
        "category_original": "Panadería",
        "status": "activo",
        "confidence": "Alta",
        "source": "OpenStreetMap / Overpass",
        "source_id": "2337577901",
        "walking_distance_m": 293.0,
        "walking_time_min": 4.0,
        "walking_distance_method": "osm_pedestrian_network_dijkstra; snap_local=17.0m; snap_target=5.0m",
        "walking_time_method": "walking_distance_m / 80 m/min, redondeado a minutos",
        "raw_tags": {
          "name": "Panificadora Basauri, S.A.",
          "shop": "bakery",
          "category_original": "Panadería",
          "category_standard": "Hostelería y alimentación",
          "category_original_raw": "bakery"
        },
        "commercial_name": "Panificadora Basauri, S.A.",
        "enrichment_status": "base;osm:0.86",
        "enrichment_updated_at": "2026-06-26"
      },
      "geometry": {
        "type": "Point",
        "coordinates": [
          -2.9475282,
          43.2515914
        ]
      }
    },
    {
      "type": "Feature",
      "properties": {
        "name": "Zubia",
        "category": "Hostelería y alimentación",
        "category_original": "Bar",
        "status": "activo",
        "confidence": "Alta",
        "source": "OpenStreetMap / Overpass",
        "source_id": "6857043489",
        "walking_distance_m": 311.0,
        "walking_time_min": 4.0,
        "walking_distance_method": "osm_pedestrian_network_dijkstra; snap_local=17.0m; snap_target=8.5m",
        "walking_time_method": "walking_distance_m / 80 m/min, redondeado a minutos",
        "raw_tags": {
          "addr:street": "Gordoniz kalea",
          "amenity": "bar",
          "name": "Zubia",
          "category_original": "Bar",
          "category_standard": "Hostelería y alimentación",
          "category_original_raw": "bar"
        },
        "commercial_name": "Zubia",
        "enrichment_status": "base;osm:0.86",
        "enrichment_updated_at": "2026-06-26"
      },
      "geometry": {
        "type": "Point",
        "coordinates": [
          -2.944765,
          43.2540919
        ]
      }
    },
    {
      "type": "Feature",
      "properties": {
        "name": "Alimentación Asmur",
        "category": "Hostelería y alimentación",
        "category_original": "Bar",
        "status": "activo",
        "confidence": "Alta",
        "source": "OpenStreetMap / Overpass",
        "source_id": "6590661786",
        "walking_distance_m": 385.0,
        "walking_time_min": 5.0,
        "walking_distance_method": "osm_pedestrian_network_dijkstra; snap_local=17.0m; snap_target=11.3m",
        "walking_time_method": "walking_distance_m / 80 m/min, redondeado a minutos",
        "raw_tags": {
          "amenity": "bar",
          "name": "Alimentación Asmur",
          "category_original": "Bar",
          "category_standard": "Hostelería y alimentación",
          "category_original_raw": "bar"
        },
        "commercial_name": "Alimentación Asmur",
        "enrichment_status": "base;osm:0.86",
        "enrichment_updated_at": "2026-06-26"
      },
      "geometry": {
        "type": "Point",
        "coordinates": [
          -2.9460907,
          43.2566275
        ]
      }
    },
    {
      "type": "Feature",
      "properties": {
        "name": "Tobogán",
        "category": "Hostelería y alimentación",
        "category_original": "Bar",
        "status": "activo",
        "confidence": "Alta",
        "source": "OpenStreetMap / Overpass",
        "source_id": "7035797985",
        "walking_distance_m": 396.0,
        "walking_time_min": 5.0,
        "walking_distance_method": "osm_pedestrian_network_dijkstra; snap_local=17.0m; snap_target=17.2m",
        "walking_time_method": "walking_distance_m / 80 m/min, redondeado a minutos",
        "raw_tags": {
          "addr:city": "Bilbao",
          "amenity": "bar",
          "name": "Tobogán",
          "category_original": "Bar",
          "category_standard": "Hostelería y alimentación",
          "category_original_raw": "bar"
        },
        "commercial_name": "Tobogán",
        "enrichment_status": "base;osm:0.86",
        "enrichment_updated_at": "2026-06-26"
      },
      "geometry": {
        "type": "Point",
        "coordinates": [
          -2.9449223,
          43.2517943
        ]
      }
    },
    {
      "type": "Feature",
      "properties": {
        "name": "Ciudadela",
        "category": "Hostelería y alimentación",
        "category_original": "Bar",
        "status": "activo",
        "confidence": "Alta",
        "source": "OpenStreetMap / Overpass",
        "source_id": "6563363086",
        "walking_distance_m": 415.0,
        "walking_time_min": 5.0,
        "walking_distance_method": "osm_pedestrian_network_dijkstra; snap_local=17.0m; snap_target=17.0m",
        "walking_time_method": "walking_distance_m / 80 m/min, redondeado a minutos",
        "raw_tags": {
          "addr:street": "Ciudadela kalea",
          "amenity": "bar",
          "name": "Ciudadela",
          "category_original": "Bar",
          "category_standard": "Hostelería y alimentación",
          "category_original_raw": "bar"
        },
        "commercial_name": "Ciudadela",
        "enrichment_status": "base;osm:0.86",
        "enrichment_updated_at": "2026-06-26"
      },
      "geometry": {
        "type": "Point",
        "coordinates": [
          -2.9444883,
          43.2520954
        ]
      }
    },
    {
      "type": "Feature",
      "properties": {
        "name": "Zarraga",
        "category": "Hostelería y alimentación",
        "category_original": "Restaurante",
        "status": "activo",
        "confidence": "Alta",
        "source": "OpenStreetMap / Overpass",
        "source_id": "6563343885",
        "walking_distance_m": 417.0,
        "walking_time_min": 5.0,
        "walking_distance_method": "osm_pedestrian_network_dijkstra; snap_local=17.0m; snap_target=19.8m",
        "walking_time_method": "walking_distance_m / 80 m/min, redondeado a minutos",
        "raw_tags": {
          "addr:city": "Bilbao",
          "addr:street": "Ciudadela kalea",
          "amenity": "restaurant",
          "name": "Zarraga",
          "category_original": "Restaurante",
          "category_standard": "Hostelería y alimentación",
          "category_original_raw": "restaurant"
        },
        "commercial_name": "Zarraga",
        "enrichment_status": "base;osm:0.86",
        "enrichment_updated_at": "2026-06-26"
      },
      "geometry": {
        "type": "Point",
        "coordinates": [
          -2.9446468,
          43.251911
        ]
      }
    },
    {
      "type": "Feature",
      "properties": {
        "name": "Purita",
        "category": "Hostelería y alimentación",
        "category_original": "Restaurante",
        "status": "activo",
        "confidence": "Alta",
        "source": "OpenStreetMap / Overpass",
        "source_id": "6563355490",
        "walking_distance_m": 421.0,
        "walking_time_min": 5.0,
        "walking_distance_method": "osm_pedestrian_network_dijkstra; snap_local=17.0m; snap_target=23.2m",
        "walking_time_method": "walking_distance_m / 80 m/min, redondeado a minutos",
        "raw_tags": {
          "addr:street": "Ciudadela kalea",
          "amenity": "restaurant",
          "name": "Purita",
          "category_original": "Restaurante",
          "category_standard": "Hostelería y alimentación",
          "category_original_raw": "restaurant"
        },
        "commercial_name": "Purita",
        "enrichment_status": "base;osm:0.86",
        "enrichment_updated_at": "2026-06-26"
      },
      "geometry": {
        "type": "Point",
        "coordinates": [
          -2.944546,
          43.2521365
        ]
      }
    },
    {
      "type": "Feature",
      "properties": {
        "name": "Goizalde",
        "category": "Hostelería y alimentación",
        "category_original": "Bar",
        "status": "activo",
        "confidence": "Alta",
        "source": "OpenStreetMap / Overpass",
        "source_id": "7035797885",
        "walking_distance_m": 430.0,
        "walking_time_min": 5.0,
        "walking_distance_method": "osm_pedestrian_network_dijkstra; snap_local=17.0m; snap_target=15.5m",
        "walking_time_method": "walking_distance_m / 80 m/min, redondeado a minutos",
        "raw_tags": {
          "addr:city": "Bilbao",
          "amenity": "bar",
          "name": "Goizalde",
          "category_original": "Bar",
          "category_standard": "Hostelería y alimentación",
          "category_original_raw": "bar"
        },
        "commercial_name": "Goizalde",
        "enrichment_status": "base;osm:0.86",
        "enrichment_updated_at": "2026-06-26"
      },
      "geometry": {
        "type": "Point",
        "coordinates": [
          -2.944751,
          43.2516683
        ]
      }
    },
    {
      "type": "Feature",
      "properties": {
        "name": "La plaza",
        "category": "Hostelería y alimentación",
        "category_original": "Bar",
        "status": "activo",
        "confidence": "Alta",
        "source": "OpenStreetMap / Overpass",
        "source_id": "7035826285",
        "walking_distance_m": 454.0,
        "walking_time_min": 6.0,
        "walking_distance_method": "osm_pedestrian_network_dijkstra; snap_local=17.0m; snap_target=13.3m",
        "walking_time_method": "walking_distance_m / 80 m/min, redondeado a minutos",
        "raw_tags": {
          "amenity": "bar",
          "name": "La plaza",
          "category_original": "Bar",
          "category_standard": "Hostelería y alimentación",
          "category_original_raw": "bar"
        },
        "commercial_name": "La plaza",
        "enrichment_status": "base;osm:0.86",
        "enrichment_updated_at": "2026-06-26"
      },
      "geometry": {
        "type": "Point",
        "coordinates": [
          -2.9463219,
          43.251149
        ]
      }
    },
    {
      "type": "Feature",
      "properties": {
        "name": "Ilargi",
        "category": "Hostelería y alimentación",
        "category_original": "Bar",
        "status": "activo",
        "confidence": "Alta",
        "source": "OpenStreetMap / Overpass",
        "source_id": "7035815887",
        "walking_distance_m": 460.0,
        "walking_time_min": 6.0,
        "walking_distance_method": "osm_pedestrian_network_dijkstra; snap_local=17.0m; snap_target=19.1m",
        "walking_time_method": "walking_distance_m / 80 m/min, redondeado a minutos",
        "raw_tags": {
          "addr:street": "Calle Lemoatz",
          "amenity": "bar",
          "name": "Ilargi",
          "category_original": "Bar",
          "category_standard": "Hostelería y alimentación",
          "category_original_raw": "bar"
        },
        "commercial_name": "Ilargi",
        "enrichment_status": "base;osm:0.86",
        "enrichment_updated_at": "2026-06-26"
      },
      "geometry": {
        "type": "Point",
        "coordinates": [
          -2.9463224,
          43.25104
        ]
      }
    },
    {
      "type": "Feature",
      "properties": {
        "name": "Salou",
        "category": "Hostelería y alimentación",
        "category_original": "Bar",
        "status": "activo",
        "confidence": "Alta",
        "source": "OpenStreetMap / Overpass",
        "source_id": "6792367685",
        "walking_distance_m": 463.0,
        "walking_time_min": 6.0,
        "walking_distance_method": "osm_pedestrian_network_dijkstra; snap_local=17.0m; snap_target=8.0m",
        "walking_time_method": "walking_distance_m / 80 m/min, redondeado a minutos",
        "raw_tags": {
          "addr:city": "Bilbao",
          "amenity": "bar",
          "name": "Salou",
          "category_original": "Bar",
          "category_standard": "Hostelería y alimentación",
          "category_original_raw": "bar"
        },
        "commercial_name": "Salou",
        "enrichment_status": "base;osm:0.86",
        "enrichment_updated_at": "2026-06-26"
      },
      "geometry": {
        "type": "Point",
        "coordinates": [
          -2.9445582,
          43.2516836
        ]
      }
    },
    {
      "type": "Feature",
      "properties": {
        "name": "Río",
        "category": "Hostelería y alimentación",
        "category_original": "Bar",
        "status": "activo",
        "confidence": "Alta",
        "source": "OpenStreetMap / Overpass",
        "source_id": "7035815888",
        "walking_distance_m": 465.0,
        "walking_time_min": 6.0,
        "walking_distance_method": "osm_pedestrian_network_dijkstra; snap_local=17.0m; snap_target=24.3m",
        "walking_time_method": "walking_distance_m / 80 m/min, redondeado a minutos",
        "raw_tags": {
          "addr:city": "Bilbao",
          "addr:street": "Calle Lemoatz",
          "amenity": "bar",
          "name": "Río",
          "category_original": "Bar",
          "category_standard": "Hostelería y alimentación",
          "category_original_raw": "bar"
        },
        "commercial_name": "Río",
        "enrichment_status": "base;osm:0.86",
        "enrichment_updated_at": "2026-06-26"
      },
      "geometry": {
        "type": "Point",
        "coordinates": [
          -2.9463294,
          43.2509845
        ]
      }
    },
    {
      "type": "Feature",
      "properties": {
        "name": "El encuentro",
        "category": "Hostelería y alimentación",
        "category_original": "Bar",
        "status": "activo",
        "confidence": "Alta",
        "source": "OpenStreetMap / Overpass",
        "source_id": "7035815889",
        "walking_distance_m": 471.0,
        "walking_time_min": 6.0,
        "walking_distance_method": "osm_pedestrian_network_dijkstra; snap_local=17.0m; snap_target=29.7m",
        "walking_time_method": "walking_distance_m / 80 m/min, redondeado a minutos",
        "raw_tags": {
          "addr:street": "Calle Lemoatz",
          "amenity": "bar",
          "name": "El encuentro",
          "category_original": "Bar",
          "category_standard": "Hostelería y alimentación",
          "category_original_raw": "bar"
        },
        "commercial_name": "El encuentro",
        "enrichment_status": "base;osm:0.86",
        "enrichment_updated_at": "2026-06-26"
      },
      "geometry": {
        "type": "Point",
        "coordinates": [
          -2.9463441,
          43.2509334
        ]
      }
    },
    {
      "type": "Feature",
      "properties": {
        "name": "Lagun Artean",
        "category": "Hostelería y alimentación",
        "category_original": "Bar",
        "status": "activo",
        "confidence": "Alta",
        "source": "OpenStreetMap / Overpass",
        "source_id": "7035826385",
        "walking_distance_m": 475.0,
        "walking_time_min": 6.0,
        "walking_distance_method": "osm_pedestrian_network_dijkstra; snap_local=17.0m; snap_target=34.0m",
        "walking_time_method": "walking_distance_m / 80 m/min, redondeado a minutos",
        "raw_tags": {
          "addr:city": "Bilbao",
          "addr:street": "Calle Lemoatz",
          "amenity": "bar",
          "name": "Lagun Artean",
          "category_original": "Bar",
          "category_standard": "Hostelería y alimentación",
          "category_original_raw": "bar"
        },
        "commercial_name": "Lagun Artean",
        "enrichment_status": "base;osm:0.86",
        "enrichment_updated_at": "2026-06-26"
      },
      "geometry": {
        "type": "Point",
        "coordinates": [
          -2.9463461,
          43.25089
        ]
      }
    },
    {
      "type": "Feature",
      "properties": {
        "name": "Peña Lemona",
        "category": "Hostelería y alimentación",
        "category_original": "Bar",
        "status": "activo",
        "confidence": "Alta",
        "source": "OpenStreetMap / Overpass",
        "source_id": "7035826485",
        "walking_distance_m": 480.0,
        "walking_time_min": 6.0,
        "walking_distance_method": "osm_pedestrian_network_dijkstra; snap_local=17.0m; snap_target=38.9m",
        "walking_time_method": "walking_distance_m / 80 m/min, redondeado a minutos",
        "raw_tags": {
          "addr:street": "Calle Lemoatz",
          "amenity": "bar",
          "name": "Peña Lemona",
          "category_original": "Bar",
          "category_standard": "Hostelería y alimentación",
          "category_original_raw": "bar"
        },
        "commercial_name": "Peña Lemona",
        "enrichment_status": "base;osm:0.86",
        "enrichment_updated_at": "2026-06-26"
      },
      "geometry": {
        "type": "Point",
        "coordinates": [
          -2.9463461,
          43.2508418
        ]
      }
    },
    {
      "type": "Feature",
      "properties": {
        "name": "Galburu",
        "category": "Hostelería y alimentación",
        "category_original": "Panadería",
        "status": "activo",
        "confidence": "Alta",
        "source": "OpenStreetMap / Overpass",
        "source_id": "2337577490",
        "walking_distance_m": 485.0,
        "walking_time_min": 6.0,
        "walking_distance_method": "osm_pedestrian_network_dijkstra; snap_local=17.0m; snap_target=10.6m",
        "walking_time_method": "walking_distance_m / 80 m/min, redondeado a minutos",
        "raw_tags": {
          "name": "Galburu",
          "shop": "bakery",
          "category_original": "Panadería",
          "category_standard": "Hostelería y alimentación",
          "category_original_raw": "bakery"
        },
        "commercial_name": "Galburu",
        "enrichment_status": "base;osm:0.86",
        "enrichment_updated_at": "2026-06-26"
      },
      "geometry": {
        "type": "Point",
        "coordinates": [
          -2.947841,
          43.2498376
        ]
      }
    },
    {
      "type": "Feature",
      "properties": {
        "name": "Pollos El Corral",
        "category": "Hostelería y alimentación",
        "category_original": "Comida para llevar",
        "status": "activo",
        "confidence": "Media",
        "verification": "alta_actividad_media_coordenada",
        "source": "Rekalde Bihotzean / Bilbao Dendak",
        "source_id": "TAK_004",
        "subcategory": "asador de pollos / comida preparada",
        "activity_type": "comida_para_llevar_delivery",
        "distance_m": 357.0,
        "walking_distance_m": 485.0,
        "walking_time_min": 6.0,
        "walking_distance_method": "osm_pedestrian_network_dijkstra; snap_local=17.0m; snap_target=8.0m",
        "walking_time_method": "walking_distance_m / 80 m/min, redondeado a minutos",
        "address": "Gordoniz Kalea 74, 48002 Bilbao",
        "phone": "946054277",
        "website": "https://rekaldebihotzean.com/pollos-corral/",
        "source_url": "https://rekaldebihotzean.com/pollos-corral/",
        "notes": "Identificado explícitamente como asador de pollos take away.",
        "query_date": "2026-06-20",
        "distance_rank": 2,
        "coordinate_precision": "estimada_por_direccion",
        "raw_tags": {
          "id": "TAK_004",
          "categoria_actividad": "comida_para_llevar_delivery",
          "categoria_detalle": "asador de pollos / comida preparada",
          "nombre": "Pollos El Corral",
          "nombre_descriptivo_actividad": "Pollos El Corral — asador de pollos / comida preparada",
          "direccion": "Gordoniz Kalea 74, 48002 Bilbao",
          "lon": -2.94705,
          "lat": 43.25085,
          "distancia_geodesica_m": 357,
          "distancia_a_pie_m": 455,
          "tiempo_a_pie_min": 5.7,
          "tiempo_a_pie_min_redondeado": 6,
          "metodo_distancia_a_pie": "Estimación: distancia geodésica al centroide del local × 1,28; no es ruta real calculada sobre red viaria.",
          "metodo_tiempo_a_pie": "Distancia a pie estimada / 80 m/min, equivalente a 4,8 km/h.",
          "precision_coord": "estimada_por_direccion",
          "verificacion": "alta_actividad_media_coordenada",
          "fuente_principal": "Rekalde Bihotzean / Bilbao Dendak",
          "source_url": "https://rekaldebihotzean.com/pollos-corral/",
          "notas": "Identificado explícitamente como asador de pollos take away.",
          "centroide_local_lat": 43.2540395,
          "centroide_local_lon": -2.9475368,
          "radio_filtro_m": 1000,
          "fecha_consulta": "2026-06-20",
          "sistema_coordenadas": "WGS84 lon/lat (CRS84)",
          "telefono": "946054277",
          "web": "https://rekaldebihotzean.com/pollos-corral/",
          "orden_distancia": 2,
          "category_original_raw": "comida para llevar",
          "category_original": "Comida para llevar",
          "category_standard": "Hostelería y alimentación"
        },
        "commercial_name": "Pollos El Corral",
        "enrichment_status": "base",
        "enrichment_updated_at": "2026-06-26",
        "photo_url": "https://rekaldebihotzean.com/wp-content/uploads/Pollos-corral-7.jpg",
        "photo_source_url": "https://rekaldebihotzean.com/pollos-corral/",
        "photo_source": "Web pública"
      },
      "geometry": {
        "type": "Point",
        "coordinates": [
          -2.94705,
          43.25085
        ]
      }
    },
    {
      "type": "Feature",
      "properties": {
        "name": "Asador Donosti",
        "category": "Hostelería y alimentación",
        "category_original": "Restaurante",
        "status": "activo",
        "confidence": "Alta",
        "source": "OpenStreetMap / Overpass",
        "source_id": "2883904803",
        "walking_distance_m": 497.0,
        "walking_time_min": 6.0,
        "walking_distance_method": "osm_pedestrian_network_dijkstra; snap_local=17.0m; snap_target=15.8m",
        "walking_time_method": "walking_distance_m / 80 m/min, redondeado a minutos",
        "raw_tags": {
          "addr:city": "Bilbao",
          "addr:housenumber": "2",
          "addr:postcode": "48012",
          "addr:street": "Pablo de Alzola kalea",
          "amenity": "restaurant",
          "cuisine": "regional",
          "name": "Asador Donosti",
          "category_original": "Restaurante",
          "category_standard": "Hostelería y alimentación",
          "category_original_raw": "restaurant"
        },
        "commercial_name": "Asador Donosti",
        "enrichment_status": "base;osm:0.86",
        "enrichment_updated_at": "2026-06-26"
      },
      "geometry": {
        "type": "Point",
        "coordinates": [
          -2.946854,
          43.2576107
        ]
      }
    },
    {
      "type": "Feature",
      "properties": {
        "name": "Bilbao",
        "category": "Hostelería y alimentación",
        "category_original": "Bar",
        "status": "activo",
        "confidence": "Alta",
        "source": "OpenStreetMap / Overpass",
        "source_id": "6866296485",
        "walking_distance_m": 500.0,
        "walking_time_min": 6.0,
        "walking_distance_method": "osm_pedestrian_network_dijkstra; snap_local=17.0m; snap_target=2.7m",
        "walking_time_method": "walking_distance_m / 80 m/min, redondeado a minutos",
        "raw_tags": {
          "addr:street": "Errekalde-Larraskitu errepidea",
          "amenity": "bar",
          "name": "Bilbao",
          "category_original": "Bar",
          "category_standard": "Hostelería y alimentación",
          "category_original_raw": "bar"
        },
        "commercial_name": "Bilbao",
        "enrichment_status": "base;osm:0.86",
        "enrichment_updated_at": "2026-06-26"
      },
      "geometry": {
        "type": "Point",
        "coordinates": [
          -2.9436982,
          43.2514273
        ]
      }
    },
    {
      "type": "Feature",
      "properties": {
        "name": "Bar Pofer",
        "category": "Hostelería y alimentación",
        "category_original": "Bar",
        "status": "activo",
        "confidence": "Alta",
        "source": "OpenStreetMap / Overpass",
        "source_id": "3258331920",
        "walking_distance_m": 509.0,
        "walking_time_min": 6.0,
        "walking_distance_method": "osm_pedestrian_network_dijkstra; snap_local=17.0m; snap_target=6.3m",
        "walking_time_method": "walking_distance_m / 80 m/min, redondeado a minutos",
        "raw_tags": {
          "amenity": "bar",
          "name": "Bar Pofer",
          "opening_hours": "07:00-22:00",
          "smoking": "separated",
          "category_original": "Bar",
          "category_standard": "Hostelería y alimentación",
          "category_original_raw": "bar"
        },
        "commercial_name": "Bar Pofer",
        "enrichment_status": "base;osm:0.86",
        "enrichment_updated_at": "2026-06-26"
      },
      "geometry": {
        "type": "Point",
        "coordinates": [
          -2.9480285,
          43.2496349
        ]
      }
    },
    {
      "type": "Feature",
      "properties": {
        "name": "Tranvía",
        "category": "Hostelería y alimentación",
        "category_original": "Bar",
        "status": "activo",
        "confidence": "Alta",
        "source": "OpenStreetMap / Overpass",
        "source_id": "7035826486",
        "walking_distance_m": 509.0,
        "walking_time_min": 6.0,
        "walking_distance_method": "osm_pedestrian_network_dijkstra; snap_local=17.0m; snap_target=9.4m",
        "walking_time_method": "walking_distance_m / 80 m/min, redondeado a minutos",
        "raw_tags": {
          "addr:street": "Anboto kalea",
          "amenity": "bar",
          "name": "Tranvía",
          "category_original": "Bar",
          "category_standard": "Hostelería y alimentación",
          "category_original_raw": "bar"
        },
        "commercial_name": "Tranvía",
        "enrichment_status": "base;osm:0.86",
        "enrichment_updated_at": "2026-06-26"
      },
      "geometry": {
        "type": "Point",
        "coordinates": [
          -2.9465626,
          43.2503118
        ]
      }
    },
    {
      "type": "Feature",
      "properties": {
        "name": "La Capilla",
        "category": "Hostelería y alimentación",
        "category_original": "Restaurante",
        "status": "activo",
        "confidence": "Alta",
        "source": "OpenStreetMap / Overpass",
        "source_id": "2883905701",
        "walking_distance_m": 517.0,
        "walking_time_min": 6.0,
        "walking_distance_method": "osm_pedestrian_network_dijkstra; snap_local=17.0m; snap_target=8.3m",
        "walking_time_method": "walking_distance_m / 80 m/min, redondeado a minutos",
        "raw_tags": {
          "amenity": "restaurant",
          "cuisine": "regional",
          "diet:vegetarian": "no",
          "name": "La Capilla",
          "category_original": "Restaurante",
          "category_standard": "Hostelería y alimentación",
          "category_original_raw": "restaurant"
        },
        "commercial_name": "La Capilla",
        "enrichment_status": "base;osm:0.86",
        "enrichment_updated_at": "2026-06-26"
      },
      "geometry": {
        "type": "Point",
        "coordinates": [
          -2.94452,
          43.25698
        ]
      }
    },
    {
      "type": "Feature",
      "properties": {
        "name": "Istanbul Doner Kebab",
        "category": "Hostelería y alimentación",
        "category_original": "Comida rápida",
        "status": "activo",
        "confidence": "Alta",
        "source": "OpenStreetMap / Overpass",
        "source_id": "6866154585",
        "walking_distance_m": 537.0,
        "walking_time_min": 7.0,
        "walking_distance_method": "osm_pedestrian_network_dijkstra; snap_local=17.0m; snap_target=4.4m",
        "walking_time_method": "walking_distance_m / 80 m/min, redondeado a minutos",
        "raw_tags": {
          "addr:city": "Bilbao",
          "amenity": "fast_food",
          "name": "Istanbul Doner Kebab",
          "category_original": "Comida rápida",
          "category_standard": "Hostelería y alimentación",
          "category_original_raw": "fast_food"
        },
        "commercial_name": "Istanbul Doner Kebab",
        "enrichment_status": "base;osm:0.86",
        "enrichment_updated_at": "2026-06-26"
      },
      "geometry": {
        "type": "Point",
        "coordinates": [
          -2.9463063,
          43.2577429
        ]
      }
    },
    {
      "type": "Feature",
      "properties": {
        "name": "Telepizza",
        "category": "Hostelería y alimentación",
        "category_original": "Comida rápida",
        "status": "activo",
        "confidence": "Alta",
        "source": "OpenStreetMap / Overpass",
        "source_id": "4255922085",
        "walking_distance_m": 538.0,
        "walking_time_min": 7.0,
        "walking_distance_method": "osm_pedestrian_network_dijkstra; snap_local=17.0m; snap_target=10.0m",
        "walking_time_method": "walking_distance_m / 80 m/min, redondeado a minutos",
        "raw_tags": {
          "amenity": "fast_food",
          "brand": "Telepizza",
          "brand:wikidata": "Q2699863",
          "brand:wikipedia": "en:Telepizza",
          "cuisine": "pizza",
          "diet:vegetarian": "yes",
          "name": "Telepizza",
          "takeaway": "yes",
          "category_original": "Comida rápida",
          "category_standard": "Hostelería y alimentación",
          "category_original_raw": "fast_food"
        },
        "commercial_name": "Telepizza",
        "enrichment_status": "base;osm:0.86",
        "enrichment_updated_at": "2026-06-26"
      },
      "geometry": {
        "type": "Point",
        "coordinates": [
          -2.944414,
          43.2571897
        ]
      }
    },
    {
      "type": "Feature",
      "properties": {
        "name": "Bienve",
        "category": "Hostelería y alimentación",
        "category_original": "Bar",
        "status": "activo",
        "confidence": "Alta",
        "source": "OpenStreetMap / Overpass",
        "source_id": "7035815890",
        "walking_distance_m": 542.0,
        "walking_time_min": 7.0,
        "walking_distance_method": "osm_pedestrian_network_dijkstra; snap_local=17.0m; snap_target=25.4m",
        "walking_time_method": "walking_distance_m / 80 m/min, redondeado a minutos",
        "raw_tags": {
          "addr:street": "Calle Lemoatz",
          "amenity": "bar",
          "name": "Bienve",
          "category_original": "Bar",
          "category_standard": "Hostelería y alimentación",
          "category_original_raw": "bar"
        },
        "commercial_name": "Bienve",
        "enrichment_status": "base;osm:0.86",
        "enrichment_updated_at": "2026-06-26"
      },
      "geometry": {
        "type": "Point",
        "coordinates": [
          -2.9463748,
          43.2507055
        ]
      }
    },
    {
      "type": "Feature",
      "properties": {
        "name": "Lauko",
        "category": "Hostelería y alimentación",
        "category_original": "Bar",
        "status": "activo",
        "confidence": "Alta",
        "source": "OpenStreetMap / Overpass",
        "source_id": "7035816288",
        "walking_distance_m": 549.0,
        "walking_time_min": 7.0,
        "walking_distance_method": "osm_pedestrian_network_dijkstra; snap_local=17.0m; snap_target=32.8m",
        "walking_time_method": "walking_distance_m / 80 m/min, redondeado a minutos",
        "raw_tags": {
          "addr:street": "Calle Lemoatz",
          "amenity": "bar",
          "name": "Lauko",
          "category_original": "Bar",
          "category_standard": "Hostelería y alimentación",
          "category_original_raw": "bar"
        },
        "commercial_name": "Lauko",
        "enrichment_status": "base;osm:0.86",
        "enrichment_updated_at": "2026-06-26"
      },
      "geometry": {
        "type": "Point",
        "coordinates": [
          -2.9463634,
          43.2507747
        ]
      }
    },
    {
      "type": "Feature",
      "properties": {
        "name": "Bar-Asador Las Palmeras",
        "category": "Hostelería y alimentación",
        "category_original": "Comida para llevar",
        "status": "activo",
        "confidence": "Media",
        "verification": "media",
        "source": "Eatbu / Minube / Cilantropo",
        "source_id": "TAK_005",
        "subcategory": "bar-asador / pollo para llevar",
        "activity_type": "comida_para_llevar_delivery",
        "distance_m": 483.0,
        "walking_distance_m": 551.0,
        "walking_time_min": 7.0,
        "walking_distance_method": "osm_pedestrian_network_dijkstra; snap_local=17.0m; snap_target=5.4m",
        "walking_time_method": "walking_distance_m / 80 m/min, redondeado a minutos",
        "address": "Gordoniz Kalea, 90, 48002 Bilbao",
        "website": "https://las-palmeras.eatbu.com/?lang=en",
        "source_url": "https://las-palmeras.eatbu.com/?lang=en",
        "notes": "La web indica comida para llevar; Minube lo describe como asador de pollos del barrio de Rekalde.",
        "query_date": "2026-06-20",
        "distance_rank": 4,
        "coordinate_precision": "estimada_por_direccion",
        "raw_tags": {
          "id": "TAK_005",
          "categoria_actividad": "comida_para_llevar_delivery",
          "categoria_detalle": "bar-asador / pollo para llevar",
          "nombre": "Bar-Asador Las Palmeras",
          "nombre_descriptivo_actividad": "Bar-Asador Las Palmeras — bar-asador / pollo para llevar",
          "direccion": "Gordoniz Kalea, 90, 48002 Bilbao",
          "lon": -2.94735,
          "lat": 43.2497,
          "distancia_geodesica_m": 483,
          "distancia_a_pie_m": 620,
          "tiempo_a_pie_min": 7.8,
          "tiempo_a_pie_min_redondeado": 8,
          "metodo_distancia_a_pie": "Estimación: distancia geodésica al centroide del local × 1,28; no es ruta real calculada sobre red viaria.",
          "metodo_tiempo_a_pie": "Distancia a pie estimada / 80 m/min, equivalente a 4,8 km/h.",
          "precision_coord": "estimada_por_direccion",
          "verificacion": "media",
          "fuente_principal": "Eatbu / Minube / Cilantropo",
          "source_url": "https://las-palmeras.eatbu.com/?lang=en",
          "notas": "La web indica comida para llevar; Minube lo describe como asador de pollos del barrio de Rekalde.",
          "centroide_local_lat": 43.2540395,
          "centroide_local_lon": -2.9475368,
          "radio_filtro_m": 1000,
          "fecha_consulta": "2026-06-20",
          "sistema_coordenadas": "WGS84 lon/lat (CRS84)",
          "web": "https://las-palmeras.eatbu.com/?lang=en",
          "orden_distancia": 4,
          "category_original_raw": "comida para llevar",
          "category_original": "Comida para llevar",
          "category_standard": "Hostelería y alimentación"
        },
        "commercial_name": "Bar-Asador Las Palmeras",
        "enrichment_status": "base",
        "enrichment_updated_at": "2026-06-26",
        "photo_url": "https://cdn.website.dish.co/media/5d/5a/825462.jpg",
        "photo_source_url": "https://las-palmeras.eatbu.com/?lang=en",
        "photo_source": "Web pública"
      },
      "geometry": {
        "type": "Point",
        "coordinates": [
          -2.94735,
          43.2497
        ]
      }
    },
    {
      "type": "Feature",
      "properties": {
        "name": "Basurt OGI",
        "category": "Hostelería y alimentación",
        "category_original": "Panadería",
        "status": "activo",
        "confidence": "Alta",
        "source": "OpenStreetMap / Overpass",
        "source_id": "12513132901",
        "walking_distance_m": 551.0,
        "walking_time_min": 7.0,
        "walking_distance_method": "osm_pedestrian_network_dijkstra; snap_local=17.0m; snap_target=36.5m",
        "walking_time_method": "walking_distance_m / 80 m/min, redondeado a minutos",
        "raw_tags": {
          "addr:city": "Bilbao",
          "addr:housenumber": "32",
          "addr:postcode": "48012",
          "addr:street": "Novia Salcedo",
          "name": "Basurt OGI",
          "phone": "+34 94 441 73 06",
          "shop": "bakery",
          "category_original": "Panadería",
          "category_standard": "Hostelería y alimentación",
          "category_original_raw": "bakery"
        },
        "commercial_name": "Basurt OGI",
        "enrichment_status": "base;osm:0.86",
        "enrichment_updated_at": "2026-06-26"
      },
      "geometry": {
        "type": "Point",
        "coordinates": [
          -2.9493922,
          43.2571289
        ]
      }
    },
    {
      "type": "Feature",
      "properties": {
        "name": "Telepizza Bilbao La Casilla",
        "category": "Hostelería y alimentación",
        "category_original": "Comida para llevar",
        "status": "activo",
        "confidence": "Alta",
        "verification": "alta",
        "source": "Telepizza - ficha oficial La Casilla",
        "source_id": "TAK_002",
        "subcategory": "pizzería cadena",
        "activity_type": "comida_para_llevar_delivery",
        "distance_m": 443.0,
        "walking_distance_m": 552.0,
        "walking_time_min": 7.0,
        "walking_distance_method": "osm_pedestrian_network_dijkstra; snap_local=17.0m; snap_target=17.2m",
        "walking_time_method": "walking_distance_m / 80 m/min, redondeado a minutos",
        "address": "Plaza de la Casilla 2, 48012 Bilbao",
        "phone": "944103244",
        "website": "https://www.telepizza.es/pizzerias/detalles?sid=00086",
        "source_url": "https://www.telepizza.es/pizzerias/detalles?sid=00086",
        "notes": "Incluye horarios de entrega y recogida en la ficha oficial.",
        "query_date": "2026-06-20",
        "distance_rank": 3,
        "coordinate_precision": "directorio_con_coordenada",
        "raw_tags": {
          "id": "TAK_002",
          "categoria_actividad": "comida_para_llevar_delivery",
          "categoria_detalle": "pizzería cadena",
          "nombre": "Telepizza Bilbao La Casilla",
          "nombre_descriptivo_actividad": "Telepizza Bilbao La Casilla — pizzería cadena",
          "direccion": "Plaza de la Casilla 2, 48012 Bilbao",
          "lon": -2.94434,
          "lat": 43.2572769,
          "distancia_geodesica_m": 443,
          "distancia_a_pie_m": 570,
          "tiempo_a_pie_min": 7.1,
          "tiempo_a_pie_min_redondeado": 8,
          "metodo_distancia_a_pie": "Estimación: distancia geodésica al centroide del local × 1,28; no es ruta real calculada sobre red viaria.",
          "metodo_tiempo_a_pie": "Distancia a pie estimada / 80 m/min, equivalente a 4,8 km/h.",
          "precision_coord": "directorio_con_coordenada",
          "verificacion": "alta",
          "fuente_principal": "Telepizza - ficha oficial La Casilla",
          "source_url": "https://www.telepizza.es/pizzerias/detalles?sid=00086",
          "notas": "Incluye horarios de entrega y recogida en la ficha oficial.",
          "centroide_local_lat": 43.2540395,
          "centroide_local_lon": -2.9475368,
          "radio_filtro_m": 1000,
          "fecha_consulta": "2026-06-20",
          "sistema_coordenadas": "WGS84 lon/lat (CRS84)",
          "telefono": "944103244",
          "web": "https://www.telepizza.es/pizzerias/detalles?sid=00086",
          "orden_distancia": 3,
          "category_original_raw": "comida para llevar",
          "category_original": "Comida para llevar",
          "category_standard": "Hostelería y alimentación"
        },
        "commercial_name": "Telepizza",
        "enrichment_status": "base;osm:0.84;web",
        "enrichment_updated_at": "2026-06-26"
      },
      "geometry": {
        "type": "Point",
        "coordinates": [
          -2.94434,
          43.2572769
        ]
      }
    },
    {
      "type": "Feature",
      "properties": {
        "name": "Bertiz",
        "category": "Hostelería y alimentación",
        "category_original": "Cafetería",
        "status": "activo",
        "confidence": "Alta",
        "source": "OpenStreetMap / Overpass",
        "source_id": "4332976385",
        "walking_distance_m": 561.0,
        "walking_time_min": 7.0,
        "walking_distance_method": "osm_pedestrian_network_dijkstra; snap_local=17.0m; snap_target=12.5m",
        "walking_time_method": "walking_distance_m / 80 m/min, redondeado a minutos",
        "raw_tags": {
          "addr:city": "Bilbao",
          "addr:housenumber": "46",
          "addr:postcode": "48012",
          "addr:street": "Autonomia kalea",
          "amenity": "cafe",
          "contact:phone": "+34 944 10 94 25",
          "diet:vegetarian": "yes",
          "name": "Bertiz",
          "category_original": "Cafetería",
          "category_standard": "Hostelería y alimentación",
          "category_original_raw": "cafe"
        },
        "commercial_name": "Bertiz",
        "enrichment_status": "base;osm:0.86",
        "enrichment_updated_at": "2026-06-26"
      },
      "geometry": {
        "type": "Point",
        "coordinates": [
          -2.9464844,
          43.2580075
        ]
      }
    },
    {
      "type": "Feature",
      "properties": {
        "name": "Salón de Juego Cafetería Haltza",
        "category": "Hostelería y alimentación",
        "category_original": "Cafetería",
        "status": "activo",
        "confidence": "Alta",
        "source": "OpenStreetMap / Overpass",
        "source_id": "4255922086",
        "walking_distance_m": 561.0,
        "walking_time_min": 7.0,
        "walking_distance_method": "osm_pedestrian_network_dijkstra; snap_local=17.0m; snap_target=16.4m",
        "walking_time_method": "walking_distance_m / 80 m/min, redondeado a minutos",
        "raw_tags": {
          "amenity": "cafe",
          "diet:vegetarian": "no",
          "name": "Salón de Juego Cafetería Haltza",
          "category_original": "Cafetería",
          "category_standard": "Hostelería y alimentación",
          "category_original_raw": "cafe"
        },
        "commercial_name": "Salón de Juego Cafetería Haltza",
        "enrichment_status": "base;osm:0.86",
        "enrichment_updated_at": "2026-06-26"
      },
      "geometry": {
        "type": "Point",
        "coordinates": [
          -2.9442905,
          43.2569151
        ]
      }
    },
    {
      "type": "Feature",
      "properties": {
        "name": "Suárez",
        "category": "Hostelería y alimentación",
        "category_original": "Bar",
        "status": "activo",
        "confidence": "Alta",
        "source": "OpenStreetMap / Overpass",
        "source_id": "7786819585",
        "walking_distance_m": 562.0,
        "walking_time_min": 7.0,
        "walking_distance_method": "osm_pedestrian_network_dijkstra; snap_local=17.0m; snap_target=15.5m",
        "walking_time_method": "walking_distance_m / 80 m/min, redondeado a minutos",
        "raw_tags": {
          "addr:city": "Bilbao",
          "amenity": "bar",
          "name": "Suárez",
          "category_original": "Bar",
          "category_standard": "Hostelería y alimentación",
          "category_original_raw": "bar"
        },
        "commercial_name": "Suárez",
        "enrichment_status": "base;osm:0.86",
        "enrichment_updated_at": "2026-06-26"
      },
      "geometry": {
        "type": "Point",
        "coordinates": [
          -2.9508858,
          43.25707
        ]
      }
    },
    {
      "type": "Feature",
      "properties": {
        "name": "Bambú",
        "category": "Hostelería y alimentación",
        "category_original": "Bar",
        "status": "activo",
        "confidence": "Alta",
        "source": "OpenStreetMap / Overpass",
        "source_id": "7035946885",
        "walking_distance_m": 584.0,
        "walking_time_min": 7.0,
        "walking_distance_method": "osm_pedestrian_network_dijkstra; snap_local=17.0m; snap_target=10.6m",
        "walking_time_method": "walking_distance_m / 80 m/min, redondeado a minutos",
        "raw_tags": {
          "amenity": "bar",
          "name": "Bambú",
          "category_original": "Bar",
          "category_standard": "Hostelería y alimentación",
          "category_original_raw": "bar"
        },
        "commercial_name": "Bambú",
        "enrichment_status": "base;osm:0.86",
        "enrichment_updated_at": "2026-06-26"
      },
      "geometry": {
        "type": "Point",
        "coordinates": [
          -2.9470836,
          43.2494747
        ]
      }
    },
    {
      "type": "Feature",
      "properties": {
        "name": "99",
        "category": "Hostelería y alimentación",
        "category_original": "Bar",
        "status": "activo",
        "confidence": "Alta",
        "source": "OpenStreetMap / Overpass",
        "source_id": "7035834886",
        "walking_distance_m": 588.0,
        "walking_time_min": 7.0,
        "walking_distance_method": "osm_pedestrian_network_dijkstra; snap_local=17.0m; snap_target=3.9m",
        "walking_time_method": "walking_distance_m / 80 m/min, redondeado a minutos",
        "raw_tags": {
          "addr:housenumber": "99",
          "addr:street": "Gordoniz kalea",
          "amenity": "bar",
          "name": "99",
          "category_original": "Bar",
          "category_standard": "Hostelería y alimentación",
          "category_original_raw": "bar"
        },
        "commercial_name": "99",
        "enrichment_status": "base;osm:0.86",
        "enrichment_updated_at": "2026-06-26"
      },
      "geometry": {
        "type": "Point",
        "coordinates": [
          -2.9467914,
          43.2496148
        ]
      }
    },
    {
      "type": "Feature",
      "properties": {
        "name": "Batzoki Rekalde",
        "category": "Hostelería y alimentación",
        "category_original": "Comida para llevar",
        "status": "activo",
        "confidence": "Media",
        "verification": "media_baja",
        "source": "TripAdvisor",
        "source_id": "TAK_007",
        "subcategory": "restaurante con servicio para llevar",
        "activity_type": "comida_para_llevar_delivery",
        "distance_m": 333.0,
        "walking_distance_m": 607.0,
        "walking_time_min": 8.0,
        "walking_distance_method": "osm_pedestrian_network_dijkstra; snap_local=17.0m; snap_target=9.1m",
        "walking_time_method": "walking_distance_m / 80 m/min, redondeado a minutos",
        "address": "Calle General Salazar 13, 48012 Bilbao",
        "source_url": "https://www.tripadvisor.es/Restaurant_Review-g187454-d6163578-Reviews-or15-Batzoki_Rekalde-Bilbao_Province_of_Vizcaya_Basque_Country.html",
        "notes": "Incluido por constar servicio para llevar, aunque no es un local especializado exclusivamente en take-away.",
        "query_date": "2026-06-20",
        "distance_rank": 1,
        "coordinate_precision": "estimada_por_direccion",
        "raw_tags": {
          "id": "TAK_007",
          "categoria_actividad": "comida_para_llevar_delivery",
          "categoria_detalle": "restaurante con servicio para llevar",
          "nombre": "Batzoki Rekalde",
          "nombre_descriptivo_actividad": "Batzoki Rekalde — restaurante con servicio para llevar",
          "direccion": "Calle General Salazar 13, 48012 Bilbao",
          "lon": -2.9501,
          "lat": 43.2517,
          "distancia_geodesica_m": 333,
          "distancia_a_pie_m": 425,
          "tiempo_a_pie_min": 5.3,
          "tiempo_a_pie_min_redondeado": 6,
          "metodo_distancia_a_pie": "Estimación: distancia geodésica al centroide del local × 1,28; no es ruta real calculada sobre red viaria.",
          "metodo_tiempo_a_pie": "Distancia a pie estimada / 80 m/min, equivalente a 4,8 km/h.",
          "precision_coord": "estimada_por_direccion",
          "verificacion": "media_baja",
          "fuente_principal": "TripAdvisor",
          "source_url": "https://www.tripadvisor.es/Restaurant_Review-g187454-d6163578-Reviews-or15-Batzoki_Rekalde-Bilbao_Province_of_Vizcaya_Basque_Country.html",
          "notas": "Incluido por constar servicio para llevar, aunque no es un local especializado exclusivamente en take-away.",
          "centroide_local_lat": 43.2540395,
          "centroide_local_lon": -2.9475368,
          "radio_filtro_m": 1000,
          "fecha_consulta": "2026-06-20",
          "sistema_coordenadas": "WGS84 lon/lat (CRS84)",
          "orden_distancia": 1,
          "category_original_raw": "comida para llevar",
          "category_original": "Comida para llevar",
          "category_standard": "Hostelería y alimentación"
        },
        "commercial_name": "Batzoki Rekalde",
        "enrichment_status": "base",
        "enrichment_updated_at": "2026-06-26"
      },
      "geometry": {
        "type": "Point",
        "coordinates": [
          -2.9501,
          43.2517
        ]
      }
    },
    {
      "type": "Feature",
      "properties": {
        "name": "Helguera",
        "category": "Hostelería y alimentación",
        "category_original": "Bar",
        "status": "activo",
        "confidence": "Alta",
        "source": "OpenStreetMap / Overpass",
        "source_id": "7035826286",
        "walking_distance_m": 611.0,
        "walking_time_min": 8.0,
        "walking_distance_method": "osm_pedestrian_network_dijkstra; snap_local=17.0m; snap_target=6.8m",
        "walking_time_method": "walking_distance_m / 80 m/min, redondeado a minutos",
        "raw_tags": {
          "addr:street": "Leon de Uruñuela kalea",
          "amenity": "bar",
          "name": "Helguera",
          "category_original": "Bar",
          "category_standard": "Hostelería y alimentación",
          "category_original_raw": "bar"
        },
        "commercial_name": "Helguera",
        "enrichment_status": "base;osm:0.86",
        "enrichment_updated_at": "2026-06-26"
      },
      "geometry": {
        "type": "Point",
        "coordinates": [
          -2.9466397,
          43.2496024
        ]
      }
    },
    {
      "type": "Feature",
      "properties": {
        "name": "V8",
        "category": "Hostelería y alimentación",
        "category_original": "Bar",
        "status": "activo",
        "confidence": "Alta",
        "source": "OpenStreetMap / Overpass",
        "source_id": "7035826488",
        "walking_distance_m": 620.0,
        "walking_time_min": 8.0,
        "walking_distance_method": "osm_pedestrian_network_dijkstra; snap_local=17.0m; snap_target=15.8m",
        "walking_time_method": "walking_distance_m / 80 m/min, redondeado a minutos",
        "raw_tags": {
          "addr:street": "Leon de Uruñuela kalea",
          "amenity": "bar",
          "name": "V8",
          "category_original": "Bar",
          "category_standard": "Hostelería y alimentación",
          "category_original_raw": "bar"
        },
        "commercial_name": "V8",
        "enrichment_status": "base;osm:0.86",
        "enrichment_updated_at": "2026-06-26"
      },
      "geometry": {
        "type": "Point",
        "coordinates": [
          -2.9464788,
          43.2495792
        ]
      }
    },
    {
      "type": "Feature",
      "properties": {
        "name": "El Rinconcito",
        "category": "Hostelería y alimentación",
        "category_original": "Bar",
        "status": "activo",
        "confidence": "Alta",
        "source": "OpenStreetMap / Overpass",
        "source_id": "7035826386",
        "walking_distance_m": 626.0,
        "walking_time_min": 8.0,
        "walking_distance_method": "osm_pedestrian_network_dijkstra; snap_local=17.0m; snap_target=10.8m",
        "walking_time_method": "walking_distance_m / 80 m/min, redondeado a minutos",
        "raw_tags": {
          "addr:city": "Bilbao",
          "amenity": "bar",
          "name": "El Rinconcito",
          "category_original": "Bar",
          "category_standard": "Hostelería y alimentación",
          "category_original_raw": "bar"
        },
        "commercial_name": "El Rinconcito",
        "enrichment_status": "base;osm:0.86",
        "enrichment_updated_at": "2026-06-26"
      },
      "geometry": {
        "type": "Point",
        "coordinates": [
          -2.9465176,
          43.2493894
        ]
      }
    },
    {
      "type": "Feature",
      "properties": {
        "name": "Domino's Pizza Autonomía",
        "category": "Hostelería y alimentación",
        "category_original": "Comida para llevar",
        "status": "activo",
        "confidence": "Media",
        "verification": "alta_actividad_media_coordenada",
        "source": "Just Eat / Páginas Amarillas / TripAdvisor",
        "source_id": "TAK_003",
        "subcategory": "pizzería cadena",
        "activity_type": "comida_para_llevar_delivery",
        "distance_m": 491.0,
        "walking_distance_m": 630.0,
        "walking_time_min": 8.0,
        "walking_distance_method": "osm_pedestrian_network_dijkstra; snap_local=17.0m; snap_target=9.9m",
        "walking_time_method": "walking_distance_m / 80 m/min, redondeado a minutos",
        "address": "Autonomia Kalea, 60, 48012 Bilbao",
        "phone": "944105259",
        "website": "https://www.dominospizza.es/",
        "source_url": "https://www.just-eat.es/restaurants-dominos-pizza-autonomia-bilbao/menu",
        "notes": "Páginas Amarillas y TripAdvisor describen servicio a domicilio/para llevar.",
        "query_date": "2026-06-20",
        "distance_rank": 5,
        "coordinate_precision": "estimada_por_direccion",
        "raw_tags": {
          "id": "TAK_003",
          "categoria_actividad": "comida_para_llevar_delivery",
          "categoria_detalle": "pizzería cadena",
          "nombre": "Domino's Pizza Autonomía",
          "nombre_descriptivo_actividad": "Domino's Pizza Autonomía — pizzería cadena",
          "direccion": "Autonomia Kalea, 60, 48012 Bilbao",
          "lon": -2.94472,
          "lat": 43.25795,
          "distancia_geodesica_m": 491,
          "distancia_a_pie_m": 630,
          "tiempo_a_pie_min": 7.9,
          "tiempo_a_pie_min_redondeado": 8,
          "metodo_distancia_a_pie": "Estimación: distancia geodésica al centroide del local × 1,28; no es ruta real calculada sobre red viaria.",
          "metodo_tiempo_a_pie": "Distancia a pie estimada / 80 m/min, equivalente a 4,8 km/h.",
          "precision_coord": "estimada_por_direccion",
          "verificacion": "alta_actividad_media_coordenada",
          "fuente_principal": "Just Eat / Páginas Amarillas / TripAdvisor",
          "source_url": "https://www.just-eat.es/restaurants-dominos-pizza-autonomia-bilbao/menu",
          "notas": "Páginas Amarillas y TripAdvisor describen servicio a domicilio/para llevar.",
          "centroide_local_lat": 43.2540395,
          "centroide_local_lon": -2.9475368,
          "radio_filtro_m": 1000,
          "fecha_consulta": "2026-06-20",
          "sistema_coordenadas": "WGS84 lon/lat (CRS84)",
          "telefono": "944105259",
          "web": "https://www.dominospizza.es/",
          "orden_distancia": 5,
          "category_original_raw": "comida para llevar",
          "category_original": "Comida para llevar",
          "category_standard": "Hostelería y alimentación"
        },
        "commercial_name": "Domino's Pizza Autonomía",
        "enrichment_status": "base;web",
        "enrichment_updated_at": "2026-06-26"
      },
      "geometry": {
        "type": "Point",
        "coordinates": [
          -2.94472,
          43.25795
        ]
      }
    },
    {
      "type": "Feature",
      "properties": {
        "name": "La Parada",
        "category": "Hostelería y alimentación",
        "category_original": "Bar",
        "status": "activo",
        "confidence": "Alta",
        "source": "OpenStreetMap / Overpass",
        "source_id": "7035834885",
        "walking_distance_m": 630.0,
        "walking_time_min": 8.0,
        "walking_distance_method": "osm_pedestrian_network_dijkstra; snap_local=17.0m; snap_target=15.0m",
        "walking_time_method": "walking_distance_m / 80 m/min, redondeado a minutos",
        "raw_tags": {
          "addr:city": "Bilbao",
          "amenity": "bar",
          "name": "La Parada",
          "category_original": "Bar",
          "category_standard": "Hostelería y alimentación",
          "category_original_raw": "bar"
        },
        "commercial_name": "La Parada",
        "enrichment_status": "base;osm:0.86",
        "enrichment_updated_at": "2026-06-26"
      },
      "geometry": {
        "type": "Point",
        "coordinates": [
          -2.9464995,
          43.2494468
        ]
      }
    },
    {
      "type": "Feature",
      "properties": {
        "name": "La encina",
        "category": "Hostelería y alimentación",
        "category_original": "Restaurante",
        "status": "activo",
        "confidence": "Alta",
        "source": "OpenStreetMap / Overpass",
        "source_id": "6866300585",
        "walking_distance_m": 631.0,
        "walking_time_min": 8.0,
        "walking_distance_method": "osm_pedestrian_network_dijkstra; snap_local=17.0m; snap_target=27.3m",
        "walking_time_method": "walking_distance_m / 80 m/min, redondeado a minutos",
        "raw_tags": {
          "addr:street": "Errekalde-Larraskitu errepidea",
          "amenity": "restaurant",
          "name": "La encina",
          "category_original": "Restaurante",
          "category_standard": "Hostelería y alimentación",
          "category_original_raw": "restaurant"
        },
        "commercial_name": "La encina",
        "enrichment_status": "base;osm:0.86",
        "enrichment_updated_at": "2026-06-26"
      },
      "geometry": {
        "type": "Point",
        "coordinates": [
          -2.9426078,
          43.2509615
        ]
      }
    },
    {
      "type": "Feature",
      "properties": {
        "name": "La Unión",
        "category": "Hostelería y alimentación",
        "category_original": "Bar",
        "status": "activo",
        "confidence": "Alta",
        "source": "OpenStreetMap / Overpass",
        "source_id": "7035829986",
        "walking_distance_m": 643.0,
        "walking_time_min": 8.0,
        "walking_distance_method": "osm_pedestrian_network_dijkstra; snap_local=17.0m; snap_target=7.4m",
        "walking_time_method": "walking_distance_m / 80 m/min, redondeado a minutos",
        "raw_tags": {
          "addr:city": "Bilbao",
          "addr:street": "Estrada Caleros",
          "amenity": "bar",
          "name": "La Unión",
          "category_original": "Bar",
          "category_standard": "Hostelería y alimentación",
          "category_original_raw": "bar"
        },
        "commercial_name": "La Unión",
        "enrichment_status": "base;osm:0.86",
        "enrichment_updated_at": "2026-06-26"
      },
      "geometry": {
        "type": "Point",
        "coordinates": [
          -2.9464279,
          43.2493033
        ]
      }
    },
    {
      "type": "Feature",
      "properties": {
        "name": "Otxabide",
        "category": "Hostelería y alimentación",
        "category_original": "Bar",
        "status": "activo",
        "confidence": "Alta",
        "source": "OpenStreetMap / Overpass",
        "source_id": "7035826487",
        "walking_distance_m": 649.0,
        "walking_time_min": 8.0,
        "walking_distance_method": "osm_pedestrian_network_dijkstra; snap_local=17.0m; snap_target=13.2m",
        "walking_time_method": "walking_distance_m / 80 m/min, redondeado a minutos",
        "raw_tags": {
          "addr:street": "Estrada Caleros",
          "amenity": "bar",
          "name": "Otxabide",
          "category_original": "Bar",
          "category_standard": "Hostelería y alimentación",
          "category_original_raw": "bar"
        },
        "commercial_name": "Otxabide",
        "enrichment_status": "base;osm:0.86",
        "enrichment_updated_at": "2026-06-26"
      },
      "geometry": {
        "type": "Point",
        "coordinates": [
          -2.9462997,
          43.2492318
        ]
      }
    },
    {
      "type": "Feature",
      "properties": {
        "name": "Etxetxua",
        "category": "Hostelería y alimentación",
        "category_original": "Pub",
        "status": "activo",
        "confidence": "Alta",
        "source": "OpenStreetMap / Overpass",
        "source_id": "12355682218",
        "walking_distance_m": 657.0,
        "walking_time_min": 8.0,
        "walking_distance_method": "osm_pedestrian_network_dijkstra; snap_local=17.0m; snap_target=19.6m",
        "walking_time_method": "walking_distance_m / 80 m/min, redondeado a minutos",
        "raw_tags": {
          "addr:housenumber": "1",
          "addr:street": "Zugastinobia kalea",
          "amenity": "pub",
          "check_date": "2026-04-22",
          "name": "Etxetxua",
          "category_original": "Pub",
          "category_standard": "Hostelería y alimentación",
          "category_original_raw": "pub"
        },
        "commercial_name": "Etxetxua",
        "enrichment_status": "base;osm:0.86",
        "enrichment_updated_at": "2026-06-26"
      },
      "geometry": {
        "type": "Point",
        "coordinates": [
          -2.9431034,
          43.2570702
        ]
      }
    },
    {
      "type": "Feature",
      "properties": {
        "name": "Uztarri",
        "category": "Hostelería y alimentación",
        "category_original": "Pub",
        "status": "activo",
        "confidence": "Alta",
        "source": "OpenStreetMap / Overpass",
        "source_id": "12398324202",
        "walking_distance_m": 662.0,
        "walking_time_min": 8.0,
        "walking_distance_method": "osm_pedestrian_network_dijkstra; snap_local=17.0m; snap_target=20.1m",
        "walking_time_method": "walking_distance_m / 80 m/min, redondeado a minutos",
        "raw_tags": {
          "addr:housenumber": "2",
          "addr:street": "Zugastinobia kalea",
          "amenity": "pub",
          "check_date": "2026-04-22",
          "name": "Uztarri",
          "category_original": "Pub",
          "category_standard": "Hostelería y alimentación",
          "category_original_raw": "pub"
        },
        "commercial_name": "Uztarri",
        "enrichment_status": "base;osm:0.86",
        "enrichment_updated_at": "2026-06-26"
      },
      "geometry": {
        "type": "Point",
        "coordinates": [
          -2.9430723,
          43.256954
        ]
      }
    },
    {
      "type": "Feature",
      "properties": {
        "name": "Antxon",
        "category": "Hostelería y alimentación",
        "category_original": "Bar",
        "status": "activo",
        "confidence": "Alta",
        "source": "OpenStreetMap / Overpass",
        "source_id": "6866309885",
        "walking_distance_m": 665.0,
        "walking_time_min": 8.0,
        "walking_distance_method": "osm_pedestrian_network_dijkstra; snap_local=17.0m; snap_target=11.8m",
        "walking_time_method": "walking_distance_m / 80 m/min, redondeado a minutos",
        "raw_tags": {
          "addr:street": "Errekalde-Larraskitu errepidea",
          "amenity": "bar",
          "name": "Antxon",
          "category_original": "Bar",
          "category_standard": "Hostelería y alimentación",
          "category_original_raw": "bar"
        },
        "commercial_name": "Antxon",
        "enrichment_status": "base;osm:0.86",
        "enrichment_updated_at": "2026-06-26"
      },
      "geometry": {
        "type": "Point",
        "coordinates": [
          -2.9420409,
          43.2507239
        ]
      }
    },
    {
      "type": "Feature",
      "properties": {
        "name": "Ogi-On Karrantza-2",
        "category": "Hostelería y alimentación",
        "category_original": "Panadería",
        "status": "activo",
        "confidence": "Alta",
        "source": "OpenStreetMap / Overpass",
        "source_id": "12355682217",
        "walking_distance_m": 666.0,
        "walking_time_min": 8.0,
        "walking_distance_method": "osm_pedestrian_network_dijkstra; snap_local=17.0m; snap_target=28.2m",
        "walking_time_method": "walking_distance_m / 80 m/min, redondeado a minutos",
        "raw_tags": {
          "check_date": "2026-04-22",
          "name": "Ogi-On Karrantza-2",
          "shop": "bakery",
          "category_original": "Panadería",
          "category_standard": "Hostelería y alimentación",
          "category_original_raw": "bakery"
        },
        "commercial_name": "Ogi-On Karrantza-2",
        "enrichment_status": "base;osm:0.86",
        "enrichment_updated_at": "2026-06-26"
      },
      "geometry": {
        "type": "Point",
        "coordinates": [
          -2.943,
          43.2570897
        ]
      }
    },
    {
      "type": "Feature",
      "properties": {
        "name": "La Dehesa",
        "category": "Hostelería y alimentación",
        "category_original": "Pub",
        "status": "activo",
        "confidence": "Alta",
        "source": "OpenStreetMap / Overpass",
        "source_id": "12398324201",
        "walking_distance_m": 668.0,
        "walking_time_min": 8.0,
        "walking_distance_method": "osm_pedestrian_network_dijkstra; snap_local=17.0m; snap_target=26.3m",
        "walking_time_method": "walking_distance_m / 80 m/min, redondeado a minutos",
        "raw_tags": {
          "addr:housenumber": "4",
          "addr:street": "Zugastinobia kalea",
          "amenity": "pub",
          "check_date": "2026-04-22",
          "name": "La Dehesa",
          "category_original": "Pub",
          "category_standard": "Hostelería y alimentación",
          "category_original_raw": "pub"
        },
        "commercial_name": "La Dehesa",
        "enrichment_status": "base;osm:0.86",
        "enrichment_updated_at": "2026-06-26"
      },
      "geometry": {
        "type": "Point",
        "coordinates": [
          -2.9429938,
          43.2569639
        ]
      }
    },
    {
      "type": "Feature",
      "properties": {
        "name": "Aritz",
        "category": "Hostelería y alimentación",
        "category_original": "Restaurante",
        "status": "activo",
        "confidence": "Alta",
        "source": "OpenStreetMap / Overpass",
        "source_id": "12356258910",
        "walking_distance_m": 675.0,
        "walking_time_min": 8.0,
        "walking_distance_method": "osm_pedestrian_network_dijkstra; snap_local=17.0m; snap_target=33.6m",
        "walking_time_method": "walking_distance_m / 80 m/min, redondeado a minutos",
        "raw_tags": {
          "addr:housenumber": "4",
          "addr:street": "Zugastinobia kalea",
          "amenity": "restaurant",
          "check_date": "2026-03-11",
          "name": "Aritz",
          "category_original": "Restaurante",
          "category_standard": "Hostelería y alimentación",
          "category_original_raw": "restaurant"
        },
        "commercial_name": "Aritz",
        "enrichment_status": "base;osm:0.86",
        "enrichment_updated_at": "2026-06-26"
      },
      "geometry": {
        "type": "Point",
        "coordinates": [
          -2.9429048,
          43.2569903
        ]
      }
    },
    {
      "type": "Feature",
      "properties": {
        "name": "Alberdi",
        "category": "Hostelería y alimentación",
        "category_original": "Panadería",
        "status": "activo",
        "confidence": "Alta",
        "source": "OpenStreetMap / Overpass",
        "source_id": "7035816290",
        "walking_distance_m": 678.0,
        "walking_time_min": 8.0,
        "walking_distance_method": "osm_pedestrian_network_dijkstra; snap_local=17.0m; snap_target=19.0m",
        "walking_time_method": "walking_distance_m / 80 m/min, redondeado a minutos",
        "raw_tags": {
          "addr:street": "Leon de Uruñuela kalea",
          "name": "Alberdi",
          "shop": "bakery",
          "category_original": "Panadería",
          "category_standard": "Hostelería y alimentación",
          "category_original_raw": "bakery"
        },
        "commercial_name": "Alberdi",
        "enrichment_status": "base;osm:0.86",
        "enrichment_updated_at": "2026-06-26"
      },
      "geometry": {
        "type": "Point",
        "coordinates": [
          -2.94614,
          43.2495733
        ]
      }
    },
    {
      "type": "Feature",
      "properties": {
        "name": "The Corner",
        "category": "Hostelería y alimentación",
        "category_original": "Pub",
        "status": "activo",
        "confidence": "Alta",
        "source": "OpenStreetMap / Overpass",
        "source_id": "12952105103",
        "walking_distance_m": 700.0,
        "walking_time_min": 9.0,
        "walking_distance_method": "osm_pedestrian_network_dijkstra; snap_local=17.0m; snap_target=14.5m",
        "walking_time_method": "walking_distance_m / 80 m/min, redondeado a minutos",
        "raw_tags": {
          "amenity": "pub",
          "check_date": "2025-06-25",
          "name": "The Corner",
          "category_original": "Pub",
          "category_standard": "Hostelería y alimentación",
          "category_original_raw": "pub"
        },
        "commercial_name": "The Corner",
        "enrichment_status": "base;osm:0.86",
        "enrichment_updated_at": "2026-06-26"
      },
      "geometry": {
        "type": "Point",
        "coordinates": [
          -2.9431613,
          43.2552687
        ]
      }
    },
    {
      "type": "Feature",
      "properties": {
        "name": "Ibarra Sua",
        "category": "Hostelería y alimentación",
        "category_original": "Comida para llevar",
        "status": "activo",
        "confidence": "Media",
        "verification": "media",
        "source": "Facebook Ibarra Sua / web de carta",
        "source_id": "TAK_006",
        "subcategory": "asador / brasa",
        "activity_type": "comida_para_llevar_delivery",
        "distance_m": 539.0,
        "walking_distance_m": 702.0,
        "walking_time_min": 9.0,
        "walking_distance_method": "osm_pedestrian_network_dijkstra; snap_local=17.0m; snap_target=16.2m",
        "walking_time_method": "walking_distance_m / 80 m/min, redondeado a minutos",
        "address": "Zugastinovia 3, La Casilla, 48012 Bilbao",
        "phone": "650872378 / 944432208",
        "website": "https://ibarra-sua-bilbao.es/",
        "source_url": "https://www.facebook.com/p/Asador-Ibarra-Sua-100057122843398/",
        "notes": "Fuente social indica servicio a domicilio y recogida en local.",
        "query_date": "2026-06-20",
        "distance_rank": 6,
        "coordinate_precision": "estimada_por_direccion",
        "raw_tags": {
          "id": "TAK_006",
          "categoria_actividad": "comida_para_llevar_delivery",
          "categoria_detalle": "asador / brasa",
          "nombre": "Ibarra Sua",
          "nombre_descriptivo_actividad": "Ibarra Sua — asador / brasa",
          "direccion": "Zugastinovia 3, La Casilla, 48012 Bilbao",
          "lon": -2.9437,
          "lat": 43.258,
          "distancia_geodesica_m": 539,
          "distancia_a_pie_m": 690,
          "tiempo_a_pie_min": 8.6,
          "tiempo_a_pie_min_redondeado": 9,
          "metodo_distancia_a_pie": "Estimación: distancia geodésica al centroide del local × 1,28; no es ruta real calculada sobre red viaria.",
          "metodo_tiempo_a_pie": "Distancia a pie estimada / 80 m/min, equivalente a 4,8 km/h.",
          "precision_coord": "estimada_por_direccion",
          "verificacion": "media",
          "fuente_principal": "Facebook Ibarra Sua / web de carta",
          "source_url": "https://www.facebook.com/p/Asador-Ibarra-Sua-100057122843398/",
          "notas": "Fuente social indica servicio a domicilio y recogida en local.",
          "centroide_local_lat": 43.2540395,
          "centroide_local_lon": -2.9475368,
          "radio_filtro_m": 1000,
          "fecha_consulta": "2026-06-20",
          "sistema_coordenadas": "WGS84 lon/lat (CRS84)",
          "telefono": "650872378 / 944432208",
          "web": "https://ibarra-sua-bilbao.es/",
          "orden_distancia": 6,
          "category_original_raw": "comida para llevar",
          "category_original": "Comida para llevar",
          "category_standard": "Hostelería y alimentación"
        },
        "commercial_name": "Ibarra Sua",
        "enrichment_status": "base;web",
        "enrichment_updated_at": "2026-06-26"
      },
      "geometry": {
        "type": "Point",
        "coordinates": [
          -2.9437,
          43.258
        ]
      }
    },
    {
      "type": "Feature",
      "properties": {
        "name": "Al abordaje",
        "category": "Hostelería y alimentación",
        "category_original": "Bar",
        "status": "activo",
        "confidence": "Alta",
        "source": "OpenStreetMap / Overpass",
        "source_id": "7035815893",
        "walking_distance_m": 705.0,
        "walking_time_min": 9.0,
        "walking_distance_method": "osm_pedestrian_network_dijkstra; snap_local=17.0m; snap_target=19.0m",
        "walking_time_method": "walking_distance_m / 80 m/min, redondeado a minutos",
        "raw_tags": {
          "amenity": "bar",
          "name": "Al abordaje",
          "category_original": "Bar",
          "category_standard": "Hostelería y alimentación",
          "category_original_raw": "bar"
        },
        "commercial_name": "Al abordaje",
        "enrichment_status": "base;osm:0.86",
        "enrichment_updated_at": "2026-06-26"
      },
      "geometry": {
        "type": "Point",
        "coordinates": [
          -2.9457975,
          43.2490455
        ]
      }
    },
    {
      "type": "Feature",
      "properties": {
        "name": "Bilbora",
        "category": "Hostelería y alimentación",
        "category_original": "Cafetería",
        "status": "activo",
        "confidence": "Alta",
        "source": "OpenStreetMap / Overpass",
        "source_id": "5702888901",
        "walking_distance_m": 719.0,
        "walking_time_min": 9.0,
        "walking_distance_method": "osm_pedestrian_network_dijkstra; snap_local=17.0m; snap_target=48.2m",
        "walking_time_method": "walking_distance_m / 80 m/min, redondeado a minutos",
        "raw_tags": {
          "amenity": "cafe",
          "diet:vegetarian": "no",
          "name": "Bilbora",
          "category_original": "Cafetería",
          "category_standard": "Hostelería y alimentación",
          "category_original_raw": "cafe"
        },
        "commercial_name": "Bilbora",
        "enrichment_status": "base;osm:0.86",
        "enrichment_updated_at": "2026-06-26"
      },
      "geometry": {
        "type": "Point",
        "coordinates": [
          -2.9418068,
          43.2552331
        ]
      }
    },
    {
      "type": "Feature",
      "properties": {
        "name": "Amezola Berria",
        "category": "Hostelería y alimentación",
        "category_original": "Bar",
        "status": "activo",
        "confidence": "Alta",
        "source": "OpenStreetMap / Overpass",
        "source_id": "5694476150",
        "walking_distance_m": 722.0,
        "walking_time_min": 9.0,
        "walking_distance_method": "osm_pedestrian_network_dijkstra; snap_local=17.0m; snap_target=19.4m",
        "walking_time_method": "walking_distance_m / 80 m/min, redondeado a minutos",
        "raw_tags": {
          "addr:street": "Amadeus Mozart plaza",
          "amenity": "bar",
          "name": "Amezola Berria",
          "category_original": "Bar",
          "category_standard": "Hostelería y alimentación",
          "category_original_raw": "bar"
        },
        "commercial_name": "Amezola Berria",
        "enrichment_status": "base;osm:0.86",
        "enrichment_updated_at": "2026-06-26"
      },
      "geometry": {
        "type": "Point",
        "coordinates": [
          -2.9409458,
          43.2528969
        ]
      }
    },
    {
      "type": "Feature",
      "properties": {
        "name": "Pizzería Italiana Doner Kebab / Kebab & Pizzeria Calixto Diez",
        "category": "Hostelería y alimentación",
        "category_original": "Comida para llevar",
        "status": "activo",
        "confidence": "Media",
        "verification": "alta_actividad_media_coordenada",
        "source": "Web propia Kebab & Pizzeria Calixto Diez / Just Eat / QDQ",
        "source_id": "TAK_001",
        "subcategory": "Kebab, pizzería y comida rápida",
        "activity_type": "comida_para_llevar_delivery",
        "distance_m": 580.0,
        "walking_distance_m": 747.0,
        "walking_time_min": 9.0,
        "walking_distance_method": "osm_pedestrian_network_dijkstra; snap_local=17.0m; snap_target=10.2m",
        "walking_time_method": "walking_distance_m / 80 m/min, redondeado a minutos",
        "address": "Calixto Díez Kalea, 7, 48012 Bilbao",
        "phone": "944040564 / 632584977",
        "website": "https://www.kebabbilbao.com/",
        "source_url": "https://www.kebabbilbao.com/pizza-a-domicilio-errekalde",
        "notes": "Servicio de entrega y recogida en local indicado por la propia web.",
        "query_date": "2026-06-20",
        "distance_rank": 7,
        "coordinate_precision": "estimada_por_direccion",
        "raw_tags": {
          "id": "TAK_001",
          "categoria_actividad": "comida_para_llevar_delivery",
          "categoria_detalle": "kebab / pizzería / comida rápida",
          "nombre": "Pizzería Italiana Doner Kebab / Kebab & Pizzeria Calixto Diez",
          "nombre_descriptivo_actividad": "Pizzería Italiana Doner Kebab / Kebab & Pizzeria Calixto Diez — kebab / pizzería / comida rápida",
          "direccion": "Calixto Díez Kalea, 7, 48012 Bilbao",
          "lon": -2.94195,
          "lat": 43.2573,
          "distancia_geodesica_m": 580,
          "distancia_a_pie_m": 740,
          "tiempo_a_pie_min": 9.2,
          "tiempo_a_pie_min_redondeado": 10,
          "metodo_distancia_a_pie": "Estimación: distancia geodésica al centroide del local × 1,28; no es ruta real calculada sobre red viaria.",
          "metodo_tiempo_a_pie": "Distancia a pie estimada / 80 m/min, equivalente a 4,8 km/h.",
          "precision_coord": "estimada_por_direccion",
          "verificacion": "alta_actividad_media_coordenada",
          "fuente_principal": "Web propia Kebab & Pizzeria Calixto Diez / Just Eat / QDQ",
          "source_url": "https://www.kebabbilbao.com/pizza-a-domicilio-errekalde",
          "notas": "Servicio de entrega y recogida en local indicado por la propia web.",
          "centroide_local_lat": 43.2540395,
          "centroide_local_lon": -2.9475368,
          "radio_filtro_m": 1000,
          "fecha_consulta": "2026-06-20",
          "sistema_coordenadas": "WGS84 lon/lat (CRS84)",
          "telefono": "944040564 / 632584977",
          "web": "https://www.kebabbilbao.com/",
          "orden_distancia": 7,
          "category_original_raw": "comida para llevar",
          "category_original": "Comida para llevar",
          "category_standard": "Hostelería y alimentación"
        },
        "commercial_name": "Pizzería Italiana Doner Kebab / Kebab & Pizzeria Calixto Diez",
        "enrichment_status": "base",
        "enrichment_updated_at": "2026-06-26",
        "photo_url": "https://www.fbgcdn.com/pictures/4d7eab34-ad34-4f49-a8ba-7e9793da8cf3.jpg",
        "photo_source_url": "https://www.kebabbilbao.com/",
        "photo_source": "Web pública"
      },
      "geometry": {
        "type": "Point",
        "coordinates": [
          -2.94195,
          43.2573
        ]
      }
    },
    {
      "type": "Feature",
      "properties": {
        "name": "Bizkargi",
        "category": "Hostelería y alimentación",
        "category_original": "Bar",
        "status": "activo",
        "confidence": "Alta",
        "source": "OpenStreetMap / Overpass",
        "source_id": "7035816291",
        "walking_distance_m": 752.0,
        "walking_time_min": 9.0,
        "walking_distance_method": "osm_pedestrian_network_dijkstra; snap_local=17.0m; snap_target=21.9m",
        "walking_time_method": "walking_distance_m / 80 m/min, redondeado a minutos",
        "raw_tags": {
          "amenity": "bar",
          "name": "Bizkargi",
          "category_original": "Bar",
          "category_standard": "Hostelería y alimentación",
          "category_original_raw": "bar"
        },
        "commercial_name": "Bizkargi",
        "enrichment_status": "base;osm:0.86",
        "enrichment_updated_at": "2026-06-26"
      },
      "geometry": {
        "type": "Point",
        "coordinates": [
          -2.9454107,
          43.248917
        ]
      }
    },
    {
      "type": "Feature",
      "properties": {
        "name": "La Alhóndiga",
        "category": "Hostelería y alimentación",
        "category_original": "Restaurante",
        "status": "activo",
        "confidence": "Alta",
        "source": "OpenStreetMap / Overpass",
        "source_id": "5702888910",
        "walking_distance_m": 789.0,
        "walking_time_min": 10.0,
        "walking_distance_method": "osm_pedestrian_network_dijkstra; snap_local=17.0m; snap_target=26.4m",
        "walking_time_method": "walking_distance_m / 80 m/min, redondeado a minutos",
        "raw_tags": {
          "addr:housenumber": "3",
          "addr:street": "Salazar jeneralaren kalea",
          "air_conditioning": "no",
          "amenity": "restaurant",
          "check_date": "2025-03-18",
          "diet:vegetarian": "no",
          "email": "info@laalhondiga.es",
          "fax": "+34944105764",
          "indoor_seating": "yes",
          "name": "La Alhóndiga",
          "outdoor_seating": "yes",
          "phone": "+34944105764",
          "smoking": "outside",
          "website": "https://www.laalhondiga.es",
          "category_original": "Restaurante",
          "category_standard": "Hostelería y alimentación",
          "category_original_raw": "restaurant"
        },
        "commercial_name": "La Alhóndiga",
        "website": "https://www.laalhondiga.es/",
        "enrichment_status": "base;osm:0.86",
        "enrichment_updated_at": "2026-06-26",
        "photo_url": "https://www.laalhondiga.es/s/img/emotionheader.jpg",
        "photo_source_url": "https://www.laalhondiga.es/",
        "photo_source": "Web pública"
      },
      "geometry": {
        "type": "Point",
        "coordinates": [
          -2.9411587,
          43.2557064
        ]
      }
    },
    {
      "type": "Feature",
      "properties": {
        "name": "Bar Unamuno",
        "category": "Hostelería y alimentación",
        "category_original": "Bar",
        "status": "activo",
        "confidence": "Alta",
        "source": "OpenStreetMap / Overpass",
        "source_id": "5694476133",
        "walking_distance_m": 811.0,
        "walking_time_min": 10.0,
        "walking_distance_method": "osm_pedestrian_network_dijkstra; snap_local=17.0m; snap_target=6.1m",
        "walking_time_method": "walking_distance_m / 80 m/min, redondeado a minutos",
        "raw_tags": {
          "amenity": "bar",
          "name": "Bar Unamuno",
          "category_original": "Bar",
          "category_standard": "Hostelería y alimentación",
          "category_original_raw": "bar"
        },
        "commercial_name": "Bar Unamuno",
        "enrichment_status": "base;osm:0.86",
        "enrichment_updated_at": "2026-06-26"
      },
      "geometry": {
        "type": "Point",
        "coordinates": [
          -2.9386616,
          43.252087
        ]
      }
    },
    {
      "type": "Feature",
      "properties": {
        "name": "Poli Bar",
        "category": "Hostelería y alimentación",
        "category_original": "Bar",
        "status": "activo",
        "confidence": "Alta",
        "source": "OpenStreetMap / Overpass",
        "source_id": "5694476132",
        "walking_distance_m": 811.0,
        "walking_time_min": 10.0,
        "walking_distance_method": "osm_pedestrian_network_dijkstra; snap_local=17.0m; snap_target=5.7m",
        "walking_time_method": "walking_distance_m / 80 m/min, redondeado a minutos",
        "raw_tags": {
          "addr:city": "Bilbao",
          "amenity": "bar",
          "name": "Poli Bar",
          "category_original": "Bar",
          "category_standard": "Hostelería y alimentación",
          "category_original_raw": "bar"
        },
        "commercial_name": "Poli Bar",
        "enrichment_status": "base;osm:0.86",
        "enrichment_updated_at": "2026-06-26"
      },
      "geometry": {
        "type": "Point",
        "coordinates": [
          -2.9387386,
          43.2521343
        ]
      }
    },
    {
      "type": "Feature",
      "properties": {
        "name": "Bar La Cañada",
        "category": "Hostelería y alimentación",
        "category_original": "Bar",
        "status": "activo",
        "confidence": "Alta",
        "source": "OpenStreetMap / Overpass",
        "source_id": "5694476134",
        "walking_distance_m": 815.0,
        "walking_time_min": 10.0,
        "walking_distance_method": "osm_pedestrian_network_dijkstra; snap_local=17.0m; snap_target=9.9m",
        "walking_time_method": "walking_distance_m / 80 m/min, redondeado a minutos",
        "raw_tags": {
          "addr:city": "Bilbao",
          "amenity": "bar",
          "name": "Bar La Cañada",
          "category_original": "Bar",
          "category_standard": "Hostelería y alimentación",
          "category_original_raw": "bar"
        },
        "commercial_name": "Bar La Cañada",
        "enrichment_status": "base;osm:0.86",
        "enrichment_updated_at": "2026-06-26"
      },
      "geometry": {
        "type": "Point",
        "coordinates": [
          -2.9385847,
          43.2520552
        ]
      }
    },
    {
      "type": "Feature",
      "properties": {
        "name": "Toki Alai",
        "category": "Hostelería y alimentación",
        "category_original": "Bar",
        "status": "activo",
        "confidence": "Alta",
        "source": "OpenStreetMap / Overpass",
        "source_id": "5702888913",
        "walking_distance_m": 817.0,
        "walking_time_min": 10.0,
        "walking_distance_method": "osm_pedestrian_network_dijkstra; snap_local=17.0m; snap_target=15.5m",
        "walking_time_method": "walking_distance_m / 80 m/min, redondeado a minutos",
        "raw_tags": {
          "amenity": "bar",
          "name": "Toki Alai",
          "category_original": "Bar",
          "category_standard": "Hostelería y alimentación",
          "category_original_raw": "bar"
        },
        "commercial_name": "Toki Alai",
        "enrichment_status": "base;osm:0.86",
        "enrichment_updated_at": "2026-06-26"
      },
      "geometry": {
        "type": "Point",
        "coordinates": [
          -2.9398615,
          43.2551263
        ]
      }
    },
    {
      "type": "Feature",
      "properties": {
        "name": "Cafetería Ametzola",
        "category": "Hostelería y alimentación",
        "category_original": "Cafetería",
        "status": "activo",
        "confidence": "Alta",
        "source": "OpenStreetMap / Overpass",
        "source_id": "5694532547",
        "walking_distance_m": 829.0,
        "walking_time_min": 10.0,
        "walking_distance_method": "osm_pedestrian_network_dijkstra; snap_local=17.0m; snap_target=35.4m",
        "walking_time_method": "walking_distance_m / 80 m/min, redondeado a minutos",
        "raw_tags": {
          "amenity": "cafe",
          "check_date": "2024-12-30",
          "name": "Cafetería Ametzola",
          "category_original": "Cafetería",
          "category_standard": "Hostelería y alimentación",
          "category_original_raw": "cafe"
        },
        "commercial_name": "Cafetería Ametzola",
        "enrichment_status": "base;osm:0.86",
        "enrichment_updated_at": "2026-06-26"
      },
      "geometry": {
        "type": "Point",
        "coordinates": [
          -2.941283,
          43.2552215
        ]
      }
    },
    {
      "type": "Feature",
      "properties": {
        "name": "Bar Kaixo",
        "category": "Hostelería y alimentación",
        "category_original": "Bar",
        "status": "activo",
        "confidence": "Alta",
        "source": "OpenStreetMap / Overpass",
        "source_id": "5694476140",
        "walking_distance_m": 850.0,
        "walking_time_min": 11.0,
        "walking_distance_method": "osm_pedestrian_network_dijkstra; snap_local=17.0m; snap_target=10.0m",
        "walking_time_method": "walking_distance_m / 80 m/min, redondeado a minutos",
        "raw_tags": {
          "amenity": "bar",
          "check_date": "2025-03-18",
          "name": "Bar Kaixo",
          "category_original": "Bar",
          "category_standard": "Hostelería y alimentación",
          "category_original_raw": "bar"
        },
        "commercial_name": "Bar Kaixo",
        "enrichment_status": "base;osm:0.86",
        "enrichment_updated_at": "2026-06-26"
      },
      "geometry": {
        "type": "Point",
        "coordinates": [
          -2.9383146,
          43.2519975
        ]
      }
    },
    {
      "type": "Feature",
      "properties": {
        "name": "Artatxu",
        "category": "Hostelería y alimentación",
        "category_original": "Bar",
        "status": "activo",
        "confidence": "Alta",
        "source": "OpenStreetMap / Overpass",
        "source_id": "6866309985",
        "walking_distance_m": 864.0,
        "walking_time_min": 11.0,
        "walking_distance_method": "osm_pedestrian_network_dijkstra; snap_local=17.0m; snap_target=8.7m",
        "walking_time_method": "walking_distance_m / 80 m/min, redondeado a minutos",
        "raw_tags": {
          "addr:street": "Errekalde-Larraskitu errepidea",
          "amenity": "bar",
          "name": "Artatxu",
          "category_original": "Bar",
          "category_standard": "Hostelería y alimentación",
          "category_original_raw": "bar"
        },
        "commercial_name": "Artatxu",
        "enrichment_status": "base;osm:0.86",
        "enrichment_updated_at": "2026-06-26"
      },
      "geometry": {
        "type": "Point",
        "coordinates": [
          -2.9400816,
          43.2499658
        ]
      }
    },
    {
      "type": "Feature",
      "properties": {
        "name": "Nervión",
        "category": "Hostelería y alimentación",
        "category_original": "Panadería",
        "status": "activo",
        "confidence": "Alta",
        "source": "OpenStreetMap / Overpass",
        "source_id": "5694476141",
        "walking_distance_m": 883.0,
        "walking_time_min": 11.0,
        "walking_distance_method": "osm_pedestrian_network_dijkstra; snap_local=17.0m; snap_target=12.0m",
        "walking_time_method": "walking_distance_m / 80 m/min, redondeado a minutos",
        "raw_tags": {
          "addr:city": "Bilbao",
          "name": "Nervión",
          "shop": "bakery",
          "category_original": "Panadería",
          "category_standard": "Hostelería y alimentación",
          "category_original_raw": "bakery"
        },
        "commercial_name": "Nervión",
        "enrichment_status": "base;osm:0.86",
        "enrichment_updated_at": "2026-06-26"
      },
      "geometry": {
        "type": "Point",
        "coordinates": [
          -2.9383003,
          43.2520782
        ]
      }
    },
    {
      "type": "Feature",
      "properties": {
        "name": "Bar Luis",
        "category": "Hostelería y alimentación",
        "category_original": "Bar",
        "status": "activo",
        "confidence": "Alta",
        "source": "OpenStreetMap / Overpass",
        "source_id": "5694532542",
        "walking_distance_m": 888.0,
        "walking_time_min": 11.0,
        "walking_distance_method": "osm_pedestrian_network_dijkstra; snap_local=17.0m; snap_target=5.4m",
        "walking_time_method": "walking_distance_m / 80 m/min, redondeado a minutos",
        "raw_tags": {
          "amenity": "bar",
          "name": "Bar Luis",
          "category_original": "Bar",
          "category_standard": "Hostelería y alimentación",
          "category_original_raw": "bar"
        },
        "commercial_name": "Bar Luis",
        "enrichment_status": "base;osm:0.86",
        "enrichment_updated_at": "2026-06-26"
      },
      "geometry": {
        "type": "Point",
        "coordinates": [
          -2.9377775,
          43.251642
        ]
      }
    },
    {
      "type": "Feature",
      "properties": {
        "name": "Bar Irala Txoko",
        "category": "Hostelería y alimentación",
        "category_original": "Bar",
        "status": "activo",
        "confidence": "Alta",
        "source": "OpenStreetMap / Overpass",
        "source_id": "5694476143",
        "walking_distance_m": 889.0,
        "walking_time_min": 11.0,
        "walking_distance_method": "osm_pedestrian_network_dijkstra; snap_local=17.0m; snap_target=18.4m",
        "walking_time_method": "walking_distance_m / 80 m/min, redondeado a minutos",
        "raw_tags": {
          "addr:city": "Bilbao",
          "amenity": "bar",
          "name": "Bar Irala Txoko",
          "category_original": "Bar",
          "category_standard": "Hostelería y alimentación",
          "category_original_raw": "bar"
        },
        "commercial_name": "Bar Irala Txoko",
        "enrichment_status": "base;osm:0.86",
        "enrichment_updated_at": "2026-06-26"
      },
      "geometry": {
        "type": "Point",
        "coordinates": [
          -2.9383146,
          43.2521469
        ]
      }
    },
    {
      "type": "Feature",
      "properties": {
        "name": "Falstaff",
        "category": "Hostelería y alimentación",
        "category_original": "Bar",
        "status": "activo",
        "confidence": "Alta",
        "source": "OpenStreetMap / Overpass",
        "source_id": "5694476138",
        "walking_distance_m": 893.0,
        "walking_time_min": 11.0,
        "walking_distance_method": "osm_pedestrian_network_dijkstra; snap_local=17.0m; snap_target=21.7m",
        "walking_time_method": "walking_distance_m / 80 m/min, redondeado a minutos",
        "raw_tags": {
          "amenity": "bar",
          "name": "Falstaff",
          "category_original": "Bar",
          "category_standard": "Hostelería y alimentación",
          "category_original_raw": "bar"
        },
        "commercial_name": "Falstaff",
        "enrichment_status": "base;osm:0.86",
        "enrichment_updated_at": "2026-06-26"
      },
      "geometry": {
        "type": "Point",
        "coordinates": [
          -2.937918,
          43.2520411
        ]
      }
    },
    {
      "type": "Feature",
      "properties": {
        "name": "Taxka Tere",
        "category": "Hostelería y alimentación",
        "category_original": "Bar",
        "status": "activo",
        "confidence": "Alta",
        "source": "OpenStreetMap / Overpass",
        "source_id": "5694476144",
        "walking_distance_m": 893.0,
        "walking_time_min": 11.0,
        "walking_distance_method": "osm_pedestrian_network_dijkstra; snap_local=17.0m; snap_target=22.2m",
        "walking_time_method": "walking_distance_m / 80 m/min, redondeado a minutos",
        "raw_tags": {
          "amenity": "bar",
          "name": "Taxka Tere",
          "category_original": "Bar",
          "category_standard": "Hostelería y alimentación",
          "category_original_raw": "bar"
        },
        "commercial_name": "Taxka Tere",
        "enrichment_status": "base;osm:0.86",
        "enrichment_updated_at": "2026-06-26"
      },
      "geometry": {
        "type": "Point",
        "coordinates": [
          -2.9383214,
          43.2521843
        ]
      }
    },
    {
      "type": "Feature",
      "properties": {
        "name": "Irala",
        "category": "Hostelería y alimentación",
        "category_original": "Panadería",
        "status": "activo",
        "confidence": "Alta",
        "source": "OpenStreetMap / Overpass",
        "source_id": "5694476145",
        "walking_distance_m": 897.0,
        "walking_time_min": 11.0,
        "walking_distance_method": "osm_pedestrian_network_dijkstra; snap_local=17.0m; snap_target=26.4m",
        "walking_time_method": "walking_distance_m / 80 m/min, redondeado a minutos",
        "raw_tags": {
          "access:covid19": "no",
          "addr:city": "Bilbao",
          "delivery:covid19": "no",
          "name": "Irala",
          "opening_hours": "Mo-Su 08:00-14:00",
          "shop": "bakery",
          "category_original": "Panadería",
          "category_standard": "Hostelería y alimentación",
          "category_original_raw": "bakery"
        },
        "commercial_name": "Irala",
        "enrichment_status": "base;osm:0.86",
        "enrichment_updated_at": "2026-06-26"
      },
      "geometry": {
        "type": "Point",
        "coordinates": [
          -2.938335,
          43.2522222
        ]
      }
    },
    {
      "type": "Feature",
      "properties": {
        "name": "Bar Bahía",
        "category": "Hostelería y alimentación",
        "category_original": "Bar",
        "status": "activo",
        "confidence": "Alta",
        "source": "OpenStreetMap / Overpass",
        "source_id": "5694476147",
        "walking_distance_m": 905.0,
        "walking_time_min": 11.0,
        "walking_distance_method": "osm_pedestrian_network_dijkstra; snap_local=17.0m; snap_target=34.3m",
        "walking_time_method": "walking_distance_m / 80 m/min, redondeado a minutos",
        "raw_tags": {
          "amenity": "bar",
          "name": "Bar Bahía",
          "category_original": "Bar",
          "category_standard": "Hostelería y alimentación",
          "category_original_raw": "bar"
        },
        "commercial_name": "Bar Bahía",
        "enrichment_status": "base;osm:0.86",
        "enrichment_updated_at": "2026-06-26"
      },
      "geometry": {
        "type": "Point",
        "coordinates": [
          -2.9383463,
          43.2522969
        ]
      }
    },
    {
      "type": "Feature",
      "properties": {
        "name": "Remy",
        "category": "Hostelería y alimentación",
        "category_original": "Bar",
        "status": "activo",
        "confidence": "Alta",
        "source": "OpenStreetMap / Overpass",
        "source_id": "5696119219",
        "walking_distance_m": 920.0,
        "walking_time_min": 12.0,
        "walking_distance_method": "osm_pedestrian_network_dijkstra; snap_local=17.0m; snap_target=23.9m",
        "walking_time_method": "walking_distance_m / 80 m/min, redondeado a minutos",
        "raw_tags": {
          "amenity": "bar",
          "name": "Remy",
          "category_original": "Bar",
          "category_standard": "Hostelería y alimentación",
          "category_original_raw": "bar"
        },
        "commercial_name": "Remy",
        "enrichment_status": "base;osm:0.86",
        "enrichment_updated_at": "2026-06-26"
      },
      "geometry": {
        "type": "Point",
        "coordinates": [
          -2.937487,
          43.2515335
        ]
      }
    },
    {
      "type": "Feature",
      "properties": {
        "name": "Bar Mavi",
        "category": "Hostelería y alimentación",
        "category_original": "Bar",
        "status": "activo",
        "confidence": "Alta",
        "source": "OpenStreetMap / Overpass",
        "source_id": "5694532538",
        "walking_distance_m": 959.0,
        "walking_time_min": 12.0,
        "walking_distance_method": "osm_pedestrian_network_dijkstra; snap_local=17.0m; snap_target=12.1m",
        "walking_time_method": "walking_distance_m / 80 m/min, redondeado a minutos",
        "raw_tags": {
          "amenity": "bar",
          "name": "Bar Mavi",
          "category_original": "Bar",
          "category_standard": "Hostelería y alimentación",
          "category_original_raw": "bar"
        },
        "commercial_name": "Bar Mavi",
        "enrichment_status": "base;osm:0.86",
        "enrichment_updated_at": "2026-06-26"
      },
      "geometry": {
        "type": "Point",
        "coordinates": [
          -2.9376839,
          43.2523332
        ]
      }
    },
    {
      "type": "Feature",
      "properties": {
        "name": "Bar Los Amigos",
        "category": "Hostelería y alimentación",
        "category_original": "Bar",
        "status": "activo",
        "confidence": "Alta",
        "source": "OpenStreetMap / Overpass",
        "source_id": "5694476148",
        "walking_distance_m": 966.0,
        "walking_time_min": 12.0,
        "walking_distance_method": "osm_pedestrian_network_dijkstra; snap_local=17.0m; snap_target=47.9m",
        "walking_time_method": "walking_distance_m / 80 m/min, redondeado a minutos",
        "raw_tags": {
          "addr:city": "Bilbao",
          "amenity": "bar",
          "name": "Bar Los Amigos",
          "category_original": "Bar",
          "category_standard": "Hostelería y alimentación",
          "category_original_raw": "bar"
        },
        "commercial_name": "Bar Los Amigos",
        "enrichment_status": "base;osm:0.86",
        "enrichment_updated_at": "2026-06-26"
      },
      "geometry": {
        "type": "Point",
        "coordinates": [
          -2.9384247,
          43.2526716
        ]
      }
    },
    {
      "type": "Feature",
      "properties": {
        "name": "Basajaun",
        "category": "Hostelería y alimentación",
        "category_original": "Bar",
        "status": "activo",
        "confidence": "Alta",
        "source": "OpenStreetMap / Overpass",
        "source_id": "5696119218",
        "walking_distance_m": 970.0,
        "walking_time_min": 12.0,
        "walking_distance_method": "osm_pedestrian_network_dijkstra; snap_local=17.0m; snap_target=21.7m",
        "walking_time_method": "walking_distance_m / 80 m/min, redondeado a minutos",
        "raw_tags": {
          "amenity": "bar",
          "name": "Basajaun",
          "category_original": "Bar",
          "category_standard": "Hostelería y alimentación",
          "category_original_raw": "bar"
        },
        "commercial_name": "Basajaun",
        "enrichment_status": "base;osm:0.86",
        "enrichment_updated_at": "2026-06-26"
      },
      "geometry": {
        "type": "Point",
        "coordinates": [
          -2.9373804,
          43.2514954
        ]
      }
    },
    {
      "type": "Feature",
      "properties": {
        "name": "Avalon Tavern",
        "category": "Hostelería y alimentación",
        "category_original": "Pub",
        "status": "activo",
        "confidence": "Alta",
        "source": "OpenStreetMap / Overpass",
        "source_id": "5694532535",
        "walking_distance_m": 1017.0,
        "walking_time_min": 13.0,
        "walking_distance_method": "osm_pedestrian_network_dijkstra; snap_local=17.0m; snap_target=21.1m",
        "walking_time_method": "walking_distance_m / 80 m/min, redondeado a minutos",
        "raw_tags": {
          "amenity": "pub",
          "name": "Avalon Tavern",
          "category_original": "Pub",
          "category_standard": "Hostelería y alimentación",
          "category_original_raw": "pub"
        },
        "commercial_name": "Avalon Tavern",
        "enrichment_status": "base;osm:0.86",
        "enrichment_updated_at": "2026-06-26"
      },
      "geometry": {
        "type": "Point",
        "coordinates": [
          -2.9377156,
          43.252509
        ]
      }
    },
    {
      "type": "Feature",
      "properties": {
        "name": "Bar Los Botijos",
        "category": "Hostelería y alimentación",
        "category_original": "Restaurante",
        "status": "activo",
        "confidence": "Alta",
        "source": "OpenStreetMap / Overpass",
        "source_id": "6492792167",
        "walking_distance_m": 1036.0,
        "walking_time_min": 13.0,
        "walking_distance_method": "osm_pedestrian_network_dijkstra; snap_local=17.0m; snap_target=15.5m",
        "walking_time_method": "walking_distance_m / 80 m/min, redondeado a minutos",
        "raw_tags": {
          "amenity": "restaurant",
          "name": "Bar Los Botijos",
          "outdoor_seating": "yes",
          "wheelchair": "limited",
          "category_original": "Restaurante",
          "category_standard": "Hostelería y alimentación",
          "category_original_raw": "restaurant"
        },
        "commercial_name": "Bar Los Botijos",
        "enrichment_status": "base;osm:0.86",
        "enrichment_updated_at": "2026-06-26"
      },
      "geometry": {
        "type": "Point",
        "coordinates": [
          -2.9565954,
          43.2555892
        ]
      }
    },
    {
      "type": "Feature",
      "properties": {
        "name": "Kubi",
        "category": "Hostelería y alimentación",
        "category_original": "Bar",
        "status": "activo",
        "confidence": "Alta",
        "source": "OpenStreetMap / Overpass",
        "source_id": "4383277394",
        "walking_distance_m": 1154.0,
        "walking_time_min": 14.0,
        "walking_distance_method": "osm_pedestrian_network_dijkstra; snap_local=17.0m; snap_target=3.4m",
        "walking_time_method": "walking_distance_m / 80 m/min, redondeado a minutos",
        "raw_tags": {
          "amenity": "bar",
          "name": "Kubi",
          "name:es": "Kubi",
          "category_original": "Bar",
          "category_standard": "Hostelería y alimentación",
          "category_original_raw": "bar"
        },
        "commercial_name": "Kubi",
        "enrichment_status": "base;osm:0.86",
        "enrichment_updated_at": "2026-06-26"
      },
      "geometry": {
        "type": "Point",
        "coordinates": [
          -2.9411664,
          43.2463392
        ]
      }
    },
    {
      "type": "Feature",
      "properties": {
        "name": "Snatek / Talleres Luse",
        "category": "Impresión 3D, prototipado y maquetas",
        "category_original": "servicios_ingenieria_impresion_3d_prototipos_maquetas",
        "status": "activo",
        "confidence": "Media",
        "source": "Web propia Snatek y ficha Páginas Amarillas",
        "source_id": "servicios-ingenieria-impresion-3d-prototipos-maquetas-snatek-talleres-luse--2.94745-43.25455",
        "subcategory": "diseño 3D, desarrollo electrónico e impresión 3D",
        "activity_type": "impresion3d_prototipos_maquetas",
        "distance_m": 60.0,
        "walking_distance_m": 80.0,
        "walking_time_min": 1.0,
        "address": "C/ Moncada 9, 3º, Talleres Luse, 48002 Bilbao",
        "phone": "944 583 269",
        "website": "https://www.snatek.net/contacto/",
        "raw_tags": {
          "nombre": "Snatek / Talleres Luse",
          "categoria": "servicios_ingenieria_impresion_3d_prototipos_maquetas",
          "tipo_emplazamiento": "servicio comercial y oficina técnica",
          "subcategoria": "diseño 3D, desarrollo electrónico e impresión 3D",
          "direccion": "C/ Moncada 9, 3º, Talleres Luse, 48002 Bilbao",
          "municipio": "Bilbao",
          "telefono": "944 583 269",
          "email": null,
          "web": "https://www.snatek.net/contacto/",
          "servicios_identificados": "Diseño 3D, desarrollo electrónico, impresión 3D online/presencial, prototipos rápidos, piezas FFF/SLA, presupuesto online.",
          "tecnologias_materiales_identificados": "FFF, SLA; materiales variados; electrónica + CAD",
          "relevancia_para_ingenieria_prototipos_maquetas": "alta",
          "distancia_lineal_al_local_km": 0.06,
          "distancia_peatonal_estimada_min": 1,
          "origen_distancia": "centroide aproximado del polígono del local en local.kmz",
          "precision_coordenada": "aproximada_por_direccion",
          "fuente_principal": "Web propia Snatek y ficha Páginas Amarillas",
          "notas_incertidumbre": "Muy próximo al local; dirección confirmada, coordenada estimada por geocodificación manual de calle."
        },
        "commercial_name": "Snatek / Talleres Luse",
        "enrichment_status": "base;web",
        "enrichment_updated_at": "2026-06-26"
      },
      "geometry": {
        "type": "Point",
        "coordinates": [
          -2.94745,
          43.25455
        ]
      }
    },
    {
      "type": "Feature",
      "properties": {
        "name": "Impresión y Desarrollo de Prototipos en 3D S.L.",
        "category": "Impresión 3D, prototipado y maquetas",
        "category_original": "servicios_ingenieria_impresion_3d_prototipos_maquetas",
        "status": "activo",
        "confidence": "Media",
        "source": "Cinco Días / Iberinform",
        "source_id": "servicios-ingenieria-impresion-3d-prototipos-maquetas-impresión-y-desarrollo-de-prototipos-en-3d-s-l--2.95015-43.26105",
        "subcategory": "diseño de piezas para impresión 3D",
        "activity_type": "impresion3d_prototipos_maquetas",
        "distance_m": 810.0,
        "walking_distance_m": 1200.0,
        "walking_time_min": 15.0,
        "address": "Calle Luis Briñas 11 Bajo, 48013 Bilbao",
        "website": "https://cincodias.elpais.com/directorio-empresas/empresa/6753702/impresion-y-desarrollo-de-prototipos-en-3d",
        "raw_tags": {
          "nombre": "Impresión y Desarrollo de Prototipos en 3D S.L.",
          "categoria": "servicios_ingenieria_impresion_3d_prototipos_maquetas",
          "tipo_emplazamiento": "servicio técnico / sociedad mercantil",
          "subcategoria": "diseño de piezas para impresión 3D",
          "direccion": "Calle Luis Briñas 11 Bajo, 48013 Bilbao",
          "municipio": "Bilbao",
          "telefono": null,
          "email": null,
          "web": "https://cincodias.elpais.com/directorio-empresas/empresa/6753702/impresion-y-desarrollo-de-prototipos-en-3d",
          "servicios_identificados": "Diseño de piezas para imprimir en 3D, servicios técnicos de ingeniería y asesoramiento técnico según ficha mercantil.",
          "tecnologias_materiales_identificados": "No especificadas en fuente pública consultada",
          "relevancia_para_ingenieria_prototipos_maquetas": "media-alta",
          "distancia_lineal_al_local_km": 0.81,
          "distancia_peatonal_estimada_min": 15,
          "origen_distancia": "centroide aproximado del polígono del local en local.kmz",
          "precision_coordenada": "aproximada_por_direccion",
          "fuente_principal": "Cinco Días / Iberinform",
          "notas_incertidumbre": "La ficha mercantil confirma actividad y domicilio; no se localizó web operativa propia."
        },
        "commercial_name": "Impresión y Desarrollo de Prototipos en 3D S.L.",
        "enrichment_status": "base;web_error:HTTPError",
        "enrichment_updated_at": "2026-06-26"
      },
      "geometry": {
        "type": "Point",
        "coordinates": [
          -2.95015,
          43.26105
        ]
      }
    },
    {
      "type": "Feature",
      "properties": {
        "name": "Bilbao 3D",
        "category": "Impresión 3D, prototipado y maquetas",
        "category_original": "servicios_ingenieria_impresion_3d_prototipos_maquetas",
        "status": "activo",
        "confidence": "Media",
        "source": "Web propia Bilbao3D",
        "source_id": "servicios-ingenieria-impresion-3d-prototipos-maquetas-bilbao-3d--2.92875-43.26355",
        "subcategory": "renders, infografías y modelos 3D",
        "activity_type": "impresion3d_prototipos_maquetas",
        "distance_m": 1850.0,
        "walking_distance_m": 2640.0,
        "walking_time_min": 33.0,
        "address": "C/ San Vicente 8, Edificio Albia 2, 3º, 48001 Bilbao",
        "phone": "605 741 502",
        "email": "infobilbao3d@gmail.com",
        "website": "https://www.bilbao3d.es/",
        "raw_tags": {
          "nombre": "Bilbao 3D",
          "categoria": "servicios_ingenieria_impresion_3d_prototipos_maquetas",
          "tipo_emplazamiento": "visualización 3D / maquetas digitales",
          "subcategoria": "renders, infografías y modelos 3D",
          "direccion": "C/ San Vicente 8, Edificio Albia 2, 3º, 48001 Bilbao",
          "municipio": "Bilbao",
          "telefono": "605 741 502",
          "email": "infobilbao3d@gmail.com",
          "web": "https://www.bilbao3d.es/",
          "servicios_identificados": "Modelado 3D, infografías, renders, vídeo 3D, panoramas 360º y tour virtuales para comunicar proyectos.",
          "tecnologias_materiales_identificados": "Modelado/render 3D; no consta impresión física en fuente consultada",
          "relevancia_para_ingenieria_prototipos_maquetas": "media",
          "distancia_lineal_al_local_km": 1.85,
          "distancia_peatonal_estimada_min": 33,
          "origen_distancia": "centroide aproximado del polígono del local en local.kmz",
          "precision_coordenada": "aproximada_por_direccion",
          "fuente_principal": "Web propia Bilbao3D",
          "notas_incertidumbre": "Incluido por utilidad para maquetas digitales y visualización, no como servicio de impresión física confirmado."
        },
        "commercial_name": "Bilbao 3D",
        "enrichment_status": "base",
        "enrichment_updated_at": "2026-06-26",
        "photo_url": "https://image.jimcdn.com/app/cms/image/transf/dimension=1920x10000:format=jpg/path/sf7d4201542635731/image/i7ed5345dfc6893ee/version/1661425124/image.jpg",
        "photo_source_url": "https://www.bilbao3d.es/",
        "photo_source": "Web pública"
      },
      "geometry": {
        "type": "Point",
        "coordinates": [
          -2.92875,
          43.26355
        ]
      }
    },
    {
      "type": "Feature",
      "properties": {
        "name": "3D Egin",
        "category": "Impresión 3D, prototipado y maquetas",
        "category_original": "servicios_ingenieria_impresion_3d_prototipos_maquetas",
        "status": "activo",
        "confidence": "Media",
        "source": "Web propia 3D Egin",
        "source_id": "servicios-ingenieria-impresion-3d-prototipos-maquetas-3d-egin--2.93055-43.2661",
        "subcategory": "impresión 3D y filamentos",
        "activity_type": "impresion3d_prototipos_maquetas",
        "distance_m": 1920.0,
        "walking_distance_m": 2800.0,
        "walking_time_min": 35.0,
        "address": "C/ Uribitarte 22, 3A, 48001 Bilbao",
        "phone": "944 00 24 32",
        "email": "3degin@3degin.com",
        "website": "https://3degin.com/",
        "raw_tags": {
          "nombre": "3D Egin",
          "categoria": "servicios_ingenieria_impresion_3d_prototipos_maquetas",
          "tipo_emplazamiento": "servicio comercial 3D",
          "subcategoria": "impresión 3D y filamentos",
          "direccion": "C/ Uribitarte 22, 3A, 48001 Bilbao",
          "municipio": "Bilbao",
          "telefono": "944 00 24 32",
          "email": "3degin@3degin.com",
          "web": "https://3degin.com/",
          "servicios_identificados": "Empresa de impresión 3D y materiales/filamentos; contacto local en Bilbao.",
          "tecnologias_materiales_identificados": "Filamentos; impresión 3D; tecnologías no detalladas en fuente consultada",
          "relevancia_para_ingenieria_prototipos_maquetas": "media",
          "distancia_lineal_al_local_km": 1.92,
          "distancia_peatonal_estimada_min": 35,
          "origen_distancia": "centroide aproximado del polígono del local en local.kmz",
          "precision_coordenada": "aproximada_por_direccion",
          "fuente_principal": "Web propia 3D Egin",
          "notas_incertidumbre": "Servicio identificado, aunque el posicionamiento parece más orientado a impresión general/consumibles."
        },
        "commercial_name": "3D Egin",
        "enrichment_status": "base;web",
        "enrichment_updated_at": "2026-06-26"
      },
      "geometry": {
        "type": "Point",
        "coordinates": [
          -2.93055,
          43.2661
        ]
      }
    },
    {
      "type": "Feature",
      "properties": {
        "name": "3D Gauzak",
        "category": "Impresión 3D, prototipado y maquetas",
        "category_original": "servicios_ingenieria_impresion_3d_prototipos_maquetas",
        "status": "activo",
        "confidence": "Media",
        "source": "Web propia 3D Gauzak",
        "source_id": "servicios-ingenieria-impresion-3d-prototipos-maquetas-3d-gauzak--2.92398-43.25695",
        "subcategory": "venta, soporte y servicios de impresión 3D",
        "activity_type": "impresion3d_prototipos_maquetas",
        "distance_m": 1940.0,
        "walking_distance_m": 2800.0,
        "walking_time_min": 35.0,
        "address": "Calle Torre 2, 48005 Bilbao",
        "phone": "669 389 522 / 944 169 129",
        "email": "3dgauzak@gmail.com",
        "website": "https://www.3dgauzak.com/",
        "raw_tags": {
          "nombre": "3D Gauzak",
          "categoria": "servicios_ingenieria_impresion_3d_prototipos_maquetas",
          "tipo_emplazamiento": "tienda-servicio 3D",
          "subcategoria": "venta, soporte y servicios de impresión 3D",
          "direccion": "Calle Torre 2, 48005 Bilbao",
          "municipio": "Bilbao",
          "telefono": "669 389 522 / 944 169 129",
          "email": "3dgauzak@gmail.com",
          "web": "https://www.3dgauzak.com/",
          "servicios_identificados": "Venta de impresoras 3D, filamentos, componentes, accesorios, taller mecánico, cursos y servicios vinculados a impresión 3D.",
          "tecnologias_materiales_identificados": "Impresoras 3D, consumibles, taller; tecnologías no detalladas para servicio técnico",
          "relevancia_para_ingenieria_prototipos_maquetas": "media",
          "distancia_lineal_al_local_km": 1.94,
          "distancia_peatonal_estimada_min": 35,
          "origen_distancia": "centroide aproximado del polígono del local en local.kmz",
          "precision_coordenada": "aproximada_por_direccion",
          "fuente_principal": "Web propia 3D Gauzak",
          "notas_incertidumbre": "Más orientado a tienda/soporte maker que a ingeniería industrial, pero útil para prototipos sencillos y soporte local."
        },
        "commercial_name": "3D Gauzak",
        "enrichment_status": "base",
        "enrichment_updated_at": "2026-06-26",
        "photo_url": "https://www.3dgauzak.com/cache/preview/6cf9c09a5ef9866f0d306ddf2d89146f.JPG",
        "photo_source_url": "https://www.3dgauzak.com/",
        "photo_source": "Web pública"
      },
      "geometry": {
        "type": "Point",
        "coordinates": [
          -2.92398,
          43.25695
        ]
      }
    },
    {
      "type": "Feature",
      "properties": {
        "name": "IGON Servicios / Fabricación 3D",
        "category": "Impresión 3D, prototipado y maquetas",
        "category_original": "servicios_ingenieria_impresion_3d_prototipos_maquetas",
        "status": "activo",
        "confidence": "Media",
        "source": "Web propia IGON",
        "source_id": "servicios-ingenieria-impresion-3d-prototipos-maquetas-igon-servicios-fabricación-3d--2.92705-43.26275",
        "subcategory": "modelado, prototipos y piezas únicas",
        "activity_type": "impresion3d_prototipos_maquetas",
        "distance_m": 1920.0,
        "walking_distance_m": 2800.0,
        "walking_time_min": 35.0,
        "address": "Calle Ripa 7, 48001 Bilbao",
        "phone": "94 435 99 00",
        "website": "https://www.igon.com/rotulacion/impresion-3d/",
        "raw_tags": {
          "nombre": "IGON Servicios / Fabricación 3D",
          "categoria": "servicios_ingenieria_impresion_3d_prototipos_maquetas",
          "tipo_emplazamiento": "rotulación y fabricación 3D",
          "subcategoria": "modelado, prototipos y piezas únicas",
          "direccion": "Calle Ripa 7, 48001 Bilbao",
          "municipio": "Bilbao",
          "telefono": "94 435 99 00",
          "email": null,
          "web": "https://www.igon.com/rotulacion/impresion-3d/",
          "servicios_identificados": "Diseño y modelado 3D, ingeniería inversa a partir de pieza dañada/rota, fabricación de piezas únicas, prototipos y logotipos 3D.",
          "tecnologias_materiales_identificados": "Fabricación aditiva; no se detallan equipos/materiales en la página consultada",
          "relevancia_para_ingenieria_prototipos_maquetas": "media-alta",
          "distancia_lineal_al_local_km": 1.92,
          "distancia_peatonal_estimada_min": 35,
          "origen_distancia": "centroide aproximado del polígono del local en local.kmz",
          "precision_coordenada": "aproximada_por_direccion",
          "fuente_principal": "Web propia IGON",
          "notas_incertidumbre": "Existe también sede de rotulación en Barakaldo; se ha geolocalizado la delegación Bilbao indicada en contacto."
        },
        "commercial_name": "IGON Servicios / Fabricación 3D",
        "enrichment_status": "base;web",
        "enrichment_updated_at": "2026-06-26",
        "photo_url": "https://www.igon.com/wp-content/uploads/2021/04/FOTO4.jpg",
        "photo_source_url": "https://www.igon.com/rotulacion/impresion-3d/",
        "photo_source": "Web pública"
      },
      "geometry": {
        "type": "Point",
        "coordinates": [
          -2.92705,
          43.26275
        ]
      }
    },
    {
      "type": "Feature",
      "properties": {
        "name": "Fab Lab Bilbao / Espacio Open",
        "category": "Impresión 3D, prototipado y maquetas",
        "category_original": "servicios_ingenieria_impresion_3d_prototipos_maquetas",
        "status": "activo",
        "confidence": "Media",
        "source": "Espacio Open / Fabconnecther / Fablabs.io",
        "source_id": "servicios-ingenieria-impresion-3d-prototipos-maquetas-fab-lab-bilbao-espacio-open--2.95365-43.27395",
        "subcategory": "prototipado, impresión 3D y fabricación digital",
        "activity_type": "impresion3d_prototipos_maquetas",
        "distance_m": 2270.0,
        "walking_distance_m": 3280.0,
        "walking_time_min": 41.0,
        "address": "Deustuibarra 70A, Antigua Fábrica de Galletas Artiach, 48014 Bilbao",
        "phone": "944 75 12 75",
        "website": "https://espacioopen.com/fab-lab-bilbao/",
        "raw_tags": {
          "nombre": "Fab Lab Bilbao / Espacio Open",
          "categoria": "servicios_ingenieria_impresion_3d_prototipos_maquetas",
          "tipo_emplazamiento": "fablab / fabricación digital",
          "subcategoria": "prototipado, impresión 3D y fabricación digital",
          "direccion": "Deustuibarra 70A, Antigua Fábrica de Galletas Artiach, 48014 Bilbao",
          "municipio": "Bilbao",
          "telefono": "944 75 12 75",
          "email": null,
          "web": "https://espacioopen.com/fab-lab-bilbao/",
          "servicios_identificados": "Laboratorio de creación y fabricación digital con área de impresión 3D, asesoramiento y herramientas maker.",
          "tecnologias_materiales_identificados": "Prusa i3 MK2, Creality Ender 3, impresora cerámica 3D Jetclay; PLA, ABS, flexible y otros",
          "relevancia_para_ingenieria_prototipos_maquetas": "alta",
          "distancia_lineal_al_local_km": 2.27,
          "distancia_peatonal_estimada_min": 41,
          "origen_distancia": "centroide aproximado del polígono del local en local.kmz",
          "precision_coordenada": "aproximada_por_direccion",
          "fuente_principal": "Espacio Open / Fabconnecther / Fablabs.io",
          "notas_incertidumbre": "Equipamiento útil para prototipado, formación y validación temprana; no necesariamente proveedor industrial comercial."
        },
        "commercial_name": "Fab Lab Bilbao / Espacio Open",
        "enrichment_status": "base",
        "enrichment_updated_at": "2026-06-26",
        "photo_url": "https://espacioopen.com/wp-content/uploads/2025/05/servicios-fablab.jpg",
        "photo_source_url": "https://espacioopen.com/fab-lab-bilbao/",
        "photo_source": "Web pública"
      },
      "geometry": {
        "type": "Point",
        "coordinates": [
          -2.95365,
          43.27395
        ]
      }
    },
    {
      "type": "Feature",
      "properties": {
        "name": "BilbaoMakers",
        "category": "Impresión 3D, prototipado y maquetas",
        "category_original": "servicios_ingenieria_impresion_3d_prototipos_maquetas",
        "status": "activo",
        "confidence": "Media",
        "source": "Web BilbaoMakers",
        "source_id": "servicios-ingenieria-impresion-3d-prototipos-maquetas-bilbaomakers--2.913-43.24995",
        "subcategory": "comunidad maker con impresión 3D",
        "activity_type": "impresion3d_prototipos_maquetas",
        "distance_m": 2830.0,
        "walking_distance_m": 4080.0,
        "walking_time_min": 51.0,
        "address": "Av. Miraflores 10, módulo 4, 48004 Bilbao",
        "email": "contacto@bilbaomakers.org",
        "website": "https://bilbaomakers.org/category/impresion-3d/",
        "raw_tags": {
          "nombre": "BilbaoMakers",
          "categoria": "servicios_ingenieria_impresion_3d_prototipos_maquetas",
          "tipo_emplazamiento": "makerspace",
          "subcategoria": "comunidad maker con impresión 3D",
          "direccion": "Av. Miraflores 10, módulo 4, 48004 Bilbao",
          "municipio": "Bilbao",
          "telefono": null,
          "email": "contacto@bilbaomakers.org",
          "web": "https://bilbaomakers.org/category/impresion-3d/",
          "servicios_identificados": "Comunidad maker con actividades y recursos relacionados con impresión 3D, electrónica, Arduino, FreeCAD y fabricación digital.",
          "tecnologias_materiales_identificados": "Impresión 3D, electrónica, FreeCAD; equipos concretos no detallados en la fuente consultada",
          "relevancia_para_ingenieria_prototipos_maquetas": "media",
          "distancia_lineal_al_local_km": 2.83,
          "distancia_peatonal_estimada_min": 51,
          "origen_distancia": "centroide aproximado del polígono del local en local.kmz",
          "precision_coordenada": "aproximada_por_direccion",
          "fuente_principal": "Web BilbaoMakers",
          "notas_incertidumbre": "Adecuado como ecosistema maker/prototipo temprano; no se trata de un proveedor comercial industrial convencional."
        },
        "commercial_name": "BilbaoMakers",
        "enrichment_status": "base;web",
        "enrichment_updated_at": "2026-06-26"
      },
      "geometry": {
        "type": "Point",
        "coordinates": [
          -2.913,
          43.24995
        ]
      }
    },
    {
      "type": "Feature",
      "properties": {
        "name": "PROMECAD",
        "category": "Impresión 3D, prototipado y maquetas",
        "category_original": "servicios_ingenieria_impresion_3d_prototipos_maquetas",
        "status": "activo",
        "confidence": "Media",
        "source": "Web propia PROMECAD",
        "source_id": "servicios-ingenieria-impresion-3d-prototipos-maquetas-promecad--2.9692-43.3056",
        "subcategory": "diseño mecánico, escaneado 3D y prototipos",
        "activity_type": "impresion3d_prototipos_maquetas",
        "distance_m": 5990.0,
        "walking_distance_m": 8640.0,
        "walking_time_min": 108.0,
        "address": "Ctra. Bilbao-Plencia Km 31, Dpto. 108, 48950 Erandio",
        "phone": "94 406 42 83",
        "email": "info@promecad.com",
        "website": "https://www.promecad.com/",
        "raw_tags": {
          "nombre": "PROMECAD",
          "categoria": "servicios_ingenieria_impresion_3d_prototipos_maquetas",
          "tipo_emplazamiento": "oficina técnica industrial",
          "subcategoria": "diseño mecánico, escaneado 3D y prototipos",
          "direccion": "Ctra. Bilbao-Plencia Km 31, Dpto. 108, 48950 Erandio",
          "municipio": "Erandio",
          "telefono": "94 406 42 83",
          "email": "info@promecad.com",
          "web": "https://www.promecad.com/",
          "servicios_identificados": "Diseño mecánico, modelado CAD, planos de fabricación, escaneado 3D de piezas e instalaciones, rediseño y apoyo a prototipos/fabricación.",
          "tecnologias_materiales_identificados": "Escaneado 3D Creaform HandyScan Max, Trimble X7; CAD; prototipos mediante impresión 3D/mecanizado según LinkedIn",
          "relevancia_para_ingenieria_prototipos_maquetas": "alta",
          "distancia_lineal_al_local_km": 5.99,
          "distancia_peatonal_estimada_min": 108,
          "origen_distancia": "centroide aproximado del polígono del local en local.kmz",
          "precision_coordenada": "aproximada_por_direccion",
          "fuente_principal": "Web propia PROMECAD",
          "notas_incertidumbre": "Especialmente relevante para servicios de ingeniería inversa/digitalización; impresión 3D aparece vinculada a prototipos, no como actividad principal."
        },
        "commercial_name": "PROMECAD",
        "enrichment_status": "base",
        "enrichment_updated_at": "2026-06-26",
        "photo_url": "https://www.promecad.com/assets/images/og/promecad-og.jpg",
        "photo_source_url": "https://www.promecad.com/",
        "photo_source": "Web pública"
      },
      "geometry": {
        "type": "Point",
        "coordinates": [
          -2.9692,
          43.3056
        ]
      }
    },
    {
      "type": "Feature",
      "properties": {
        "name": "Addimen Bizkaia",
        "category": "Impresión 3D, prototipado y maquetas",
        "category_original": "servicios_ingenieria_impresion_3d_prototipos_maquetas",
        "status": "activo",
        "confidence": "Media",
        "source": "Web propia Addimen y fichas sectoriales",
        "source_id": "servicios-ingenieria-impresion-3d-prototipos-maquetas-addimen-bizkaia--2.8883-43.2961",
        "subcategory": "impresión 3D profesional metal y polímero",
        "activity_type": "impresion3d_prototipos_maquetas",
        "distance_m": 6700.0,
        "walking_distance_m": 9680.0,
        "walking_time_min": 121.0,
        "address": "Polígono Industrial Astikene, Errotazarre Kalea 34, 48160 Derio",
        "phone": "946 941 301",
        "website": "https://www.addimen.com/contacto/",
        "raw_tags": {
          "nombre": "Addimen Bizkaia",
          "categoria": "servicios_ingenieria_impresion_3d_prototipos_maquetas",
          "tipo_emplazamiento": "fabricación aditiva industrial",
          "subcategoria": "impresión 3D profesional metal y polímero",
          "direccion": "Polígono Industrial Astikene, Errotazarre Kalea 34, 48160 Derio",
          "municipio": "Derio",
          "telefono": "946 941 301",
          "email": null,
          "web": "https://www.addimen.com/contacto/",
          "servicios_identificados": "Fabricación aditiva profesional de piezas de alto valor añadido; prototipos, insertos de moldes, repuestos bajo demanda, utillajes e ingeniería inversa/rediseño.",
          "tecnologias_materiales_identificados": "Metal y polímero; SLM, SLS según fuentes; servicios complementarios",
          "relevancia_para_ingenieria_prototipos_maquetas": "alta",
          "distancia_lineal_al_local_km": 6.7,
          "distancia_peatonal_estimada_min": 121,
          "origen_distancia": "centroide aproximado del polígono del local en local.kmz",
          "precision_coordenada": "aproximada_por_direccion",
          "fuente_principal": "Web propia Addimen y fichas sectoriales",
          "notas_incertidumbre": "Proveedor industrial relevante; coordenada aproximada dentro del polígono/Parque Tecnológico."
        },
        "commercial_name": "Addimen Bizkaia",
        "enrichment_status": "base;web",
        "enrichment_updated_at": "2026-06-26"
      },
      "geometry": {
        "type": "Point",
        "coordinates": [
          -2.8883,
          43.2961
        ]
      }
    },
    {
      "type": "Feature",
      "properties": {
        "name": "3DZ Bilbao / 3DZ ABCISE",
        "category": "Impresión 3D, prototipado y maquetas",
        "category_original": "servicios_ingenieria_impresion_3d_prototipos_maquetas",
        "status": "activo",
        "confidence": "Media",
        "source": "3DZ y ficha mercantil",
        "source_id": "servicios-ingenieria-impresion-3d-prototipos-maquetas-3dz-bilbao-3dz-abcise--2.8729-43.2929",
        "subcategory": "equipos de impresión 3D y fabricación aditiva",
        "activity_type": "impresion3d_prototipos_maquetas",
        "distance_m": 7430.0,
        "walking_distance_m": 10720.0,
        "walking_time_min": 134.0,
        "address": "Parque Tecnológico de Bizkaia, Laga Bidea, Edificio 804, Oficina 113, 48160 Derio",
        "phone": "944 268 444",
        "website": "https://3dz.es/sucursales/",
        "raw_tags": {
          "nombre": "3DZ Bilbao / 3DZ ABCISE",
          "categoria": "servicios_ingenieria_impresion_3d_prototipos_maquetas",
          "tipo_emplazamiento": "distribuidor tecnológico AM",
          "subcategoria": "equipos de impresión 3D y fabricación aditiva",
          "direccion": "Parque Tecnológico de Bizkaia, Laga Bidea, Edificio 804, Oficina 113, 48160 Derio",
          "municipio": "Derio",
          "telefono": "944 268 444",
          "email": null,
          "web": "https://3dz.es/sucursales/",
          "servicios_identificados": "Comercialización/soporte de maquinaria y equipos de impresión 3D y fabricación aditiva; posible nodo de proveedores tecnológicos.",
          "tecnologias_materiales_identificados": "Equipos de impresión 3D; tecnologías no detalladas en la ficha de sucursal",
          "relevancia_para_ingenieria_prototipos_maquetas": "media",
          "distancia_lineal_al_local_km": 7.43,
          "distancia_peatonal_estimada_min": 134,
          "origen_distancia": "centroide aproximado del polígono del local en local.kmz",
          "precision_coordenada": "aproximada_por_edificio",
          "fuente_principal": "3DZ y ficha mercantil",
          "notas_incertidumbre": "Más relevante como proveedor de maquinaria/soluciones que como servicio directo de impresión bajo pedido."
        },
        "commercial_name": "3DZ Bilbao / 3DZ ABCISE",
        "enrichment_status": "base;web",
        "enrichment_updated_at": "2026-06-26"
      },
      "geometry": {
        "type": "Point",
        "coordinates": [
          -2.8729,
          43.2929
        ]
      }
    },
    {
      "type": "Feature",
      "properties": {
        "name": "MADIT Metal",
        "category": "Impresión 3D, prototipado y maquetas",
        "category_original": "servicios_ingenieria_impresion_3d_prototipos_maquetas",
        "status": "activo",
        "confidence": "Media",
        "source": "Web MADIT, ADDIMAT y Subcontex",
        "source_id": "servicios-ingenieria-impresion-3d-prototipos-maquetas-madit-metal--2.8711-43.29255",
        "subcategory": "diseño, SLM y postprocesado de piezas metálicas",
        "activity_type": "impresion3d_prototipos_maquetas",
        "distance_m": 7530.0,
        "walking_distance_m": 10800.0,
        "walking_time_min": 135.0,
        "address": "Polígono Industrial Torrelarragoiti 5A-2 / Ugaldeguren III, Zamudio, 48170 Bizkaia",
        "phone": "94 401 97 70 / 688 698 598",
        "website": "https://maditmetal.com/contacto/",
        "raw_tags": {
          "nombre": "MADIT Metal",
          "categoria": "servicios_ingenieria_impresion_3d_prototipos_maquetas",
          "tipo_emplazamiento": "fabricación aditiva industrial metálica",
          "subcategoria": "diseño, SLM y postprocesado de piezas metálicas",
          "direccion": "Polígono Industrial Torrelarragoiti 5A-2 / Ugaldeguren III, Zamudio, 48170 Bizkaia",
          "municipio": "Zamudio",
          "telefono": "94 401 97 70 / 688 698 598",
          "email": null,
          "web": "https://maditmetal.com/contacto/",
          "servicios_identificados": "Diseño y fabricación mediante impresión 3D metálica; prototipos y series cortas-medias; postprocesos para pieza final.",
          "tecnologias_materiales_identificados": "SLM; aluminio, acero inoxidable, acero duro, titanio; tratamiento térmico, mecanizado, soldadura y pulido",
          "relevancia_para_ingenieria_prototipos_maquetas": "alta",
          "distancia_lineal_al_local_km": 7.53,
          "distancia_peatonal_estimada_min": 135,
          "origen_distancia": "centroide aproximado del polígono del local en local.kmz",
          "precision_coordenada": "aproximada_por_poligono",
          "fuente_principal": "Web MADIT, ADDIMAT y Subcontex",
          "notas_incertidumbre": "Las fuentes consultadas muestran dos formulaciones de dirección en Zamudio; se conserva la nota de incertidumbre."
        },
        "commercial_name": "MADIT Metal",
        "enrichment_status": "base;web",
        "enrichment_updated_at": "2026-06-26"
      },
      "geometry": {
        "type": "Point",
        "coordinates": [
          -2.8711,
          43.29255
        ]
      }
    },
    {
      "type": "Feature",
      "properties": {
        "name": "BIC Bizkaia / BEAZ - aula de fabricación aditiva",
        "category": "Impresión 3D, prototipado y maquetas",
        "category_original": "servicios_ingenieria_impresion_3d_prototipos_maquetas",
        "status": "activo",
        "confidence": "Media",
        "source": "BEAZ / contratación Euskadi / BIC Bizkaia",
        "source_id": "servicios-ingenieria-impresion-3d-prototipos-maquetas-bic-bizkaia-beaz-aula-de-fabricación-aditiva--2.8722-43.2943",
        "subcategory": "aula 3D printing y taller de fabricación avanzada",
        "activity_type": "impresion3d_prototipos_maquetas",
        "distance_m": 7570.0,
        "walking_distance_m": 10880.0,
        "walking_time_min": 136.0,
        "address": "Parque Científico y Tecnológico de Bizkaia, 48160 Derio",
        "phone": "944 395 622",
        "website": "https://beaz.bizkaia.eus/creacion/espacios/espacios-incubacion/bic-bizkaia/",
        "raw_tags": {
          "nombre": "BIC Bizkaia / BEAZ - aula de fabricación aditiva",
          "categoria": "servicios_ingenieria_impresion_3d_prototipos_maquetas",
          "tipo_emplazamiento": "incubadora / equipamiento público-empresarial",
          "subcategoria": "aula 3D printing y taller de fabricación avanzada",
          "direccion": "Parque Científico y Tecnológico de Bizkaia, 48160 Derio",
          "municipio": "Derio",
          "telefono": "944 395 622",
          "email": null,
          "web": "https://beaz.bizkaia.eus/creacion/espacios/espacios-incubacion/bic-bizkaia/",
          "servicios_identificados": "Incubadora especializada en manufactura avanzada; licitaciones públicas identifican aula de fabricación aditiva 3D printing y taller de fabricación/manufactura avanzada gestionados por BEAZ en BIC Bizkaia.",
          "tecnologias_materiales_identificados": "Aula de fabricación aditiva / 3D printing; taller de manufactura avanzada",
          "relevancia_para_ingenieria_prototipos_maquetas": "media-alta",
          "distancia_lineal_al_local_km": 7.57,
          "distancia_peatonal_estimada_min": 136,
          "origen_distancia": "centroide aproximado del polígono del local en local.kmz",
          "precision_coordenada": "aproximada_por_recinto",
          "fuente_principal": "BEAZ / contratación Euskadi / BIC Bizkaia",
          "notas_incertidumbre": "No es un proveedor comercial ordinario; útil para ecosistema emprendedor, prototipado y contactos de fabricación avanzada."
        },
        "commercial_name": "BIC Bizkaia / BEAZ - aula de fabricación aditiva",
        "enrichment_status": "base;web",
        "enrichment_updated_at": "2026-06-26"
      },
      "geometry": {
        "type": "Point",
        "coordinates": [
          -2.8722,
          43.2943
        ]
      }
    },
    {
      "type": "Feature",
      "properties": {
        "name": "INDUSTRI S.L.",
        "category": "Impresión 3D, prototipado y maquetas",
        "category_original": "servicios_ingenieria_impresion_3d_prototipos_maquetas",
        "status": "activo",
        "confidence": "Media",
        "source": "Web propia Industri S.L.",
        "source_id": "servicios-ingenieria-impresion-3d-prototipos-maquetas-industri-s-l--2.8607-43.3506",
        "subcategory": "impresión 3D industrial y series cortas",
        "activity_type": "impresion3d_prototipos_maquetas",
        "distance_m": 12830.0,
        "address": "Aritz Bidea 87, 48100 Mungia",
        "website": "https://www.industri-sl.com/impresion-3d/",
        "raw_tags": {
          "nombre": "INDUSTRI S.L.",
          "categoria": "servicios_ingenieria_impresion_3d_prototipos_maquetas",
          "tipo_emplazamiento": "fabricación industrial a medida",
          "subcategoria": "impresión 3D industrial y series cortas",
          "direccion": "Aritz Bidea 87, 48100 Mungia",
          "municipio": "Mungia",
          "telefono": null,
          "email": null,
          "web": "https://www.industri-sl.com/impresion-3d/",
          "servicios_identificados": "Servicio integral desde diseño hasta producción de prototipos funcionales, piezas a medida y series pequeñas/medianas.",
          "tecnologias_materiales_identificados": "Impresión 3D industrial; prototipos funcionales; piezas a color y de precisión según web",
          "relevancia_para_ingenieria_prototipos_maquetas": "alta",
          "distancia_lineal_al_local_km": 12.83,
          "distancia_peatonal_estimada_min": null,
          "origen_distancia": "centroide aproximado del polígono del local en local.kmz",
          "precision_coordenada": "aproximada_por_direccion",
          "fuente_principal": "Web propia Industri S.L.",
          "notas_incertidumbre": "Proveedor industrial con enfoque de fabricación a medida."
        },
        "commercial_name": "INDUSTRI S.L.",
        "enrichment_status": "base",
        "enrichment_updated_at": "2026-06-26",
        "photo_url": "https://www.industri-sl.com/wp-content/uploads/imagen-fabricacion-precision.jpg",
        "photo_source_url": "https://www.industri-sl.com/impresion-3d/",
        "photo_source": "Web pública"
      },
      "geometry": {
        "type": "Point",
        "coordinates": [
          -2.8607,
          43.3506
        ]
      }
    },
    {
      "type": "Feature",
      "properties": {
        "name": "Optimus 3D",
        "category": "Impresión 3D, prototipado y maquetas",
        "category_original": "servicios_ingenieria_impresion_3d_prototipos_maquetas",
        "status": "activo",
        "confidence": "Media",
        "source": "Web Optimus 3D / BIC Araba / LinkedIn",
        "source_id": "servicios-ingenieria-impresion-3d-prototipos-maquetas-optimus-3d--2.6359-42.8535",
        "subcategory": "ingeniería y fabricación aditiva",
        "activity_type": "impresion3d_prototipos_maquetas",
        "distance_m": 51230.0,
        "address": "Leonardo da Vinci 9, 01510 Vitoria-Gasteiz, Álava",
        "website": "https://optimus3d.es/",
        "raw_tags": {
          "nombre": "Optimus 3D",
          "categoria": "servicios_ingenieria_impresion_3d_prototipos_maquetas",
          "tipo_emplazamiento": "fabricación aditiva avanzada",
          "subcategoria": "ingeniería y fabricación aditiva",
          "direccion": "Leonardo da Vinci 9, 01510 Vitoria-Gasteiz, Álava",
          "municipio": "Vitoria-Gasteiz",
          "telefono": null,
          "email": null,
          "web": "https://optimus3d.es/",
          "servicios_identificados": "Soluciones integrales de ingeniería y fabricación aditiva; prototipos, primera pieza, utillajes, diseño paramétrico/topológico y series.",
          "tecnologias_materiales_identificados": "SLM, SLS, MJF, SLA, PolyJet, FDM/FFF según LinkedIn; certificaciones ISO indicadas en perfil público",
          "relevancia_para_ingenieria_prototipos_maquetas": "alta",
          "distancia_lineal_al_local_km": 51.23,
          "distancia_peatonal_estimada_min": null,
          "origen_distancia": "centroide aproximado del polígono del local en local.kmz",
          "precision_coordenada": "aproximada_por_direccion",
          "fuente_principal": "Web Optimus 3D / BIC Araba / LinkedIn",
          "notas_incertidumbre": "Incluido como referencia de Euskadi por especialización industrial, aunque está fuera de Bizkaia y una ficha mercantil indica situación societaria en liquidación; conviene verificar estado operativo antes de contacto."
        },
        "commercial_name": "Optimus 3D",
        "enrichment_status": "base;web",
        "enrichment_updated_at": "2026-06-26"
      },
      "geometry": {
        "type": "Point",
        "coordinates": [
          -2.6359,
          42.8535
        ]
      }
    },
    {
      "type": "Feature",
      "properties": {
        "name": "Panis 95",
        "category": "Impresión 3D, prototipado y maquetas",
        "category_original": "servicios_ingenieria_impresion_3d_prototipos_maquetas",
        "status": "activo",
        "confidence": "Media",
        "source": "Web Panis 95",
        "source_id": "servicios-ingenieria-impresion-3d-prototipos-maquetas-panis-95--3.0615-43.1799",
        "subcategory": "impresión 3D en Bizkaia",
        "activity_type": "impresion3d_prototipos_maquetas",
        "distance_m": 12380.0,
        "address": "Gordexola, Bizkaia",
        "website": "https://panis95.es/impresion-3d-en-bizkaia/",
        "raw_tags": {
          "nombre": "Panis 95",
          "categoria": "servicios_ingenieria_impresion_3d_prototipos_maquetas",
          "tipo_emplazamiento": "servicio impresión 3D bajo plano",
          "subcategoria": "impresión 3D en Bizkaia",
          "direccion": "Gordexola, Bizkaia",
          "municipio": "Gordexola",
          "telefono": null,
          "email": null,
          "web": "https://panis95.es/impresion-3d-en-bizkaia/",
          "servicios_identificados": "Impresión 3D bajo plano/diseño STL; servicio integral para piezas impresas en 3D.",
          "tecnologias_materiales_identificados": "Formato STL; materiales según proyecto; tecnologías no detalladas",
          "relevancia_para_ingenieria_prototipos_maquetas": "media",
          "distancia_lineal_al_local_km": 12.38,
          "distancia_peatonal_estimada_min": null,
          "origen_distancia": "centroide aproximado del polígono del local en local.kmz",
          "precision_coordenada": "baja_municipio_aproximado",
          "fuente_principal": "Web Panis 95",
          "notas_incertidumbre": "La fuente indica fábrica en Gordexola pero no se ha confirmado dirección postal exacta en la búsqueda rápida."
        },
        "commercial_name": "Panis 95",
        "enrichment_status": "base",
        "enrichment_updated_at": "2026-06-26",
        "photo_url": "https://panis95.es/wp-content/uploads/2018/02/PANIS-peq.jpg",
        "photo_source_url": "https://panis95.es/impresion-3d-en-bizkaia/",
        "photo_source": "Web pública"
      },
      "geometry": {
        "type": "Point",
        "coordinates": [
          -3.0615,
          43.1799
        ]
      }
    },
    {
      "type": "Feature",
      "properties": {
        "name": "Rebobina3D",
        "category": "Impresión 3D, prototipado y maquetas",
        "category_original": "servicios_ingenieria_impresion_3d_prototipos_maquetas",
        "status": "activo",
        "confidence": "Media",
        "source": "Web propia Rebobina3D",
        "source_id": "servicios-ingenieria-impresion-3d-prototipos-maquetas-rebobina3d--2.9023-43.17985",
        "subcategory": "fabricación aditiva de piezas a medida",
        "activity_type": "impresion3d_prototipos_maquetas",
        "distance_m": 9030.0,
        "address": "Torre de Ugao Nº5, planta baja, 48490 Ugao-Miraballes",
        "email": "info@rebobina3d.com",
        "website": "https://rebobina3d.com/",
        "raw_tags": {
          "nombre": "Rebobina3D",
          "categoria": "servicios_ingenieria_impresion_3d_prototipos_maquetas",
          "tipo_emplazamiento": "servicio comercial/industrial ligero",
          "subcategoria": "fabricación aditiva de piezas a medida",
          "direccion": "Torre de Ugao Nº5, planta baja, 48490 Ugao-Miraballes",
          "municipio": "Ugao-Miraballes",
          "telefono": null,
          "email": "info@rebobina3d.com",
          "web": "https://rebobina3d.com/",
          "servicios_identificados": "Fabricación de recambios industriales, tapas, utillajes, soportes, topes, distanciadores, posicionadores, carcasas y prototipos.",
          "tecnologias_materiales_identificados": "Impresión 3D; amplia gama de materiales no especificada en detalle",
          "relevancia_para_ingenieria_prototipos_maquetas": "alta",
          "distancia_lineal_al_local_km": 9.03,
          "distancia_peatonal_estimada_min": null,
          "origen_distancia": "centroide aproximado del polígono del local en local.kmz",
          "precision_coordenada": "aproximada_por_direccion",
          "fuente_principal": "Web propia Rebobina3D",
          "notas_incertidumbre": "Servicio orientado a piezas funcionales y recambios; fuera del entorno peatonal de Bilbao."
        },
        "commercial_name": "Rebobina3D",
        "enrichment_status": "base;web",
        "enrichment_updated_at": "2026-06-26"
      },
      "geometry": {
        "type": "Point",
        "coordinates": [
          -2.9023,
          43.17985
        ]
      }
    },
    {
      "type": "Feature",
      "properties": {
        "name": "Sistemodel",
        "category": "Impresión 3D, prototipado y maquetas",
        "category_original": "servicios_ingenieria_impresion_3d_prototipos_maquetas",
        "status": "activo",
        "confidence": "Media",
        "source": "Web propia Sistemodel y Euskadi.eus",
        "source_id": "servicios-ingenieria-impresion-3d-prototipos-maquetas-sistemodel--2.9468-43.3743",
        "subcategory": "prototipado rápido, modelos y piezas a escala",
        "activity_type": "impresion3d_prototipos_maquetas",
        "distance_m": 13370.0,
        "address": "Polígono Igeltzera, Pabellón D7, 48610 Urduliz",
        "phone": "946 401 229",
        "email": "contacto@sistemodel.com",
        "website": "https://www.sistemodel.com/contacto/",
        "raw_tags": {
          "nombre": "Sistemodel",
          "categoria": "servicios_ingenieria_impresion_3d_prototipos_maquetas",
          "tipo_emplazamiento": "ingeniería de modelos",
          "subcategoria": "prototipado rápido, modelos y piezas a escala",
          "direccion": "Polígono Igeltzera, Pabellón D7, 48610 Urduliz",
          "municipio": "Urduliz",
          "telefono": "946 401 229",
          "email": "contacto@sistemodel.com",
          "web": "https://www.sistemodel.com/contacto/",
          "servicios_identificados": "Diseño y fabricación de modelos; prototipado rápido a escala mediante impresión 3D; fabricación de modelos y cajas de machos mediante CAD-CAM.",
          "tecnologias_materiales_identificados": "Impresión 3D, CAD-CAM; fabricación de modelos",
          "relevancia_para_ingenieria_prototipos_maquetas": "alta",
          "distancia_lineal_al_local_km": 13.37,
          "distancia_peatonal_estimada_min": null,
          "origen_distancia": "centroide aproximado del polígono del local en local.kmz",
          "precision_coordenada": "aproximada_por_poligono",
          "fuente_principal": "Web propia Sistemodel y Euskadi.eus",
          "notas_incertidumbre": "Proveedor de prototipos/modelos más industrial que de impresión 3D generalista."
        },
        "commercial_name": "Sistemodel",
        "enrichment_status": "base",
        "enrichment_updated_at": "2026-06-26",
        "photo_url": "http://test.sistemodel.com/wp-content/uploads/2018/07/email-sistemodel.png",
        "photo_source_url": "https://www.sistemodel.com/contacto/",
        "photo_source": "Web pública"
      },
      "geometry": {
        "type": "Point",
        "coordinates": [
          -2.9468,
          43.3743
        ]
      }
    },
    {
      "type": "Feature",
      "properties": {
        "name": "Citypaq Correos - BM Supermercados Ciudadela",
        "category": "Logística urbana y paquetería",
        "category_original": "Paquetería y reparto",
        "status": "activo",
        "confidence": "Media",
        "verification": "media",
        "source": "Correos Citypaq / BM Supermercados",
        "source_id": "PAQ_001",
        "subcategory": "Taquilla Citypaq",
        "activity_type": "paqueteria_reparto_urbano",
        "distance_m": 64.0,
        "walking_distance_m": 68.0,
        "walking_time_min": 1.0,
        "walking_distance_method": "osm_pedestrian_network_dijkstra; snap_local=17.0m; snap_target=23.3m",
        "walking_time_method": "walking_distance_m / 80 m/min, redondeado a minutos",
        "address": "C/ Ciudadela, s/n, 48002 Bilbao",
        "source_url": "https://online.citypaq.es/pages/busquedaCityPaqs.xhtml ; https://www.bmsupermercados.es/tienda-14800.htm",
        "notes": "Citypaq identificado en BM Supermercados Ciudadela; coordenada estimada por dirección del supermercado.",
        "coordinate_precision": "estimada_direccion",
        "raw_tags": {
          "id": "PAQ_001",
          "categoria_actividad": "paqueteria_reparto_urbano",
          "categoria_detalle": "locker / taquilla Citypaq",
          "nombre": "Citypaq Correos - BM Supermercados Ciudadela",
          "nombre_descriptivo_actividad": "Citypaq Correos - BM Supermercados Ciudadela - locker / taquilla Citypaq",
          "red_servicio": "Correos, Citypaq",
          "direccion": "C/ Ciudadela, s/n, 48002 Bilbao",
          "lon": -2.9469,
          "lat": 43.2537,
          "distancia_geodesica_m": 64,
          "distancia_a_pie_m": 80,
          "tiempo_a_pie_min": 1,
          "tiempo_a_pie_min_redondeado": 2,
          "metodo_distancia_a_pie": "estimacion_urbana_distancia_geodesica_x_1_28",
          "metodo_tiempo_a_pie": "distancia_a_pie_m / 80 m_min; velocidad 4,8 km_h",
          "precision_coord": "estimada_direccion",
          "verificacion": "media",
          "fuente_principal": "Correos Citypaq / BM Supermercados",
          "source_url": "https://online.citypaq.es/pages/busquedaCityPaqs.xhtml ; https://www.bmsupermercados.es/tienda-14800.htm",
          "notas": "Citypaq identificado en BM Supermercados Ciudadela; coordenada estimada por dirección del supermercado.",
          "category_original": "Paquetería y reparto",
          "category_standard": "Logística urbana y paquetería",
          "category_original_raw": "paquetería/reparto"
        },
        "commercial_name": "Citypaq Correos - BM Supermercados Ciudadela",
        "enrichment_status": "base",
        "enrichment_updated_at": "2026-06-26"
      },
      "geometry": {
        "type": "Point",
        "coordinates": [
          -2.9469,
          43.2537
        ]
      }
    },
    {
      "type": "Feature",
      "properties": {
        "name": "MRW Bilbao - Pablo Alzola",
        "category": "Logística urbana y paquetería",
        "category_original": "Paquetería y reparto",
        "status": "activo",
        "confidence": "Alta",
        "verification": "alta",
        "source": "Cylex / MRW localizador",
        "source_id": "PAQ_004",
        "subcategory": "oficina / agencia de mensajería urgente",
        "activity_type": "paqueteria_reparto_urbano",
        "distance_m": 203.0,
        "walking_distance_m": 295.0,
        "walking_time_min": 4.0,
        "walking_distance_method": "osm_pedestrian_network_dijkstra; snap_local=17.0m; snap_target=25.1m",
        "walking_time_method": "walking_distance_m / 80 m/min, redondeado a minutos",
        "address": "Calle Pablo Alzola, 22, 48012 Bilbao",
        "source_url": "https://www.cylex.es/bilbao/mrw-bilbao-11225184.html",
        "notes": "Oficina de MRW con servicios de paquetería/mensajería.",
        "coordinate_precision": "exacta_directorio",
        "raw_tags": {
          "id": "PAQ_004",
          "categoria_actividad": "paqueteria_reparto_urbano",
          "categoria_detalle": "oficina / agencia de mensajería urgente",
          "nombre": "MRW Bilbao - Pablo Alzola",
          "nombre_descriptivo_actividad": "MRW Bilbao - Pablo Alzola - oficina / agencia de mensajería urgente",
          "red_servicio": "MRW",
          "direccion": "Calle Pablo Alzola, 22, 48012 Bilbao",
          "lon": -2.9459871,
          "lat": 43.2554688,
          "distancia_geodesica_m": 203,
          "distancia_a_pie_m": 260,
          "tiempo_a_pie_min": 3.2,
          "tiempo_a_pie_min_redondeado": 4,
          "metodo_distancia_a_pie": "estimacion_urbana_distancia_geodesica_x_1_28",
          "metodo_tiempo_a_pie": "distancia_a_pie_m / 80 m_min; velocidad 4,8 km_h",
          "precision_coord": "exacta_directorio",
          "verificacion": "alta",
          "fuente_principal": "Cylex / MRW localizador",
          "source_url": "https://www.cylex.es/bilbao/mrw-bilbao-11225184.html",
          "notas": "Oficina de MRW con servicios de paquetería/mensajería.",
          "category_original": "Paquetería y reparto",
          "category_standard": "Logística urbana y paquetería",
          "category_original_raw": "paquetería/reparto"
        },
        "commercial_name": "MRW Bilbao - Pablo Alzola",
        "enrichment_status": "base",
        "enrichment_updated_at": "2026-06-26"
      },
      "geometry": {
        "type": "Point",
        "coordinates": [
          -2.9459871,
          43.2554688
        ]
      }
    },
    {
      "type": "Feature",
      "properties": {
        "name": "Mezulariak S.L.",
        "category": "Logística urbana y paquetería",
        "category_original": "Paquetería y reparto",
        "status": "activo",
        "confidence": "Alta",
        "verification": "alta",
        "source": "Páginas Amarillas",
        "source_id": "PAQ_005",
        "subcategory": "empresa local de mensajería",
        "activity_type": "paqueteria_reparto_urbano",
        "distance_m": 341.0,
        "walking_distance_m": 475.0,
        "walking_time_min": 6.0,
        "walking_distance_method": "osm_pedestrian_network_dijkstra; snap_local=17.0m; snap_target=27.9m",
        "walking_time_method": "walking_distance_m / 80 m/min, redondeado a minutos",
        "address": "Pintores Zubiaurre, 2 LJ, 48012 Bilbao",
        "source_url": "https://www.paginasamarillas.es/f/bilbao/mezulariak_021649082_000000001.html",
        "notes": "Mensajería local; ficha con coordenadas publicadas.",
        "coordinate_precision": "exacta_directorio",
        "raw_tags": {
          "id": "PAQ_005",
          "categoria_actividad": "paqueteria_reparto_urbano",
          "categoria_detalle": "empresa local de mensajería",
          "nombre": "Mezulariak S.L.",
          "nombre_descriptivo_actividad": "Mezulariak S.L. - empresa local de mensajería",
          "red_servicio": "Mensajería local",
          "direccion": "Pintores Zubiaurre, 2 LJ, 48012 Bilbao",
          "lon": -2.9451869,
          "lat": 43.256588,
          "distancia_geodesica_m": 341,
          "distancia_a_pie_m": 435,
          "tiempo_a_pie_min": 5.5,
          "tiempo_a_pie_min_redondeado": 6,
          "metodo_distancia_a_pie": "estimacion_urbana_distancia_geodesica_x_1_28",
          "metodo_tiempo_a_pie": "distancia_a_pie_m / 80 m_min; velocidad 4,8 km_h",
          "precision_coord": "exacta_directorio",
          "verificacion": "alta",
          "fuente_principal": "Páginas Amarillas",
          "source_url": "https://www.paginasamarillas.es/f/bilbao/mezulariak_021649082_000000001.html",
          "notas": "Mensajería local; ficha con coordenadas publicadas.",
          "category_original": "Paquetería y reparto",
          "category_standard": "Logística urbana y paquetería",
          "category_original_raw": "paquetería/reparto"
        },
        "commercial_name": "Mezulariak S.L.",
        "enrichment_status": "base",
        "enrichment_updated_at": "2026-06-26"
      },
      "geometry": {
        "type": "Point",
        "coordinates": [
          -2.9451869,
          43.256588
        ]
      }
    },
    {
      "type": "Feature",
      "properties": {
        "name": "Mezulariak Femex",
        "category": "Logística urbana y paquetería",
        "category_original": "Paquetería y reparto",
        "status": "activo",
        "confidence": "Media",
        "verification": "media",
        "source": "Cylex",
        "source_id": "PAQ_006",
        "subcategory": "empresa local de mensajería",
        "activity_type": "paqueteria_reparto_urbano",
        "distance_m": 362.0,
        "walking_distance_m": 504.0,
        "walking_time_min": 6.0,
        "walking_distance_method": "osm_pedestrian_network_dijkstra; snap_local=17.0m; snap_target=24.4m",
        "walking_time_method": "walking_distance_m / 80 m/min, redondeado a minutos",
        "address": "Calle Zubiaurre Margolarien / Pintores Zubiaurre, 2, 48012 Bilbao",
        "source_url": "https://www.cylex.es/bilbao/basurtu-zorrotza/mensajer%C3%ADa.html",
        "notes": "Ficha de servicio de mensajería; puede solaparse con Mezulariak S.L. en la misma dirección.",
        "coordinate_precision": "exacta_directorio",
        "raw_tags": {
          "id": "PAQ_006",
          "categoria_actividad": "paqueteria_reparto_urbano",
          "categoria_detalle": "empresa local de mensajería",
          "nombre": "Mezulariak Femex",
          "nombre_descriptivo_actividad": "Mezulariak Femex - empresa local de mensajería",
          "red_servicio": "Mensajería local",
          "direccion": "Calle Zubiaurre Margolarien / Pintores Zubiaurre, 2, 48012 Bilbao",
          "lon": -2.94492,
          "lat": 43.25668,
          "distancia_geodesica_m": 362,
          "distancia_a_pie_m": 465,
          "tiempo_a_pie_min": 5.8,
          "tiempo_a_pie_min_redondeado": 6,
          "metodo_distancia_a_pie": "estimacion_urbana_distancia_geodesica_x_1_28",
          "metodo_tiempo_a_pie": "distancia_a_pie_m / 80 m_min; velocidad 4,8 km_h",
          "precision_coord": "exacta_directorio",
          "verificacion": "media",
          "fuente_principal": "Cylex",
          "source_url": "https://www.cylex.es/bilbao/basurtu-zorrotza/mensajer%C3%ADa.html",
          "notas": "Ficha de servicio de mensajería; puede solaparse con Mezulariak S.L. en la misma dirección.",
          "category_original": "Paquetería y reparto",
          "category_standard": "Logística urbana y paquetería",
          "category_original_raw": "paquetería/reparto"
        },
        "commercial_name": "Mezulariak Femex",
        "enrichment_status": "base",
        "enrichment_updated_at": "2026-06-26"
      },
      "geometry": {
        "type": "Point",
        "coordinates": [
          -2.94492,
          43.25668
        ]
      }
    },
    {
      "type": "Feature",
      "properties": {
        "name": "Punto Pack InPost - Gordóniz 97",
        "category": "Logística urbana y paquetería",
        "category_original": "Paquetería y reparto",
        "status": "activo",
        "confidence": "Alta",
        "verification": "alta",
        "source": "Páginas Amarillas",
        "source_id": "PAQ_002",
        "subcategory": "punto de recogida y envío en comercio",
        "activity_type": "paqueteria_reparto_urbano",
        "distance_m": 454.0,
        "walking_distance_m": 544.0,
        "walking_time_min": 7.0,
        "walking_distance_method": "osm_pedestrian_network_dijkstra; snap_local=17.0m; snap_target=12.2m",
        "walking_time_method": "walking_distance_m / 80 m/min, redondeado a minutos",
        "address": "Gordóniz Kalea, 97, 48002 Bilbao",
        "source_url": "https://www.paginasamarillas.es/f/bilbao/punto-pack-inpost_235595311_000000001.html",
        "notes": "Ficha de Punto Pack InPost con coordenadas publicadas.",
        "coordinate_precision": "exacta_directorio",
        "raw_tags": {
          "id": "PAQ_002",
          "categoria_actividad": "paqueteria_reparto_urbano",
          "categoria_detalle": "punto de recogida y envío en comercio",
          "nombre": "Punto Pack InPost - Gordóniz 97",
          "nombre_descriptivo_actividad": "Punto Pack InPost - Gordóniz 97 - punto de recogida y envío en comercio",
          "red_servicio": "InPost, Punto Pack",
          "direccion": "Gordóniz Kalea, 97, 48002 Bilbao",
          "lon": -2.9466814,
          "lat": 43.2500007,
          "distancia_geodesica_m": 454,
          "distancia_a_pie_m": 580,
          "tiempo_a_pie_min": 7.3,
          "tiempo_a_pie_min_redondeado": 8,
          "metodo_distancia_a_pie": "estimacion_urbana_distancia_geodesica_x_1_28",
          "metodo_tiempo_a_pie": "distancia_a_pie_m / 80 m_min; velocidad 4,8 km_h",
          "precision_coord": "exacta_directorio",
          "verificacion": "alta",
          "fuente_principal": "Páginas Amarillas",
          "source_url": "https://www.paginasamarillas.es/f/bilbao/punto-pack-inpost_235595311_000000001.html",
          "notas": "Ficha de Punto Pack InPost con coordenadas publicadas.",
          "category_original": "Paquetería y reparto",
          "category_standard": "Logística urbana y paquetería",
          "category_original_raw": "paquetería/reparto"
        },
        "commercial_name": "Punto Pack InPost - Gordóniz 97",
        "enrichment_status": "base",
        "enrichment_updated_at": "2026-06-26"
      },
      "geometry": {
        "type": "Point",
        "coordinates": [
          -2.9466814,
          43.2500007
        ]
      }
    },
    {
      "type": "Feature",
      "properties": {
        "name": "Oficina de Correos",
        "category": "Logística urbana y paquetería",
        "category_original": "Oficina de correos",
        "status": "activo",
        "confidence": "Alta",
        "source": "OpenStreetMap / Overpass",
        "source_id": "4255917353",
        "walking_distance_m": 582.0,
        "walking_time_min": 7.0,
        "walking_distance_method": "osm_pedestrian_network_dijkstra; snap_local=17.0m; snap_target=10.7m",
        "walking_time_method": "walking_distance_m / 80 m/min, redondeado a minutos",
        "raw_tags": {
          "amenity": "post_office",
          "brand": "Oficina de Correos",
          "brand:wikidata": "Q776605",
          "brand:wikipedia": "es:Correos (España)",
          "name": "Oficina de Correos",
          "name:es": "Oficina de Correos",
          "operator": "Correos",
          "operator:wikidata": "Q776605",
          "operator:wikipedia": "es:Correos (España)",
          "website": "https://www.correos.es",
          "category_original": "Oficina de correos",
          "category_standard": "Logística urbana y paquetería",
          "category_original_raw": "post_office"
        },
        "commercial_name": "Oficina de Correos",
        "website": "https://www.correos.es/",
        "enrichment_status": "base;osm:0.86;web",
        "enrichment_updated_at": "2026-06-26"
      },
      "geometry": {
        "type": "Point",
        "coordinates": [
          -2.944235,
          43.2567833
        ]
      }
    },
    {
      "type": "Feature",
      "properties": {
        "name": "Amazon Counter - Sabino Arana 57",
        "category": "Logística urbana y paquetería",
        "category_original": "Paquetería y reparto",
        "status": "activo",
        "confidence": "Media",
        "verification": "media",
        "source": "CouriersList",
        "source_id": "PAQ_015",
        "subcategory": "Punto de recogida Amazon",
        "activity_type": "paqueteria_reparto_urbano",
        "distance_m": 481.0,
        "walking_distance_m": 603.0,
        "walking_time_min": 8.0,
        "walking_distance_method": "osm_pedestrian_network_dijkstra; snap_local=17.0m; snap_target=6.2m",
        "walking_time_method": "walking_distance_m / 80 m/min, redondeado a minutos",
        "address": "Sabino Arana Etorbidea, 57, 48013 Bilbao",
        "source_url": "https://www.courierslist.com/category/spain/bilbo/mailing-service?pid=1",
        "notes": "Punto Amazon Counter cercano al eje Sabino Arana.",
        "coordinate_precision": "exacta_directorio",
        "raw_tags": {
          "id": "PAQ_015",
          "categoria_actividad": "paqueteria_reparto_urbano",
          "categoria_detalle": "counter / punto de recogida Amazon",
          "nombre": "Amazon Counter - Sabino Arana 57",
          "nombre_descriptivo_actividad": "Amazon Counter - Sabino Arana 57 - counter / punto de recogida Amazon",
          "red_servicio": "Amazon Counter",
          "direccion": "Sabino Arana Etorbidea, 57, 48013 Bilbao",
          "lon": -2.9476846,
          "lat": 43.2583621,
          "distancia_geodesica_m": 481,
          "distancia_a_pie_m": 615,
          "tiempo_a_pie_min": 7.7,
          "tiempo_a_pie_min_redondeado": 8,
          "metodo_distancia_a_pie": "estimacion_urbana_distancia_geodesica_x_1_28",
          "metodo_tiempo_a_pie": "distancia_a_pie_m / 80 m_min; velocidad 4,8 km_h",
          "precision_coord": "exacta_directorio",
          "verificacion": "media",
          "fuente_principal": "CouriersList",
          "source_url": "https://www.courierslist.com/category/spain/bilbo/mailing-service?pid=1",
          "notas": "Punto Amazon Counter cercano al eje Sabino Arana.",
          "category_original": "Paquetería y reparto",
          "category_standard": "Logística urbana y paquetería",
          "category_original_raw": "paquetería/reparto"
        },
        "commercial_name": "Amazon Counter - Sabino Arana 57",
        "enrichment_status": "base",
        "enrichment_updated_at": "2026-06-26"
      },
      "geometry": {
        "type": "Point",
        "coordinates": [
          -2.9476846,
          43.2583621
        ]
      }
    },
    {
      "type": "Feature",
      "properties": {
        "name": "Tus Recados Agur",
        "category": "Logística urbana y paquetería",
        "category_original": "Paquetería y reparto",
        "status": "activo",
        "confidence": "Media",
        "verification": "media",
        "source": "Cylex / Deia Empresas",
        "source_id": "PAQ_009",
        "subcategory": "mensajería / recadería / courier urbano",
        "activity_type": "paqueteria_reparto_urbano",
        "distance_m": 542.0,
        "walking_distance_m": 718.0,
        "walking_time_min": 9.0,
        "walking_distance_method": "osm_pedestrian_network_dijkstra; snap_local=17.0m; snap_target=19.0m",
        "walking_time_method": "walking_distance_m / 80 m/min, redondeado a minutos",
        "address": "Autonomía Kalea, 50, 48012 Bilbao",
        "source_url": "https://empresas.deia.eus/p/tus-recados-agur-bilbao-7334659/",
        "notes": "Servicio local de mensajería, recadería y transporte urbano.",
        "coordinate_precision": "exacta_directorio",
        "raw_tags": {
          "id": "PAQ_009",
          "categoria_actividad": "paqueteria_reparto_urbano",
          "categoria_detalle": "mensajería / recadería / courier urbano",
          "nombre": "Tus Recados Agur",
          "nombre_descriptivo_actividad": "Tus Recados Agur - mensajería / recadería / courier urbano",
          "red_servicio": "Courier local",
          "direccion": "Autonomía Kalea, 50, 48012 Bilbao",
          "lon": -2.9432036,
          "lat": 43.2577541,
          "distancia_geodesica_m": 542,
          "distancia_a_pie_m": 695,
          "tiempo_a_pie_min": 8.7,
          "tiempo_a_pie_min_redondeado": 9,
          "metodo_distancia_a_pie": "estimacion_urbana_distancia_geodesica_x_1_28",
          "metodo_tiempo_a_pie": "distancia_a_pie_m / 80 m_min; velocidad 4,8 km_h",
          "precision_coord": "exacta_directorio",
          "verificacion": "media",
          "fuente_principal": "Cylex / Deia Empresas",
          "source_url": "https://empresas.deia.eus/p/tus-recados-agur-bilbao-7334659/",
          "notas": "Servicio local de mensajería, recadería y transporte urbano.",
          "category_original": "Paquetería y reparto",
          "category_standard": "Logística urbana y paquetería",
          "category_original_raw": "paquetería/reparto"
        },
        "commercial_name": "Tus Recados Agur",
        "enrichment_status": "base",
        "enrichment_updated_at": "2026-06-26"
      },
      "geometry": {
        "type": "Point",
        "coordinates": [
          -2.9432036,
          43.2577541
        ]
      }
    },
    {
      "type": "Feature",
      "properties": {
        "name": "Amazon Hub Counter - Estanco de la Casilla",
        "category": "Logística urbana y paquetería",
        "category_original": "Paquetería y reparto",
        "status": "activo",
        "confidence": "Alta",
        "verification": "alta",
        "source": "Cylex",
        "source_id": "PAQ_003",
        "subcategory": "counter / punto de recogida",
        "activity_type": "paqueteria_reparto_urbano",
        "distance_m": 502.0,
        "walking_distance_m": 728.0,
        "walking_time_min": 9.0,
        "walking_distance_method": "osm_pedestrian_network_dijkstra; snap_local=17.0m; snap_target=27.8m",
        "walking_time_method": "walking_distance_m / 80 m/min, redondeado a minutos",
        "address": "Etxetxua Plaza 9, 48012 Bilbao",
        "source_url": "https://www.cylex.es/bilbao/amazon-hub-counter---estanco-de-la-casilla-14188847.html",
        "notes": "Punto Amazon Hub Counter publicado en directorio local.",
        "coordinate_precision": "exacta_directorio",
        "raw_tags": {
          "id": "PAQ_003",
          "categoria_actividad": "paqueteria_reparto_urbano",
          "categoria_detalle": "counter / punto de recogida",
          "nombre": "Amazon Hub Counter - Estanco de la Casilla",
          "nombre_descriptivo_actividad": "Amazon Hub Counter - Estanco de la Casilla - counter / punto de recogida",
          "red_servicio": "Amazon Hub, Amazon Counter",
          "direccion": "Etxetxua Plaza 9, 48012 Bilbao",
          "lon": -2.943362,
          "lat": 43.2573782,
          "distancia_geodesica_m": 502,
          "distancia_a_pie_m": 645,
          "tiempo_a_pie_min": 8,
          "tiempo_a_pie_min_redondeado": 9,
          "metodo_distancia_a_pie": "estimacion_urbana_distancia_geodesica_x_1_28",
          "metodo_tiempo_a_pie": "distancia_a_pie_m / 80 m_min; velocidad 4,8 km_h",
          "precision_coord": "exacta_directorio",
          "verificacion": "alta",
          "fuente_principal": "Cylex",
          "source_url": "https://www.cylex.es/bilbao/amazon-hub-counter---estanco-de-la-casilla-14188847.html",
          "notas": "Punto Amazon Hub Counter publicado en directorio local.",
          "category_original": "Paquetería y reparto",
          "category_standard": "Logística urbana y paquetería",
          "category_original_raw": "paquetería/reparto"
        },
        "commercial_name": "Amazon Hub Counter - Estanco de la Casilla",
        "enrichment_status": "base",
        "enrichment_updated_at": "2026-06-26"
      },
      "geometry": {
        "type": "Point",
        "coordinates": [
          -2.943362,
          43.2573782
        ]
      }
    },
    {
      "type": "Feature",
      "properties": {
        "name": "Mensajería AESE",
        "category": "Logística urbana y paquetería",
        "category_original": "Paquetería y reparto",
        "status": "activo",
        "confidence": "Media",
        "verification": "media",
        "source": "Páginas Amarillas / Cylex",
        "source_id": "PAQ_019",
        "subcategory": "empresa local de mensajería y transporte",
        "activity_type": "paqueteria_reparto_urbano",
        "distance_m": 597.0,
        "walking_distance_m": 792.0,
        "walking_time_min": 10.0,
        "walking_distance_method": "osm_pedestrian_network_dijkstra; snap_local=17.0m; snap_target=28.3m",
        "walking_time_method": "walking_distance_m / 80 m/min, redondeado a minutos",
        "address": "Bizkargi Kalea, 15 lonja, 48002 Bilbao",
        "source_url": "https://www.paginasamarillas.es/a/repartos/vizcaya/bilbao/ ; https://www.cylex.es/bilbao/buzoneo-4.html",
        "notes": "Mensajería local en distrito de Errekalde.",
        "coordinate_precision": "exacta_directorio",
        "raw_tags": {
          "id": "PAQ_019",
          "categoria_actividad": "paqueteria_reparto_urbano",
          "categoria_detalle": "empresa local de mensajería y transporte",
          "nombre": "Mensajería AESE",
          "nombre_descriptivo_actividad": "Mensajería AESE - empresa local de mensajería y transporte",
          "red_servicio": "Mensajería local",
          "direccion": "Bizkargi Kalea, 15 lonja, 48002 Bilbao",
          "lon": -2.9452628,
          "lat": 43.2489339,
          "distancia_geodesica_m": 597,
          "distancia_a_pie_m": 765,
          "tiempo_a_pie_min": 9.5,
          "tiempo_a_pie_min_redondeado": 10,
          "metodo_distancia_a_pie": "estimacion_urbana_distancia_geodesica_x_1_28",
          "metodo_tiempo_a_pie": "distancia_a_pie_m / 80 m_min; velocidad 4,8 km_h",
          "precision_coord": "exacta_directorio",
          "verificacion": "media",
          "fuente_principal": "Páginas Amarillas / Cylex",
          "source_url": "https://www.paginasamarillas.es/a/repartos/vizcaya/bilbao/ ; https://www.cylex.es/bilbao/buzoneo-4.html",
          "notas": "Mensajería local en distrito de Errekalde.",
          "category_original": "Paquetería y reparto",
          "category_standard": "Logística urbana y paquetería",
          "category_original_raw": "paquetería/reparto"
        },
        "commercial_name": "Mensajería AESE",
        "enrichment_status": "base",
        "enrichment_updated_at": "2026-06-26"
      },
      "geometry": {
        "type": "Point",
        "coordinates": [
          -2.9452628,
          43.2489339
        ]
      }
    },
    {
      "type": "Feature",
      "properties": {
        "name": "The Good Riders / GFL Contact Center",
        "category": "Logística urbana y paquetería",
        "category_original": "Paquetería y reparto",
        "status": "activo",
        "confidence": "Media",
        "verification": "media",
        "source": "Cylex",
        "source_id": "PAQ_010",
        "subcategory": "mensajería / logística urbana",
        "activity_type": "paqueteria_reparto_urbano",
        "distance_m": 668.0,
        "walking_distance_m": 820.0,
        "walking_time_min": 10.0,
        "walking_distance_method": "osm_pedestrian_network_dijkstra; snap_local=17.0m; snap_target=46.6m",
        "walking_time_method": "walking_distance_m / 80 m/min, redondeado a minutos",
        "address": "Pérez Galdós, 22, 48010 Bilbao",
        "source_url": "https://www.cylex.es/bilbao/abando/servicios%2Bde%2Bmensajer%C3%ADa.html",
        "notes": "Servicio listado como mensajería/logística; revisar estado operativo antes de uso comercial.",
        "coordinate_precision": "exacta_directorio",
        "raw_tags": {
          "id": "PAQ_010",
          "categoria_actividad": "paqueteria_reparto_urbano",
          "categoria_detalle": "mensajería / logística urbana",
          "nombre": "The Good Riders / GFL Contact Center",
          "nombre_descriptivo_actividad": "The Good Riders / GFL Contact Center - mensajería / logística urbana",
          "red_servicio": "Mensajería local",
          "direccion": "Pérez Galdós, 22, 48010 Bilbao",
          "lon": -2.9443698,
          "lat": 43.2595893,
          "distancia_geodesica_m": 668,
          "distancia_a_pie_m": 855,
          "tiempo_a_pie_min": 10.7,
          "tiempo_a_pie_min_redondeado": 11,
          "metodo_distancia_a_pie": "estimacion_urbana_distancia_geodesica_x_1_28",
          "metodo_tiempo_a_pie": "distancia_a_pie_m / 80 m_min; velocidad 4,8 km_h",
          "precision_coord": "exacta_directorio",
          "verificacion": "media",
          "fuente_principal": "Cylex",
          "source_url": "https://www.cylex.es/bilbao/abando/servicios%2Bde%2Bmensajer%C3%ADa.html",
          "notas": "Servicio listado como mensajería/logística; revisar estado operativo antes de uso comercial.",
          "category_original": "Paquetería y reparto",
          "category_standard": "Logística urbana y paquetería",
          "category_original_raw": "paquetería/reparto"
        },
        "commercial_name": "The Good Riders / GFL Contact Center",
        "enrichment_status": "base",
        "enrichment_updated_at": "2026-06-26"
      },
      "geometry": {
        "type": "Point",
        "coordinates": [
          -2.9443698,
          43.2595893
        ]
      }
    },
    {
      "type": "Feature",
      "properties": {
        "name": "SEUR Pickup Locker - María Díaz de Haro 40",
        "category": "Logística urbana y paquetería",
        "category_original": "Paquetería y reparto",
        "status": "activo",
        "confidence": "Media",
        "verification": "media",
        "source": "CouriersList",
        "source_id": "PAQ_014",
        "subcategory": "Punto SEUR Pickup",
        "activity_type": "paqueteria_reparto_urbano",
        "distance_m": 735.0,
        "walking_distance_m": 858.0,
        "walking_time_min": 11.0,
        "walking_distance_method": "osm_pedestrian_network_dijkstra; snap_local=17.0m; snap_target=14.3m",
        "walking_time_method": "walking_distance_m / 80 m/min, redondeado a minutos",
        "address": "María Díaz de Haro Kalea, 40, 48010 Bilbao",
        "source_url": "https://www.courierslist.com/category/spain/bilbo/mailing-service?pid=1",
        "notes": "Locker SEUR Pickup en el entorno de Indautxu/Abando.",
        "coordinate_precision": "exacta_directorio",
        "raw_tags": {
          "id": "PAQ_014",
          "categoria_actividad": "paqueteria_reparto_urbano",
          "categoria_detalle": "locker / punto SEUR Pickup",
          "nombre": "SEUR Pickup Locker - María Díaz de Haro 40",
          "nombre_descriptivo_actividad": "SEUR Pickup Locker - María Díaz de Haro 40 - locker / punto SEUR Pickup",
          "red_servicio": "SEUR Pickup, SEUR Locker",
          "direccion": "María Díaz de Haro Kalea, 40, 48010 Bilbao",
          "lon": -2.9449802,
          "lat": 43.2603838,
          "distancia_geodesica_m": 735,
          "distancia_a_pie_m": 940,
          "tiempo_a_pie_min": 11.8,
          "tiempo_a_pie_min_redondeado": 12,
          "metodo_distancia_a_pie": "estimacion_urbana_distancia_geodesica_x_1_28",
          "metodo_tiempo_a_pie": "distancia_a_pie_m / 80 m_min; velocidad 4,8 km_h",
          "precision_coord": "exacta_directorio",
          "verificacion": "media",
          "fuente_principal": "CouriersList",
          "source_url": "https://www.courierslist.com/category/spain/bilbo/mailing-service?pid=1",
          "notas": "Locker SEUR Pickup en el entorno de Indautxu/Abando.",
          "category_original": "Paquetería y reparto",
          "category_standard": "Logística urbana y paquetería",
          "category_original_raw": "paquetería/reparto"
        },
        "commercial_name": "SEUR Pickup Locker - María Díaz de Haro 40",
        "enrichment_status": "base",
        "enrichment_updated_at": "2026-06-26"
      },
      "geometry": {
        "type": "Point",
        "coordinates": [
          -2.9449802,
          43.2603838
        ]
      }
    },
    {
      "type": "Feature",
      "properties": {
        "name": "DHL ServicePoint - PC Box Doctor Areilza",
        "category": "Logística urbana y paquetería",
        "category_original": "Paquetería y reparto",
        "status": "activo",
        "confidence": "Media",
        "verification": "media",
        "source": "Cylex",
        "source_id": "PAQ_011",
        "subcategory": "Punto de servicio DHL",
        "activity_type": "paqueteria_reparto_urbano",
        "distance_m": 697.0,
        "walking_distance_m": 862.0,
        "walking_time_min": 11.0,
        "walking_distance_method": "osm_pedestrian_network_dijkstra; snap_local=17.0m; snap_target=27.7m",
        "walking_time_method": "walking_distance_m / 80 m/min, redondeado a minutos",
        "address": "Calle Doctor Areilza, 40, 48010 Bilbao",
        "source_url": "https://www.cylex.es/bilbao/ametzola/paqueter%C3%ADa%2Burgente.html",
        "notes": "Punto de servicio DHL en comercio asociado; cercano al límite norte del radio.",
        "coordinate_precision": "exacta_directorio",
        "raw_tags": {
          "id": "PAQ_011",
          "categoria_actividad": "paqueteria_reparto_urbano",
          "categoria_detalle": "service point / punto de servicio DHL",
          "nombre": "DHL ServicePoint - PC Box Doctor Areilza",
          "nombre_descriptivo_actividad": "DHL ServicePoint - PC Box Doctor Areilza - service point / punto de servicio DHL",
          "red_servicio": "DHL",
          "direccion": "Calle Doctor Areilza, 40, 48010 Bilbao",
          "lon": -2.9433999,
          "lat": 43.2595351,
          "distancia_geodesica_m": 697,
          "distancia_a_pie_m": 890,
          "tiempo_a_pie_min": 11.2,
          "tiempo_a_pie_min_redondeado": 12,
          "metodo_distancia_a_pie": "estimacion_urbana_distancia_geodesica_x_1_28",
          "metodo_tiempo_a_pie": "distancia_a_pie_m / 80 m_min; velocidad 4,8 km_h",
          "precision_coord": "exacta_directorio",
          "verificacion": "media",
          "fuente_principal": "Cylex",
          "source_url": "https://www.cylex.es/bilbao/ametzola/paqueter%C3%ADa%2Burgente.html",
          "notas": "Punto de servicio DHL en comercio asociado; cercano al límite norte del radio.",
          "category_original": "Paquetería y reparto",
          "category_standard": "Logística urbana y paquetería",
          "category_original_raw": "paquetería/reparto"
        },
        "commercial_name": "DHL ServicePoint - PC Box Doctor Areilza",
        "enrichment_status": "base",
        "enrichment_updated_at": "2026-06-26"
      },
      "geometry": {
        "type": "Point",
        "coordinates": [
          -2.9433999,
          43.2595351
        ]
      }
    },
    {
      "type": "Feature",
      "properties": {
        "name": "DHL Express Service Point - Locutorio UNO",
        "category": "Logística urbana y paquetería",
        "category_original": "Paquetería y reparto",
        "status": "activo",
        "confidence": "Alta",
        "verification": "alta",
        "source": "Cylex / DHL",
        "source_id": "PAQ_007",
        "subcategory": "Punto de servicio DHL",
        "activity_type": "paqueteria_reparto_urbano",
        "distance_m": 795.0,
        "walking_distance_m": 1002.0,
        "walking_time_min": 13.0,
        "walking_distance_method": "osm_pedestrian_network_dijkstra; snap_local=17.0m; snap_target=13.5m",
        "walking_time_method": "walking_distance_m / 80 m/min, redondeado a minutos",
        "address": "Iparraguirre Kalea, 69, 48012 Bilbao",
        "source_url": "https://www.cylex.es/bilbao/dhl.html",
        "notes": "Punto de venta/servicio DHL Express en comercio asociado.",
        "coordinate_precision": "exacta_directorio",
        "raw_tags": {
          "id": "PAQ_007",
          "categoria_actividad": "paqueteria_reparto_urbano",
          "categoria_detalle": "service point / punto de servicio DHL",
          "nombre": "DHL Express Service Point - Locutorio UNO",
          "nombre_descriptivo_actividad": "DHL Express Service Point - Locutorio UNO - service point / punto de servicio DHL",
          "red_servicio": "DHL Express",
          "direccion": "Iparraguirre Kalea, 69, 48012 Bilbao",
          "lon": -2.938783,
          "lat": 43.257266,
          "distancia_geodesica_m": 795,
          "distancia_a_pie_m": 1015,
          "tiempo_a_pie_min": 12.7,
          "tiempo_a_pie_min_redondeado": 13,
          "metodo_distancia_a_pie": "estimacion_urbana_distancia_geodesica_x_1_28",
          "metodo_tiempo_a_pie": "distancia_a_pie_m / 80 m_min; velocidad 4,8 km_h",
          "precision_coord": "exacta_directorio",
          "verificacion": "alta",
          "fuente_principal": "Cylex / DHL",
          "source_url": "https://www.cylex.es/bilbao/dhl.html",
          "notas": "Punto de venta/servicio DHL Express en comercio asociado.",
          "category_original": "Paquetería y reparto",
          "category_standard": "Logística urbana y paquetería",
          "category_original_raw": "paquetería/reparto"
        },
        "commercial_name": "DHL Express Service Point - Locutorio UNO",
        "enrichment_status": "base",
        "enrichment_updated_at": "2026-06-26"
      },
      "geometry": {
        "type": "Point",
        "coordinates": [
          -2.938783,
          43.257266
        ]
      }
    },
    {
      "type": "Feature",
      "properties": {
        "name": "UPS Access Point - María Díaz de Haro 20",
        "category": "Logística urbana y paquetería",
        "category_original": "Paquetería y reparto",
        "status": "activo",
        "confidence": "Media",
        "verification": "media",
        "source": "CouriersList",
        "source_id": "PAQ_018",
        "subcategory": "Punto de recogida UPS",
        "activity_type": "paqueteria_reparto_urbano",
        "distance_m": 978.0,
        "walking_distance_m": 1128.0,
        "walking_time_min": 14.0,
        "walking_distance_method": "osm_pedestrian_network_dijkstra; snap_local=17.0m; snap_target=27.2m",
        "walking_time_method": "walking_distance_m / 80 m/min, redondeado a minutos",
        "address": "María Díaz de Haro Kalea, 20, 48013 Bilbao",
        "source_url": "https://www.courierslist.com/category/spain/bilbo/mailing-service?pid=1",
        "notes": "Punto UPS Access Point cercano al límite norte del radio de 1 km.",
        "coordinate_precision": "exacta_directorio",
        "raw_tags": {
          "id": "PAQ_018",
          "categoria_actividad": "paqueteria_reparto_urbano",
          "categoria_detalle": "access point / punto de recogida UPS",
          "nombre": "UPS Access Point - María Díaz de Haro 20",
          "nombre_descriptivo_actividad": "UPS Access Point - María Díaz de Haro 20 - access point / punto de recogida UPS",
          "red_servicio": "UPS Access Point",
          "direccion": "María Díaz de Haro Kalea, 20, 48013 Bilbao",
          "lon": -2.9441088,
          "lat": 43.2624698,
          "distancia_geodesica_m": 978,
          "distancia_a_pie_m": 1250,
          "tiempo_a_pie_min": 15.6,
          "tiempo_a_pie_min_redondeado": 16,
          "metodo_distancia_a_pie": "estimacion_urbana_distancia_geodesica_x_1_28",
          "metodo_tiempo_a_pie": "distancia_a_pie_m / 80 m_min; velocidad 4,8 km_h",
          "precision_coord": "exacta_directorio",
          "verificacion": "media",
          "fuente_principal": "CouriersList",
          "source_url": "https://www.courierslist.com/category/spain/bilbo/mailing-service?pid=1",
          "notas": "Punto UPS Access Point cercano al límite norte del radio de 1 km.",
          "category_original": "Paquetería y reparto",
          "category_standard": "Logística urbana y paquetería",
          "category_original_raw": "paquetería/reparto"
        },
        "commercial_name": "UPS Access Point - María Díaz de Haro 20",
        "enrichment_status": "base",
        "enrichment_updated_at": "2026-06-26"
      },
      "geometry": {
        "type": "Point",
        "coordinates": [
          -2.9441088,
          43.2624698
        ]
      }
    },
    {
      "type": "Feature",
      "properties": {
        "name": "Liberty Express Euskadi Navarra y La Rioja",
        "category": "Logística urbana y paquetería",
        "category_original": "Paquetería y reparto",
        "status": "activo",
        "confidence": "Media",
        "verification": "media",
        "source": "Cylex",
        "source_id": "PAQ_008",
        "subcategory": "Mensajería internacional y paquetería",
        "activity_type": "paqueteria_reparto_urbano",
        "distance_m": 951.0,
        "walking_distance_m": 1148.0,
        "walking_time_min": 14.0,
        "walking_distance_method": "osm_pedestrian_network_dijkstra; snap_local=17.0m; snap_target=20.7m",
        "walking_time_method": "walking_distance_m / 80 m/min, redondeado a minutos",
        "address": "Calle General Concha, 41, 48012 Bilbao",
        "source_url": "https://www.cylex.es/bilbao/ametzola/paqueter%C3%ADa%2Burgente.html",
        "notes": "Courier especializado con oficina/punto de atención cercano.",
        "coordinate_precision": "exacta_directorio",
        "raw_tags": {
          "id": "PAQ_008",
          "categoria_actividad": "paqueteria_reparto_urbano",
          "categoria_detalle": "courier internacional / paquetería",
          "nombre": "Liberty Express Euskadi Navarra y La Rioja",
          "nombre_descriptivo_actividad": "Liberty Express Euskadi Navarra y La Rioja - courier internacional / paquetería",
          "red_servicio": "Liberty Express",
          "direccion": "Calle General Concha, 41, 48012 Bilbao",
          "lon": -2.9362026,
          "lat": 43.2562914,
          "distancia_geodesica_m": 951,
          "distancia_a_pie_m": 1220,
          "tiempo_a_pie_min": 15.2,
          "tiempo_a_pie_min_redondeado": 16,
          "metodo_distancia_a_pie": "estimacion_urbana_distancia_geodesica_x_1_28",
          "metodo_tiempo_a_pie": "distancia_a_pie_m / 80 m_min; velocidad 4,8 km_h",
          "precision_coord": "exacta_directorio",
          "verificacion": "media",
          "fuente_principal": "Cylex",
          "source_url": "https://www.cylex.es/bilbao/ametzola/paqueter%C3%ADa%2Burgente.html",
          "notas": "Courier especializado con oficina/punto de atención cercano.",
          "category_original": "Paquetería y reparto",
          "category_standard": "Logística urbana y paquetería",
          "category_original_raw": "paquetería/reparto"
        },
        "commercial_name": "Liberty Express Euskadi Navarra y La Rioja",
        "enrichment_status": "base",
        "enrichment_updated_at": "2026-06-26"
      },
      "geometry": {
        "type": "Point",
        "coordinates": [
          -2.9362026,
          43.2562914
        ]
      }
    },
    {
      "type": "Feature",
      "properties": {
        "name": "UPS Access Point - General Concha 50",
        "category": "Logística urbana y paquetería",
        "category_original": "Paquetería y reparto",
        "status": "activo",
        "confidence": "Media",
        "verification": "media",
        "source": "CouriersList",
        "source_id": "PAQ_013",
        "subcategory": "Punto de recogida UPS",
        "activity_type": "paqueteria_reparto_urbano",
        "distance_m": 957.0,
        "walking_distance_m": 1152.0,
        "walking_time_min": 14.0,
        "walking_distance_method": "osm_pedestrian_network_dijkstra; snap_local=17.0m; snap_target=29.6m",
        "walking_time_method": "walking_distance_m / 80 m/min, redondeado a minutos",
        "address": "Calle General Concha, 50 bajo, 48012 Bilbao",
        "source_url": "https://www.courierslist.com/category/spain/bilbo/mailing-service?pid=1",
        "notes": "Punto UPS Access Point identificado en directorio de servicios de paquetería.",
        "coordinate_precision": "exacta_directorio",
        "raw_tags": {
          "id": "PAQ_013",
          "categoria_actividad": "paqueteria_reparto_urbano",
          "categoria_detalle": "access point / punto de recogida UPS",
          "nombre": "UPS Access Point - General Concha 50",
          "nombre_descriptivo_actividad": "UPS Access Point - General Concha 50 - access point / punto de recogida UPS",
          "red_servicio": "UPS Access Point",
          "direccion": "Calle General Concha, 50 bajo, 48012 Bilbao",
          "lon": -2.9361623,
          "lat": 43.2563738,
          "distancia_geodesica_m": 957,
          "distancia_a_pie_m": 1225,
          "tiempo_a_pie_min": 15.3,
          "tiempo_a_pie_min_redondeado": 16,
          "metodo_distancia_a_pie": "estimacion_urbana_distancia_geodesica_x_1_28",
          "metodo_tiempo_a_pie": "distancia_a_pie_m / 80 m_min; velocidad 4,8 km_h",
          "precision_coord": "exacta_directorio",
          "verificacion": "media",
          "fuente_principal": "CouriersList",
          "source_url": "https://www.courierslist.com/category/spain/bilbo/mailing-service?pid=1",
          "notas": "Punto UPS Access Point identificado en directorio de servicios de paquetería.",
          "category_original": "Paquetería y reparto",
          "category_standard": "Logística urbana y paquetería",
          "category_original_raw": "paquetería/reparto"
        },
        "commercial_name": "UPS Access Point - General Concha 50",
        "enrichment_status": "base",
        "enrichment_updated_at": "2026-06-26"
      },
      "geometry": {
        "type": "Point",
        "coordinates": [
          -2.9361623,
          43.2563738
        ]
      }
    },
    {
      "type": "Feature",
      "properties": {
        "name": "Rapid Bilbao",
        "category": "Logística urbana y paquetería",
        "category_original": "Paquetería y reparto",
        "status": "activo",
        "confidence": "Media",
        "verification": "media",
        "source": "Cylex / Páginas Amarillas",
        "source_id": "PAQ_020",
        "subcategory": "mensajería express / transporte de paquetes",
        "activity_type": "paqueteria_reparto_urbano",
        "distance_m": 813.0,
        "walking_distance_m": 1157.0,
        "walking_time_min": 14.0,
        "walking_distance_method": "osm_pedestrian_network_dijkstra; snap_local=17.0m; snap_target=8.8m",
        "walking_time_method": "walking_distance_m / 80 m/min, redondeado a minutos",
        "address": "Tellagorri Kalea, 3, 48012 Bilbao",
        "source_url": "https://www.cylex.es/bilbao/log%C3%ADstica-de-distribuci%C3%B3n/ ; https://www.paginasamarillas.es/a/repartos/vizcaya/bilbao/",
        "notes": "Mensajería express; coordenada estimada por dirección.",
        "coordinate_precision": "estimada_direccion",
        "raw_tags": {
          "id": "PAQ_020",
          "categoria_actividad": "paqueteria_reparto_urbano",
          "categoria_detalle": "mensajería express / transporte de paquetes",
          "nombre": "Rapid Bilbao",
          "nombre_descriptivo_actividad": "Rapid Bilbao - mensajería express / transporte de paquetes",
          "red_servicio": "Mensajería local",
          "direccion": "Tellagorri Kalea, 3, 48012 Bilbao",
          "lon": -2.9375,
          "lat": 43.2542,
          "distancia_geodesica_m": 813,
          "distancia_a_pie_m": 1040,
          "tiempo_a_pie_min": 13,
          "tiempo_a_pie_min_redondeado": 14,
          "metodo_distancia_a_pie": "estimacion_urbana_distancia_geodesica_x_1_28",
          "metodo_tiempo_a_pie": "distancia_a_pie_m / 80 m_min; velocidad 4,8 km_h",
          "precision_coord": "estimada_direccion",
          "verificacion": "media",
          "fuente_principal": "Cylex / Páginas Amarillas",
          "source_url": "https://www.cylex.es/bilbao/log%C3%ADstica-de-distribuci%C3%B3n/ ; https://www.paginasamarillas.es/a/repartos/vizcaya/bilbao/",
          "notas": "Mensajería express; coordenada estimada por dirección.",
          "category_original": "Paquetería y reparto",
          "category_standard": "Logística urbana y paquetería",
          "category_original_raw": "paquetería/reparto"
        },
        "commercial_name": "Rapid Bilbao",
        "enrichment_status": "base",
        "enrichment_updated_at": "2026-06-26"
      },
      "geometry": {
        "type": "Point",
        "coordinates": [
          -2.9375,
          43.2542
        ]
      }
    },
    {
      "type": "Feature",
      "properties": {
        "name": "Inter Relom S.L.",
        "category": "Logística urbana y paquetería",
        "category_original": "Paquetería y reparto",
        "status": "activo",
        "confidence": "Media",
        "verification": "media",
        "source": "Cylex / OficinaPaqueteria",
        "source_id": "PAQ_012",
        "subcategory": "mensajería / logística de distribución",
        "activity_type": "paqueteria_reparto_urbano",
        "distance_m": 950.0,
        "walking_distance_m": 1171.0,
        "walking_time_min": 15.0,
        "walking_distance_method": "osm_pedestrian_network_dijkstra; snap_local=17.0m; snap_target=28.6m",
        "walking_time_method": "walking_distance_m / 80 m/min, redondeado a minutos",
        "address": "Alameda de Recalde, 64, 48010 Bilbao",
        "source_url": "https://www.oficinapaqueteria.com/vizcaya",
        "notes": "Empresa listada como mensajería/logística; conviene confirmar si funciona como punto público de paquetería.",
        "coordinate_precision": "exacta_directorio",
        "raw_tags": {
          "id": "PAQ_012",
          "categoria_actividad": "paqueteria_reparto_urbano",
          "categoria_detalle": "mensajería / logística de distribución",
          "nombre": "Inter Relom S.L.",
          "nombre_descriptivo_actividad": "Inter Relom S.L. - mensajería / logística de distribución",
          "red_servicio": "Mensajería local",
          "direccion": "Alameda de Recalde, 64, 48010 Bilbao",
          "lon": -2.937006,
          "lat": 43.257804,
          "distancia_geodesica_m": 950,
          "distancia_a_pie_m": 1215,
          "tiempo_a_pie_min": 15.2,
          "tiempo_a_pie_min_redondeado": 16,
          "metodo_distancia_a_pie": "estimacion_urbana_distancia_geodesica_x_1_28",
          "metodo_tiempo_a_pie": "distancia_a_pie_m / 80 m_min; velocidad 4,8 km_h",
          "precision_coord": "exacta_directorio",
          "verificacion": "media",
          "fuente_principal": "Cylex / OficinaPaqueteria",
          "source_url": "https://www.oficinapaqueteria.com/vizcaya",
          "notas": "Empresa listada como mensajería/logística; conviene confirmar si funciona como punto público de paquetería.",
          "category_original": "Paquetería y reparto",
          "category_standard": "Logística urbana y paquetería",
          "category_original_raw": "paquetería/reparto"
        },
        "commercial_name": "Inter Relom S.L.",
        "enrichment_status": "base",
        "enrichment_updated_at": "2026-06-26"
      },
      "geometry": {
        "type": "Point",
        "coordinates": [
          -2.937006,
          43.257804
        ]
      }
    },
    {
      "type": "Feature",
      "properties": {
        "name": "Amazon Counter - Plaza Indautxu 1",
        "category": "Logística urbana y paquetería",
        "category_original": "Paquetería y reparto",
        "status": "activo",
        "confidence": "Media",
        "verification": "media",
        "source": "CouriersList",
        "source_id": "PAQ_017",
        "subcategory": "Punto de recogida Amazon",
        "activity_type": "paqueteria_reparto_urbano",
        "distance_m": 967.0,
        "walking_distance_m": 1190.0,
        "walking_time_min": 15.0,
        "walking_distance_method": "osm_pedestrian_network_dijkstra; snap_local=17.0m; snap_target=14.3m",
        "walking_time_method": "walking_distance_m / 80 m/min, redondeado a minutos",
        "address": "Indautxu Plaza, 1, 48011 Bilbao",
        "source_url": "https://www.courierslist.com/category/spain/bilbo/mailing-service?pid=1",
        "notes": "Punto Amazon Counter próximo al límite de 1 km.",
        "coordinate_precision": "exacta_directorio",
        "raw_tags": {
          "id": "PAQ_017",
          "categoria_actividad": "paqueteria_reparto_urbano",
          "categoria_detalle": "counter / punto de recogida Amazon",
          "nombre": "Amazon Counter - Plaza Indautxu 1",
          "nombre_descriptivo_actividad": "Amazon Counter - Plaza Indautxu 1 - counter / punto de recogida Amazon",
          "red_servicio": "Amazon Counter",
          "direccion": "Indautxu Plaza, 1, 48011 Bilbao",
          "lon": -2.93975,
          "lat": 43.26063,
          "distancia_geodesica_m": 967,
          "distancia_a_pie_m": 1235,
          "tiempo_a_pie_min": 15.5,
          "tiempo_a_pie_min_redondeado": 16,
          "metodo_distancia_a_pie": "estimacion_urbana_distancia_geodesica_x_1_28",
          "metodo_tiempo_a_pie": "distancia_a_pie_m / 80 m_min; velocidad 4,8 km_h",
          "precision_coord": "exacta_directorio",
          "verificacion": "media",
          "fuente_principal": "CouriersList",
          "source_url": "https://www.courierslist.com/category/spain/bilbo/mailing-service?pid=1",
          "notas": "Punto Amazon Counter próximo al límite de 1 km.",
          "category_original": "Paquetería y reparto",
          "category_standard": "Logística urbana y paquetería",
          "category_original_raw": "paquetería/reparto"
        },
        "commercial_name": "11-INDAUTXU",
        "enrichment_status": "base;osm:0.81;web_error:URLError",
        "enrichment_updated_at": "2026-06-26",
        "website": "https://www.bilbao.eus/cs/Satellite?c=Page&cid=1279184058835&language=es&pageid=1279184058835&pagename=Bilbaonet%2FPage%2FBIO_contenidoFinal"
      },
      "geometry": {
        "type": "Point",
        "coordinates": [
          -2.93975,
          43.26063
        ]
      }
    },
    {
      "type": "Feature",
      "properties": {
        "name": "Amazon Counter - Calle General Concha 35",
        "category": "Logística urbana y paquetería",
        "category_original": "Paquetería y reparto",
        "status": "activo",
        "confidence": "Media",
        "verification": "media",
        "source": "CouriersList",
        "source_id": "PAQ_016",
        "subcategory": "Punto de recogida Amazon",
        "activity_type": "paqueteria_reparto_urbano",
        "distance_m": 975.0,
        "walking_distance_m": 1288.0,
        "walking_time_min": 16.0,
        "walking_distance_method": "osm_pedestrian_network_dijkstra; snap_local=17.0m; snap_target=62.9m",
        "walking_time_method": "walking_distance_m / 80 m/min, redondeado a minutos",
        "address": "Calle General Concha, 35, 48012 Bilbao",
        "source_url": "https://www.courierslist.com/category/spain/bilbo/mailing-service?pid=1",
        "notes": "Punto Amazon Counter al borde oriental del radio de 1 km.",
        "coordinate_precision": "exacta_directorio",
        "raw_tags": {
          "id": "PAQ_016",
          "categoria_actividad": "paqueteria_reparto_urbano",
          "categoria_detalle": "counter / punto de recogida Amazon",
          "nombre": "Amazon Counter - Calle General Concha 35",
          "nombre_descriptivo_actividad": "Amazon Counter - Calle General Concha 35 - counter / punto de recogida Amazon",
          "red_servicio": "Amazon Counter",
          "direccion": "Calle General Concha, 35, 48012 Bilbao",
          "lon": -2.936073,
          "lat": 43.256718,
          "distancia_geodesica_m": 975,
          "distancia_a_pie_m": 1250,
          "tiempo_a_pie_min": 15.6,
          "tiempo_a_pie_min_redondeado": 16,
          "metodo_distancia_a_pie": "estimacion_urbana_distancia_geodesica_x_1_28",
          "metodo_tiempo_a_pie": "distancia_a_pie_m / 80 m_min; velocidad 4,8 km_h",
          "precision_coord": "exacta_directorio",
          "verificacion": "media",
          "fuente_principal": "CouriersList",
          "source_url": "https://www.courierslist.com/category/spain/bilbo/mailing-service?pid=1",
          "notas": "Punto Amazon Counter al borde oriental del radio de 1 km.",
          "category_original": "Paquetería y reparto",
          "category_standard": "Logística urbana y paquetería",
          "category_original_raw": "paquetería/reparto"
        },
        "commercial_name": "Amazon Counter - Calle General Concha 35",
        "enrichment_status": "base",
        "enrichment_updated_at": "2026-06-26"
      },
      "geometry": {
        "type": "Point",
        "coordinates": [
          -2.936073,
          43.256718
        ]
      }
    },
    {
      "type": "Feature",
      "properties": {
        "name": "06-ERREKALDE",
        "category": "Movilidad",
        "category_original": "Alquiler de bicicletas",
        "status": "activo",
        "confidence": "Alta",
        "source": "OpenStreetMap / Overpass",
        "source_id": "3785372924",
        "walking_distance_m": 312.0,
        "walking_time_min": 4.0,
        "walking_distance_method": "osm_pedestrian_network_dijkstra; snap_local=17.0m; snap_target=7.1m",
        "walking_time_method": "walking_distance_m / 80 m/min, redondeado a minutos",
        "raw_tags": {
          "access": "yes",
          "amenity": "bicycle_rental",
          "bicycle_rental": "docking_station",
          "brand": "Bilbaobizi",
          "brand:wikidata": "Q61070767",
          "brand:wikipedia": "eu:Bilbaobizi",
          "capacity": "28",
          "covered": "no",
          "email": "bilbaobizi@bilbao.eus",
          "fee": "yes",
          "name": "06-ERREKALDE",
          "network": "Bilbaobizi",
          "network:wikidata": "Q61070767",
          "network:wikipedia": "eu:Bilbaobizi",
          "operator": "Serveo; Good Food Land",
          "operator:type": "public",
          "operator:wikidata": "Q130681017",
          "operator:wikipedia": "es:Ferrovial",
          "phone": "+34 946 56 49 05",
          "website": "https://www.bilbao.eus/cs/Satellite?c=Page&cid=1279184058835&language=es&pageid=1279184058835&pagename=Bilbaonet%2FPage%2FBIO_contenidoFinal",
          "category_original": "Alquiler de bicicletas",
          "category_standard": "Movilidad",
          "category_original_raw": "bicycle_rental"
        },
        "commercial_name": "06-ERREKALDE",
        "website": "https://www.bilbao.eus/cs/Satellite?c=Page&cid=1279184058835&language=es&pageid=1279184058835&pagename=Bilbaonet%2FPage%2FBIO_contenidoFinal",
        "enrichment_status": "base;osm:0.86;web_error:URLError",
        "enrichment_updated_at": "2026-06-26"
      },
      "geometry": {
        "type": "Point",
        "coordinates": [
          -2.94636,
          43.2521
        ]
      }
    },
    {
      "type": "Feature",
      "properties": {
        "name": "29-SABINO ARANA",
        "category": "Movilidad",
        "category_original": "Alquiler de bicicletas",
        "status": "activo",
        "confidence": "Alta",
        "source": "OpenStreetMap / Overpass",
        "source_id": "6013465079",
        "walking_distance_m": 382.0,
        "walking_time_min": 5.0,
        "walking_distance_method": "osm_pedestrian_network_dijkstra; snap_local=17.0m; snap_target=5.9m",
        "walking_time_method": "walking_distance_m / 80 m/min, redondeado a minutos",
        "raw_tags": {
          "access": "yes",
          "amenity": "bicycle_rental",
          "bicycle_rental": "docking_station",
          "brand": "Bilbaobizi",
          "brand:wikidata": "Q61070767",
          "brand:wikipedia": "eu:Bilbaobizi",
          "capacity": "29",
          "covered": "no",
          "email": "bilbaobizi@bilbao.eus",
          "fee": "yes",
          "name": "29-SABINO ARANA",
          "network": "Bilbaobizi",
          "network:wikidata": "Q61070767",
          "network:wikipedia": "eu:Bilbaobizi",
          "operator": "Serveo; Good Food Land",
          "operator:type": "public",
          "operator:wikidata": "Q130681017",
          "operator:wikipedia": "es:Ferrovial",
          "phone": "+34 946 56 49 05",
          "website": "https://www.bilbao.eus/cs/Satellite?c=Page&cid=1279184058835&language=es&pageid=1279184058835&pagename=Bilbaonet%2FPage%2FBIO_contenidoFinal",
          "category_original": "Alquiler de bicicletas",
          "category_standard": "Movilidad",
          "category_original_raw": "bicycle_rental"
        },
        "commercial_name": "29-SABINO ARANA",
        "website": "https://www.bilbao.eus/cs/Satellite?c=Page&cid=1279184058835&language=es&pageid=1279184058835&pagename=Bilbaonet%2FPage%2FBIO_contenidoFinal",
        "enrichment_status": "base;osm:0.86;web_error:URLError",
        "enrichment_updated_at": "2026-06-26"
      },
      "geometry": {
        "type": "Point",
        "coordinates": [
          -2.94853,
          43.25644
        ]
      }
    },
    {
      "type": "Feature",
      "properties": {
        "name": "26-Estrada Caleros",
        "category": "Movilidad",
        "category_original": "Alquiler de bicicletas",
        "status": "activo",
        "confidence": "Alta",
        "source": "OpenStreetMap / Overpass",
        "source_id": "6016071128",
        "walking_distance_m": 622.0,
        "walking_time_min": 8.0,
        "walking_distance_method": "osm_pedestrian_network_dijkstra; snap_local=17.0m; snap_target=7.4m",
        "walking_time_method": "walking_distance_m / 80 m/min, redondeado a minutos",
        "raw_tags": {
          "access": "yes",
          "amenity": "bicycle_rental",
          "bicycle_rental": "docking_station",
          "brand": "Bilbaobizi",
          "brand:wikidata": "Q61070767",
          "brand:wikipedia": "eu:Bilbaobizi",
          "capacity": "19",
          "covered": "no",
          "email": "bilbaobizi@bilbao.eus",
          "fee": "yes",
          "name": "26-Estrada Caleros",
          "network": "Bilbaobizi",
          "network:wikidata": "Q61070767",
          "network:wikipedia": "eu:Bilbaobizi",
          "operator": "Serveo; Good Food Land",
          "operator:type": "public",
          "operator:wikidata": "Q130681017",
          "operator:wikipedia": "es:Ferrovial",
          "phone": "+34 946 56 49 05",
          "website": "https://www.bilbao.eus/cs/Satellite?c=Page&cid=1279184058835&language=es&pageid=1279184058835&pagename=Bilbaonet%2FPage%2FBIO_contenidoFinal",
          "category_original": "Alquiler de bicicletas",
          "category_standard": "Movilidad",
          "category_original_raw": "bicycle_rental"
        },
        "commercial_name": "26-Estrada Caleros",
        "website": "https://www.bilbao.eus/cs/Satellite?c=Page&cid=1279184058835&language=es&pageid=1279184058835&pagename=Bilbaonet%2FPage%2FBIO_contenidoFinal",
        "enrichment_status": "base;osm:0.86;web_error:URLError",
        "enrichment_updated_at": "2026-06-26"
      },
      "geometry": {
        "type": "Point",
        "coordinates": [
          -2.94705,
          43.24927
        ]
      }
    },
    {
      "type": "Feature",
      "properties": {
        "name": "33-ESKURTZE",
        "category": "Movilidad",
        "category_original": "Alquiler de bicicletas",
        "status": "activo",
        "confidence": "Alta",
        "source": "OpenStreetMap / Overpass",
        "source_id": "6268572526",
        "walking_distance_m": 746.0,
        "walking_time_min": 9.0,
        "walking_distance_method": "osm_pedestrian_network_dijkstra; snap_local=17.0m; snap_target=4.1m",
        "walking_time_method": "walking_distance_m / 80 m/min, redondeado a minutos",
        "raw_tags": {
          "access": "yes",
          "amenity": "bicycle_rental",
          "bicycle_rental": "docking_station",
          "brand": "Bilbaobizi",
          "brand:wikidata": "Q61070767",
          "brand:wikipedia": "eu:Bilbaobizi",
          "capacity": "27",
          "covered": "no",
          "email": "bilbaobizi@bilbao.eus",
          "fee": "yes",
          "name": "33-ESKURTZE",
          "network": "Bilbaobizi",
          "network:wikidata": "Q61070767",
          "network:wikipedia": "eu:Bilbaobizi",
          "operator": "Serveo; Good Food Land",
          "operator:type": "public",
          "operator:wikidata": "Q130681017",
          "operator:wikipedia": "es:Ferrovial",
          "phone": "+34 946 56 49 05",
          "website": "https://www.bilbao.eus/cs/Satellite?c=Page&cid=1279184058835&language=es&pageid=1279184058835&pagename=Bilbaonet%2FPage%2FBIO_contenidoFinal",
          "category_original": "Alquiler de bicicletas",
          "category_standard": "Movilidad",
          "category_original_raw": "bicycle_rental"
        },
        "commercial_name": "33-ESKURTZE",
        "website": "https://www.bilbao.eus/cs/Satellite?c=Page&cid=1279184058835&language=es&pageid=1279184058835&pagename=Bilbaonet%2FPage%2FBIO_contenidoFinal",
        "enrichment_status": "base;osm:0.86;web_error:URLError",
        "enrichment_updated_at": "2026-06-26"
      },
      "geometry": {
        "type": "Point",
        "coordinates": [
          -2.9394198,
          43.2522258
        ]
      }
    },
    {
      "type": "Feature",
      "properties": {
        "name": "28-AMETZOLA",
        "category": "Movilidad",
        "category_original": "Alquiler de bicicletas",
        "status": "activo",
        "confidence": "Alta",
        "source": "OpenStreetMap / Overpass",
        "source_id": "6016071704",
        "walking_distance_m": 978.0,
        "walking_time_min": 12.0,
        "walking_distance_method": "osm_pedestrian_network_dijkstra; snap_local=17.0m; snap_target=9.0m",
        "walking_time_method": "walking_distance_m / 80 m/min, redondeado a minutos",
        "raw_tags": {
          "access": "yes",
          "amenity": "bicycle_rental",
          "bicycle_rental": "docking_station",
          "brand": "Bilbaobizi",
          "brand:wikidata": "Q61070767",
          "brand:wikipedia": "eu:Bilbaobizi",
          "capacity": "27",
          "covered": "no",
          "email": "bilbaobizi@bilbao.eus",
          "fee": "yes",
          "name": "28-AMETZOLA",
          "network": "Bilbaobizi",
          "network:wikidata": "Q61070767",
          "network:wikipedia": "eu:Bilbaobizi",
          "operator": "Serveo; Good Food Land",
          "operator:type": "public",
          "operator:wikidata": "Q130681017",
          "operator:wikipedia": "es:Ferrovial",
          "phone": "+34 946 56 49 05",
          "website": "https://www.bilbao.eus/cs/Satellite?c=Page&cid=1279184058835&language=es&pageid=1279184058835&pagename=Bilbaonet%2FPage%2FBIO_contenidoFinal",
          "category_original": "Alquiler de bicicletas",
          "category_standard": "Movilidad",
          "category_original_raw": "bicycle_rental"
        },
        "commercial_name": "28-AMETZOLA",
        "website": "https://www.bilbao.eus/cs/Satellite?c=Page&cid=1279184058835&language=es&pageid=1279184058835&pagename=Bilbaonet%2FPage%2FBIO_contenidoFinal",
        "enrichment_status": "base;osm:0.86;web_error:URLError",
        "enrichment_updated_at": "2026-06-26"
      },
      "geometry": {
        "type": "Point",
        "coordinates": [
          -2.93844,
          43.25394
        ]
      }
    },
    {
      "type": "Feature",
      "properties": {
        "name": "Antonio Fernández Corta",
        "category": "Salud y bienestar",
        "category_original": "Salud",
        "status": "activo",
        "confidence": "Alta",
        "source": "OpenStreetMap / Overpass",
        "source_id": "5393642236",
        "walking_distance_m": 231.0,
        "walking_time_min": 3.0,
        "walking_distance_method": "osm_pedestrian_network_dijkstra; snap_local=17.0m; snap_target=35.3m",
        "walking_time_method": "walking_distance_m / 80 m/min, redondeado a minutos",
        "raw_tags": {
          "addr:city": "Bilbao",
          "addr:housenumber": "50",
          "addr:postcode": "48002",
          "addr:street": "Gordoniz kalea",
          "amenity": "pharmacy",
          "healthcare": "pharmacy",
          "name": "Antonio Fernández Corta",
          "phone": "+34 944 210 964",
          "category_original": "Salud",
          "category_standard": "Salud y bienestar",
          "category_original_raw": "salud"
        },
        "commercial_name": "Antonio Fernández Corta",
        "enrichment_status": "base;osm:0.86",
        "enrichment_updated_at": "2026-06-26"
      },
      "geometry": {
        "type": "Point",
        "coordinates": [
          -2.945907,
          43.2531302
        ]
      }
    },
    {
      "type": "Feature",
      "properties": {
        "name": "Julia Canales Barrutia",
        "category": "Salud y bienestar",
        "category_original": "Salud",
        "status": "activo",
        "confidence": "Alta",
        "source": "OpenStreetMap / Overpass",
        "source_id": "5393642580",
        "walking_distance_m": 307.0,
        "walking_time_min": 4.0,
        "walking_distance_method": "osm_pedestrian_network_dijkstra; snap_local=17.0m; snap_target=21.2m",
        "walking_time_method": "walking_distance_m / 80 m/min, redondeado a minutos",
        "raw_tags": {
          "addr:city": "Bilbao",
          "addr:housenumber": "10",
          "addr:postcode": "48012",
          "addr:street": "Novia Salcedo kalea",
          "amenity": "pharmacy",
          "name": "Julia Canales Barrutia",
          "phone": "+34 944 274 157",
          "category_original": "Salud",
          "category_standard": "Salud y bienestar",
          "category_original_raw": "salud"
        },
        "commercial_name": "Julia Canales Barrutia",
        "enrichment_status": "base;osm:0.86",
        "enrichment_updated_at": "2026-06-26"
      },
      "geometry": {
        "type": "Point",
        "coordinates": [
          -2.9470446,
          43.256004
        ]
      }
    },
    {
      "type": "Feature",
      "properties": {
        "name": "Novia Salcedoko Osasun Mentaleko Zentroa - Adikzioak",
        "category": "Salud y bienestar",
        "category_original": "Salud",
        "status": "activo",
        "confidence": "Alta",
        "source": "OpenStreetMap / Overpass",
        "source_id": "11539306380",
        "walking_distance_m": 363.0,
        "walking_time_min": 5.0,
        "walking_distance_method": "osm_pedestrian_network_dijkstra; snap_local=17.0m; snap_target=5.3m",
        "walking_time_method": "walking_distance_m / 80 m/min, redondeado a minutos",
        "raw_tags": {
          "addr:city": "BILBAO",
          "addr:full": "Novia Salcedo 9, solairuartea",
          "addr:postcode": "48012",
          "amenity": "clinic",
          "email": "CSM.NOVIASALCEDO@osakidetza.eus",
          "fax": "+34 944273618",
          "healthcare": "clinic",
          "healthcare:speciality": "psychiatry",
          "name": "Novia Salcedoko Osasun Mentaleko Zentroa - Adikzioak",
          "name:es": "Centro de Salud Mental de Adicciones de Novia Salcedo",
          "name:eu": "Novia Salcedoko Osasun Mentaleko Zentroa - Adikzioak",
          "network": "Bizkaiko Osasun Mentaleko Sarea",
          "note": "osasun-zentroaren ordutegitik kanpo eta premiaz artatu beharreko kasu arinetarako, begiratu <a href=\"https://www.osakidetza.euskadi.eus/informazioa/etengabeko-arretako-guneak-eag/ab84-oskcon/eu/\">hemen</a>ea zein EAG duzun hurbilen",
          "opening_hours": "Mo-Fr 08:00-15:00",
          "operator": "Osakidetza",
          "operator:type": "public",
          "operator:wikidata": "Q3822645",
          "operator:wikipedia": "es:Osakidetza-Servicio Vasco de Salud",
          "phone": "+34 944273366",
          "ref:osakidetza": "rsmb_adic_novia_sal",
          "source": "Open Data Euskadi",
          "category_original": "Salud",
          "category_standard": "Salud y bienestar",
          "category_original_raw": "salud"
        },
        "commercial_name": "Novia Salcedoko Osasun Mentaleko Zentroa - Adikzioak",
        "enrichment_status": "base;osm:0.86",
        "enrichment_updated_at": "2026-06-26"
      },
      "geometry": {
        "type": "Point",
        "coordinates": [
          -2.9479838,
          43.2561985
        ]
      }
    },
    {
      "type": "Feature",
      "properties": {
        "name": "Arantza Madariaga Pérez",
        "category": "Salud y bienestar",
        "category_original": "Salud",
        "status": "activo",
        "confidence": "Alta",
        "source": "OpenStreetMap / Overpass",
        "source_id": "5393642232",
        "walking_distance_m": 373.0,
        "walking_time_min": 5.0,
        "walking_distance_method": "osm_pedestrian_network_dijkstra; snap_local=17.0m; snap_target=7.2m",
        "walking_time_method": "walking_distance_m / 80 m/min, redondeado a minutos",
        "raw_tags": {
          "addr:city": "Bilbao",
          "addr:housenumber": "5",
          "addr:postcode": "48002",
          "addr:street": "Altube kalea",
          "amenity": "pharmacy",
          "healthcare": "pharmacy",
          "name": "Arantza Madariaga Pérez",
          "phone": "+34 944 219 945",
          "category_original": "Salud",
          "category_standard": "Salud y bienestar",
          "category_original_raw": "salud"
        },
        "commercial_name": "Arantza Madariaga Pérez",
        "enrichment_status": "base;osm:0.86",
        "enrichment_updated_at": "2026-06-26"
      },
      "geometry": {
        "type": "Point",
        "coordinates": [
          -2.9484551,
          43.25147
        ]
      }
    },
    {
      "type": "Feature",
      "properties": {
        "name": "Blanca Rosa Irizar Belandia",
        "category": "Salud y bienestar",
        "category_original": "Salud",
        "status": "activo",
        "confidence": "Alta",
        "source": "OpenStreetMap / Overpass",
        "source_id": "5393642235",
        "walking_distance_m": 486.0,
        "walking_time_min": 6.0,
        "walking_distance_method": "osm_pedestrian_network_dijkstra; snap_local=17.0m; snap_target=5.9m",
        "walking_time_method": "walking_distance_m / 80 m/min, redondeado a minutos",
        "raw_tags": {
          "addr:city": "Bilbao",
          "addr:housenumber": "82",
          "addr:postcode": "48002",
          "addr:street": "Gordoniz kalea",
          "amenity": "pharmacy",
          "healthcare": "pharmacy",
          "name": "Blanca Rosa Irizar Belandia",
          "phone": "+34 944 211 982",
          "category_original": "Salud",
          "category_standard": "Salud y bienestar",
          "category_original_raw": "salud"
        },
        "commercial_name": "Blanca Rosa Irizar Belandia",
        "enrichment_status": "base;osm:0.86",
        "enrichment_updated_at": "2026-06-26"
      },
      "geometry": {
        "type": "Point",
        "coordinates": [
          -2.9469379,
          43.2503493
        ]
      }
    },
    {
      "type": "Feature",
      "properties": {
        "name": "María Jesús Ortueta Unamunzaga",
        "category": "Salud y bienestar",
        "category_original": "Salud",
        "status": "activo",
        "confidence": "Alta",
        "source": "OpenStreetMap / Overpass",
        "source_id": "5393642584",
        "walking_distance_m": 488.0,
        "walking_time_min": 6.0,
        "walking_distance_method": "osm_pedestrian_network_dijkstra; snap_local=17.0m; snap_target=15.8m",
        "walking_time_method": "walking_distance_m / 80 m/min, redondeado a minutos",
        "raw_tags": {
          "addr:city": "Bilbao",
          "addr:housenumber": "4",
          "addr:postcode": "48012",
          "addr:street": "Felix Landin doktorearen kalea",
          "amenity": "pharmacy",
          "healthcare": "pharmacy",
          "name": "María Jesús Ortueta Unamunzaga",
          "phone": "+34 944 271 685",
          "category_original": "Salud",
          "category_standard": "Salud y bienestar",
          "category_original_raw": "salud"
        },
        "commercial_name": "María Jesús Ortueta Unamunzaga",
        "enrichment_status": "base;osm:0.86",
        "enrichment_updated_at": "2026-06-26"
      },
      "geometry": {
        "type": "Point",
        "coordinates": [
          -2.9451582,
          43.2570493
        ]
      }
    },
    {
      "type": "Feature",
      "properties": {
        "name": "Maria Angeles Arruza Olaechea",
        "category": "Salud y bienestar",
        "category_original": "Salud",
        "status": "activo",
        "confidence": "Alta",
        "source": "OpenStreetMap / Overpass",
        "source_id": "5393647686",
        "walking_distance_m": 489.0,
        "walking_time_min": 6.0,
        "walking_distance_method": "osm_pedestrian_network_dijkstra; snap_local=17.0m; snap_target=11.9m",
        "walking_time_method": "walking_distance_m / 80 m/min, redondeado a minutos",
        "raw_tags": {
          "addr:city": "Bilbao",
          "addr:postcode": "48002",
          "addr:street": "Errekalde-Larraskitu errepidea",
          "amenity": "pharmacy",
          "healthcare": "pharmacy",
          "name": "Maria Angeles Arruza Olaechea",
          "phone": "+34 944218360",
          "category_original": "Salud",
          "category_standard": "Salud y bienestar",
          "category_original_raw": "salud"
        },
        "commercial_name": "Maria Angeles Arruza Olaechea",
        "enrichment_status": "base;osm:0.86",
        "enrichment_updated_at": "2026-06-26"
      },
      "geometry": {
        "type": "Point",
        "coordinates": [
          -2.9435091,
          43.2516473
        ]
      }
    },
    {
      "type": "Feature",
      "properties": {
        "name": "Ana Mares San Sebastian",
        "category": "Salud y bienestar",
        "category_original": "Salud",
        "status": "activo",
        "confidence": "Alta",
        "source": "OpenStreetMap / Overpass",
        "source_id": "5393649960",
        "walking_distance_m": 594.0,
        "walking_time_min": 7.0,
        "walking_distance_method": "osm_pedestrian_network_dijkstra; snap_local=17.0m; snap_target=31.8m",
        "walking_time_method": "walking_distance_m / 80 m/min, redondeado a minutos",
        "raw_tags": {
          "addr:city": "Bilbao",
          "addr:housenumber": "76",
          "addr:postcode": "48012",
          "addr:street": "Autonomia kalea",
          "amenity": "pharmacy",
          "healthcare": "pharmacy",
          "name": "Ana Mares San Sebastian",
          "phone": "+34 944410887",
          "category_original": "Salud",
          "category_standard": "Salud y bienestar",
          "category_original_raw": "salud"
        },
        "commercial_name": "Ana Mares San Sebastian",
        "enrichment_status": "base;osm:0.86",
        "enrichment_updated_at": "2026-06-26"
      },
      "geometry": {
        "type": "Point",
        "coordinates": [
          -2.947382,
          43.2580617
        ]
      }
    },
    {
      "type": "Feature",
      "properties": {
        "name": "Sonia Hernández Ibáñez",
        "category": "Salud y bienestar",
        "category_original": "Salud",
        "status": "activo",
        "confidence": "Alta",
        "source": "OpenStreetMap / Overpass",
        "source_id": "5393642260",
        "walking_distance_m": 615.0,
        "walking_time_min": 8.0,
        "walking_distance_method": "osm_pedestrian_network_dijkstra; snap_local=17.0m; snap_target=34.8m",
        "walking_time_method": "walking_distance_m / 80 m/min, redondeado a minutos",
        "raw_tags": {
          "addr:city": "Bilbao",
          "addr:housenumber": "4",
          "addr:postcode": "48012",
          "addr:street": "Etxetxua plaza",
          "amenity": "pharmacy",
          "healthcare": "pharmacy",
          "name": "Sonia Hernández Ibáñez",
          "phone": "+34 944 218 904",
          "category_original": "Salud",
          "category_standard": "Salud y bienestar",
          "category_original_raw": "salud"
        },
        "commercial_name": "Sonia Hernández Ibáñez",
        "enrichment_status": "base;osm:0.86",
        "enrichment_updated_at": "2026-06-26"
      },
      "geometry": {
        "type": "Point",
        "coordinates": [
          -2.9430277,
          43.2565449
        ]
      }
    },
    {
      "type": "Feature",
      "properties": {
        "name": "María Jesus Ereño Gorrotxategi",
        "category": "Salud y bienestar",
        "category_original": "Salud",
        "status": "activo",
        "confidence": "Alta",
        "source": "OpenStreetMap / Overpass",
        "source_id": "5393648502",
        "walking_distance_m": 711.0,
        "walking_time_min": 9.0,
        "walking_distance_method": "osm_pedestrian_network_dijkstra; snap_local=17.0m; snap_target=18.2m",
        "walking_time_method": "walking_distance_m / 80 m/min, redondeado a minutos",
        "raw_tags": {
          "addr:city": "Bilbao",
          "addr:housenumber": "1",
          "addr:postcode": "48012",
          "addr:street": "Iturribarria kalea",
          "amenity": "pharmacy",
          "healthcare": "pharmacy",
          "name": "María Jesus Ereño Gorrotxategi",
          "phone": "+34 944 273 655",
          "category_original": "Salud",
          "category_standard": "Salud y bienestar",
          "category_original_raw": "salud"
        },
        "commercial_name": "María Jesus Ereño Gorrotxategi",
        "enrichment_status": "base;osm:0.86",
        "enrichment_updated_at": "2026-06-26"
      },
      "geometry": {
        "type": "Point",
        "coordinates": [
          -2.950569,
          43.2576503
        ]
      }
    },
    {
      "type": "Feature",
      "properties": {
        "name": "Elsa Mugica Van Herckenrode",
        "category": "Salud y bienestar",
        "category_original": "Salud",
        "status": "activo",
        "confidence": "Alta",
        "source": "OpenStreetMap / Overpass",
        "source_id": "5393641421",
        "walking_distance_m": 749.0,
        "walking_time_min": 9.0,
        "walking_distance_method": "osm_pedestrian_network_dijkstra; snap_local=17.0m; snap_target=14.6m",
        "walking_time_method": "walking_distance_m / 80 m/min, redondeado a minutos",
        "raw_tags": {
          "addr:city": "Bilbao",
          "addr:housenumber": "77",
          "addr:postcode": "48002",
          "addr:street": "Uretamendi auzoa",
          "amenity": "pharmacy",
          "healthcare": "pharmacy",
          "name": "Elsa Mugica Van Herckenrode",
          "phone": "+34 944 449 273",
          "category_original": "Salud",
          "category_standard": "Salud y bienestar",
          "category_original_raw": "salud"
        },
        "commercial_name": "Elsa Mugica Van Herckenrode",
        "enrichment_status": "base;osm:0.86",
        "enrichment_updated_at": "2026-06-26"
      },
      "geometry": {
        "type": "Point",
        "coordinates": [
          -2.9491785,
          43.2484029
        ]
      }
    },
    {
      "type": "Feature",
      "properties": {
        "name": "Clínica fisioterapia",
        "category": "Salud y bienestar",
        "category_original": "Salud",
        "status": "activo",
        "confidence": "Alta",
        "source": "actividades.geojson",
        "source_id": "salud-clínica-fisioterapia--2.9476-43.2488",
        "walking_distance_m": 791.0,
        "walking_time_min": 10.0,
        "walking_distance_method": "osm_pedestrian_network_dijkstra; snap_local=17.0m; snap_target=13.6m",
        "walking_time_method": "walking_distance_m / 80 m/min, redondeado a minutos",
        "raw_tags": {
          "name": "Clínica fisioterapia",
          "category": "salud",
          "status": "activo",
          "confidence": "Alta",
          "category_original": "Salud",
          "category_standard": "Salud y bienestar",
          "category_original_raw": "salud"
        },
        "commercial_name": "Clínica fisioterapia",
        "enrichment_status": "base",
        "enrichment_updated_at": "2026-06-26"
      },
      "geometry": {
        "type": "Point",
        "coordinates": [
          -2.9476,
          43.2488
        ]
      }
    },
    {
      "type": "Feature",
      "properties": {
        "name": "Clínica veterinaria Eskurze",
        "category": "Salud y bienestar",
        "category_original": "Veterinaria",
        "status": "activo",
        "confidence": "Alta",
        "source": "OpenStreetMap / Overpass",
        "source_id": "5694476139",
        "walking_distance_m": 884.0,
        "walking_time_min": 11.0,
        "walking_distance_method": "osm_pedestrian_network_dijkstra; snap_local=17.0m; snap_target=12.6m",
        "walking_time_method": "walking_distance_m / 80 m/min, redondeado a minutos",
        "raw_tags": {
          "amenity": "veterinary",
          "name": "Clínica veterinaria Eskurze",
          "category_original": "Veterinaria",
          "category_standard": "Salud y bienestar",
          "category_original_raw": "veterinary"
        },
        "commercial_name": "Clínica veterinaria Eskurze",
        "enrichment_status": "base;osm:0.86",
        "enrichment_updated_at": "2026-06-26"
      },
      "geometry": {
        "type": "Point",
        "coordinates": [
          -2.9380818,
          43.2520974
        ]
      }
    },
    {
      "type": "Feature",
      "properties": {
        "name": "Kirikiño",
        "category": "Salud y bienestar",
        "category_original": "Salud",
        "status": "activo",
        "confidence": "Alta",
        "source": "OpenStreetMap / Overpass",
        "source_id": "12431172991",
        "walking_distance_m": 945.0,
        "walking_time_min": 12.0,
        "walking_distance_method": "osm_pedestrian_network_dijkstra; snap_local=17.0m; snap_target=6.1m",
        "walking_time_method": "walking_distance_m / 80 m/min, redondeado a minutos",
        "raw_tags": {
          "amenity": "dentist",
          "check_date": "2025-09-03",
          "healthcare": "dentist",
          "name": "Kirikiño",
          "category_original": "Salud",
          "category_standard": "Salud y bienestar",
          "category_original_raw": "salud"
        },
        "commercial_name": "Kirikiño",
        "enrichment_status": "base;osm:0.86",
        "enrichment_updated_at": "2026-06-26"
      },
      "geometry": {
        "type": "Point",
        "coordinates": [
          -2.9376426,
          43.2521839
        ]
      }
    },
    {
      "type": "Feature",
      "properties": {
        "name": "María Carmen Cuartero Iturralde",
        "category": "Salud y bienestar",
        "category_original": "Salud",
        "status": "activo",
        "confidence": "Alta",
        "source": "OpenStreetMap / Overpass",
        "source_id": "5393642222",
        "walking_distance_m": 984.0,
        "walking_time_min": 12.0,
        "walking_distance_method": "osm_pedestrian_network_dijkstra; snap_local=17.0m; snap_target=16.2m",
        "walking_time_method": "walking_distance_m / 80 m/min, redondeado a minutos",
        "raw_tags": {
          "addr:city": "Bilbao",
          "addr:housenumber": "32",
          "addr:postcode": "48012",
          "addr:street": "Irala kalea",
          "amenity": "pharmacy",
          "check_date": "2025-01-02",
          "delivery:covid19": "no",
          "name": "María Carmen Cuartero Iturralde",
          "phone": "+34 944 219 637",
          "category_original": "Salud",
          "category_standard": "Salud y bienestar",
          "category_original_raw": "salud"
        },
        "commercial_name": "María Carmen Cuartero Iturralde",
        "enrichment_status": "base;osm:0.86",
        "enrichment_updated_at": "2026-06-26"
      },
      "geometry": {
        "type": "Point",
        "coordinates": [
          -2.9377056,
          43.2524161
        ]
      }
    },
    {
      "type": "Feature",
      "properties": {
        "name": "María Begoña Peteiro Carreira",
        "category": "Salud y bienestar",
        "category_original": "Salud",
        "status": "activo",
        "confidence": "Alta",
        "source": "OpenStreetMap / Overpass",
        "source_id": "5393642578",
        "walking_distance_m": 1263.0,
        "walking_time_min": 16.0,
        "walking_distance_method": "osm_pedestrian_network_dijkstra; snap_local=17.0m; snap_target=11.8m",
        "walking_time_method": "walking_distance_m / 80 m/min, redondeado a minutos",
        "raw_tags": {
          "addr:city": "Bilbao",
          "addr:housenumber": "3",
          "addr:place": "Gardeazabal",
          "addr:postcode": "48002",
          "amenity": "pharmacy",
          "name": "María Begoña Peteiro Carreira",
          "phone": "+34 944 217 562",
          "category_original": "Salud",
          "category_standard": "Salud y bienestar",
          "category_original_raw": "salud"
        },
        "commercial_name": "María Begoña Peteiro Carreira",
        "enrichment_status": "base",
        "enrichment_updated_at": "2026-06-26"
      },
      "geometry": {
        "type": "Point",
        "coordinates": [
          -2.9484707,
          43.2440487
        ]
      }
    },
    {
      "type": "Feature",
      "properties": {
        "name": "Clínica dental",
        "category": "Salud y bienestar",
        "category_original": "Salud",
        "status": "activo",
        "confidence": "Alta",
        "source": "OpenStreetMap / Overpass",
        "source_id": "5702888914",
        "walking_distance_m": 1284.0,
        "walking_time_min": 16.0,
        "walking_distance_method": "osm_pedestrian_network_dijkstra; snap_local=17.0m; snap_target=3.6m",
        "walking_time_method": "walking_distance_m / 80 m/min, redondeado a minutos",
        "raw_tags": {
          "amenity": "dentist",
          "check_date": "2023-09-18",
          "name": "Clínica dental",
          "category_original": "Salud",
          "category_standard": "Salud y bienestar",
          "category_original_raw": "salud"
        },
        "commercial_name": "Clínica dental",
        "enrichment_status": "base;osm:0.86",
        "enrichment_updated_at": "2026-06-26"
      },
      "geometry": {
        "type": "Point",
        "coordinates": [
          -2.9392794,
          43.2544749
        ]
      }
    },
    {
      "type": "Feature",
      "properties": {
        "name": "V&M peluqueros",
        "category": "Servicios personales",
        "category_original": "Peluquería",
        "status": "activo",
        "confidence": "Alta",
        "source": "OpenStreetMap / Overpass",
        "source_id": "6924223985",
        "walking_distance_m": 214.0,
        "walking_time_min": 3.0,
        "walking_distance_method": "osm_pedestrian_network_dijkstra; snap_local=17.0m; snap_target=1.6m",
        "walking_time_method": "walking_distance_m / 80 m/min, redondeado a minutos",
        "raw_tags": {
          "name": "V&M peluqueros",
          "shop": "hairdresser",
          "category_original": "Peluquería",
          "category_standard": "Servicios personales",
          "category_original_raw": "hairdresser"
        },
        "commercial_name": "V&M peluqueros",
        "enrichment_status": "base;osm:0.86",
        "enrichment_updated_at": "2026-06-26"
      },
      "geometry": {
        "type": "Point",
        "coordinates": [
          -2.9453656,
          43.2534764
        ]
      }
    },
    {
      "type": "Feature",
      "properties": {
        "name": "Bades",
        "category": "Servicios personales",
        "category_original": "Peluquería",
        "status": "activo",
        "confidence": "Alta",
        "source": "OpenStreetMap / Overpass",
        "source_id": "7035785185",
        "walking_distance_m": 259.0,
        "walking_time_min": 3.0,
        "walking_distance_method": "osm_pedestrian_network_dijkstra; snap_local=17.0m; snap_target=19.6m",
        "walking_time_method": "walking_distance_m / 80 m/min, redondeado a minutos",
        "raw_tags": {
          "addr:street": "Gordoniz kalea",
          "name": "Bades",
          "shop": "hairdresser",
          "category_original": "Peluquería",
          "category_standard": "Servicios personales",
          "category_original_raw": "hairdresser"
        },
        "commercial_name": "Bades",
        "enrichment_status": "base;osm:0.86",
        "enrichment_updated_at": "2026-06-26"
      },
      "geometry": {
        "type": "Point",
        "coordinates": [
          -2.9460226,
          43.252904
        ]
      }
    },
    {
      "type": "Feature",
      "properties": {
        "name": "AMG",
        "category": "Servicios personales",
        "category_original": "Peluquería",
        "status": "activo",
        "confidence": "Alta",
        "source": "OpenStreetMap / Overpass",
        "source_id": "7035815886",
        "walking_distance_m": 454.0,
        "walking_time_min": 6.0,
        "walking_distance_method": "osm_pedestrian_network_dijkstra; snap_local=17.0m; snap_target=13.3m",
        "walking_time_method": "walking_distance_m / 80 m/min, redondeado a minutos",
        "raw_tags": {
          "name": "AMG",
          "shop": "hairdresser",
          "category_original": "Peluquería",
          "category_standard": "Servicios personales",
          "category_original_raw": "hairdresser"
        },
        "commercial_name": "AMG",
        "enrichment_status": "base;osm:0.86",
        "enrichment_updated_at": "2026-06-26"
      },
      "geometry": {
        "type": "Point",
        "coordinates": [
          -2.9463031,
          43.2511071
        ]
      }
    },
    {
      "type": "Feature",
      "properties": {
        "name": "Sebas",
        "category": "Servicios personales",
        "category_original": "Peluquería",
        "status": "activo",
        "confidence": "Alta",
        "source": "OpenStreetMap / Overpass",
        "source_id": "7035816287",
        "walking_distance_m": 464.0,
        "walking_time_min": 6.0,
        "walking_distance_method": "osm_pedestrian_network_dijkstra; snap_local=17.0m; snap_target=23.4m",
        "walking_time_method": "walking_distance_m / 80 m/min, redondeado a minutos",
        "raw_tags": {
          "name": "Sebas",
          "shop": "hairdresser",
          "category_original": "Peluquería",
          "category_standard": "Servicios personales",
          "category_original_raw": "hairdresser"
        },
        "commercial_name": "Sebas",
        "enrichment_status": "base;osm:0.86",
        "enrichment_updated_at": "2026-06-26"
      },
      "geometry": {
        "type": "Point",
        "coordinates": [
          -2.946093,
          43.2509593
        ]
      }
    },
    {
      "type": "Feature",
      "properties": {
        "name": "Enredos",
        "category": "Servicios personales",
        "category_original": "Peluquería",
        "status": "activo",
        "confidence": "Alta",
        "source": "OpenStreetMap / Overpass",
        "source_id": "6792367686",
        "walking_distance_m": 468.0,
        "walking_time_min": 6.0,
        "walking_distance_method": "osm_pedestrian_network_dijkstra; snap_local=17.0m; snap_target=8.7m",
        "walking_time_method": "walking_distance_m / 80 m/min, redondeado a minutos",
        "raw_tags": {
          "addr:city": "Bilbao",
          "name": "Enredos",
          "shop": "hairdresser",
          "category_original": "Peluquería",
          "category_standard": "Servicios personales",
          "category_original_raw": "hairdresser"
        },
        "commercial_name": "Enredos",
        "enrichment_status": "base;osm:0.86",
        "enrichment_updated_at": "2026-06-26"
      },
      "geometry": {
        "type": "Point",
        "coordinates": [
          -2.9445701,
          43.2517387
        ]
      }
    },
    {
      "type": "Feature",
      "properties": {
        "name": "Art&Estilo",
        "category": "Servicios personales",
        "category_original": "Peluquería",
        "status": "activo",
        "confidence": "Alta",
        "source": "OpenStreetMap / Overpass",
        "source_id": "7566374253",
        "walking_distance_m": 489.0,
        "walking_time_min": 6.0,
        "walking_distance_method": "osm_pedestrian_network_dijkstra; snap_local=17.0m; snap_target=7.9m",
        "walking_time_method": "walking_distance_m / 80 m/min, redondeado a minutos",
        "raw_tags": {
          "addr:city": "Bilbao",
          "name": "Art&Estilo",
          "shop": "hairdresser",
          "category_original": "Peluquería",
          "category_standard": "Servicios personales",
          "category_original_raw": "hairdresser"
        },
        "commercial_name": "Art&Estilo",
        "enrichment_status": "base;osm:0.86",
        "enrichment_updated_at": "2026-06-26"
      },
      "geometry": {
        "type": "Point",
        "coordinates": [
          -2.9467104,
          43.2577355
        ]
      }
    },
    {
      "type": "Feature",
      "properties": {
        "name": "Aralos",
        "category": "Servicios personales",
        "category_original": "Peluquería",
        "status": "activo",
        "confidence": "Alta",
        "source": "OpenStreetMap / Overpass",
        "source_id": "6792353285",
        "walking_distance_m": 503.0,
        "walking_time_min": 6.0,
        "walking_distance_method": "osm_pedestrian_network_dijkstra; snap_local=17.0m; snap_target=26.2m",
        "walking_time_method": "walking_distance_m / 80 m/min, redondeado a minutos",
        "raw_tags": {
          "addr:street": "Trenbideko etorbidea",
          "name": "Aralos",
          "shop": "hairdresser",
          "category_original": "Peluquería",
          "category_standard": "Servicios personales",
          "category_original_raw": "hairdresser"
        },
        "commercial_name": "Aralos",
        "enrichment_status": "base;osm:0.86",
        "enrichment_updated_at": "2026-06-26"
      },
      "geometry": {
        "type": "Point",
        "coordinates": [
          -2.9455998,
          43.2572736
        ]
      }
    },
    {
      "type": "Feature",
      "properties": {
        "name": "Jesús de la Calle",
        "category": "Servicios personales",
        "category_original": "Peluquería",
        "status": "activo",
        "confidence": "Alta",
        "source": "OpenStreetMap / Overpass",
        "source_id": "7566373323",
        "walking_distance_m": 508.0,
        "walking_time_min": 6.0,
        "walking_distance_method": "osm_pedestrian_network_dijkstra; snap_local=17.0m; snap_target=26.2m",
        "walking_time_method": "walking_distance_m / 80 m/min, redondeado a minutos",
        "raw_tags": {
          "addr:street": "Pablo de Alzola kalea",
          "name": "Jesús de la Calle",
          "shop": "hairdresser",
          "category_original": "Peluquería",
          "category_standard": "Servicios personales",
          "category_original_raw": "hairdresser"
        },
        "commercial_name": "Jesús de la Calle",
        "enrichment_status": "base;osm:0.86",
        "enrichment_updated_at": "2026-06-26"
      },
      "geometry": {
        "type": "Point",
        "coordinates": [
          -2.9466513,
          43.2575412
        ]
      }
    },
    {
      "type": "Feature",
      "properties": {
        "name": "Era",
        "category": "Servicios personales",
        "category_original": "Peluquería",
        "status": "activo",
        "confidence": "Alta",
        "source": "OpenStreetMap / Overpass",
        "source_id": "7035816289",
        "walking_distance_m": 534.0,
        "walking_time_min": 7.0,
        "walking_distance_method": "osm_pedestrian_network_dijkstra; snap_local=17.0m; snap_target=17.7m",
        "walking_time_method": "walking_distance_m / 80 m/min, redondeado a minutos",
        "raw_tags": {
          "addr:street": "Calle Lemoatz",
          "name": "Era",
          "shop": "hairdresser",
          "category_original": "Peluquería",
          "category_standard": "Servicios personales",
          "category_original_raw": "hairdresser"
        },
        "commercial_name": "Era",
        "enrichment_status": "base;osm:0.86",
        "enrichment_updated_at": "2026-06-26"
      },
      "geometry": {
        "type": "Point",
        "coordinates": [
          -2.9464031,
          43.2506245
        ]
      }
    },
    {
      "type": "Feature",
      "properties": {
        "name": "Garbi Station",
        "category": "Servicios personales",
        "category_original": "Lavandería",
        "status": "activo",
        "confidence": "Alta",
        "source": "OpenStreetMap / Overpass",
        "source_id": "7204468710",
        "walking_distance_m": 545.0,
        "walking_time_min": 7.0,
        "walking_distance_method": "osm_pedestrian_network_dijkstra; snap_local=17.0m; snap_target=30.3m",
        "walking_time_method": "walking_distance_m / 80 m/min, redondeado a minutos",
        "raw_tags": {
          "name": "Garbi Station",
          "opening_hours": "08:00-22:00",
          "self_service": "yes",
          "shop": "laundry",
          "wheelchair": "yes",
          "category_original": "Lavandería",
          "category_standard": "Servicios personales",
          "category_original_raw": "laundry"
        },
        "commercial_name": "Garbi Station",
        "enrichment_status": "base;osm:0.86",
        "enrichment_updated_at": "2026-06-26"
      },
      "geometry": {
        "type": "Point",
        "coordinates": [
          -2.9496553,
          43.2574495
        ]
      }
    },
    {
      "type": "Feature",
      "properties": {
        "name": "Studio 11",
        "category": "Servicios personales",
        "category_original": "Peluquería",
        "status": "activo",
        "confidence": "Alta",
        "source": "OpenStreetMap / Overpass",
        "source_id": "12398284253",
        "walking_distance_m": 684.0,
        "walking_time_min": 9.0,
        "walking_distance_method": "osm_pedestrian_network_dijkstra; snap_local=17.0m; snap_target=42.8m",
        "walking_time_method": "walking_distance_m / 80 m/min, redondeado a minutos",
        "raw_tags": {
          "addr:housenumber": "6",
          "addr:street": "Zugastinobia kalea",
          "check_date": "2026-03-11",
          "name": "Studio 11",
          "shop": "hairdresser",
          "category_original": "Peluquería",
          "category_standard": "Servicios personales",
          "category_original_raw": "hairdresser"
        },
        "commercial_name": "Studio 11",
        "enrichment_status": "base;osm:0.86",
        "enrichment_updated_at": "2026-06-26"
      },
      "geometry": {
        "type": "Point",
        "coordinates": [
          -2.9427926,
          43.2570132
        ]
      }
    },
    {
      "type": "Feature",
      "properties": {
        "name": "Alberto Lera",
        "category": "Servicios personales",
        "category_original": "Peluquería",
        "status": "activo",
        "confidence": "Alta",
        "source": "OpenStreetMap / Overpass",
        "source_id": "5702888900",
        "walking_distance_m": 716.0,
        "walking_time_min": 9.0,
        "walking_distance_method": "osm_pedestrian_network_dijkstra; snap_local=17.0m; snap_target=44.8m",
        "walking_time_method": "walking_distance_m / 80 m/min, redondeado a minutos",
        "raw_tags": {
          "female": "yes",
          "name": "Alberto Lera",
          "shop": "hairdresser",
          "category_original": "Peluquería",
          "category_standard": "Servicios personales",
          "category_original_raw": "hairdresser"
        },
        "commercial_name": "Alberto Lera",
        "enrichment_status": "base;osm:0.86",
        "enrichment_updated_at": "2026-06-26"
      },
      "geometry": {
        "type": "Point",
        "coordinates": [
          -2.9417453,
          43.2552805
        ]
      }
    },
    {
      "type": "Feature",
      "properties": {
        "name": "Ecolaundry Lavandería Autoservicio Errekalde",
        "category": "Servicios personales",
        "category_original": "Lavandería",
        "status": "activo",
        "confidence": "Alta",
        "verification": "web_oficial_y_fuente_geolocalizada",
        "source": "Directorio lavanderias Rekalde 2026-06-20",
        "source_id": "lav-002",
        "subcategory": "Lavanderia autoservicio",
        "activity_type": "lavanderia_autoservicio",
        "distance_m": 307.0,
        "distance_method": "distancia geodesica en linea recta del GeoJSON de lavanderias",
        "address": "Ciudadela s/n, trasera de Moncada Kalea 6, 48002 Bilbao",
        "phone": "+34 634 549 463",
        "website": "https://ecolaundry.es/lavanderias/ecolaundry-bilbao-rekalde/",
        "source_url": "https://ecolaundry.es/lavanderias/ecolaundry-bilbao-rekalde/ ; https://park4night.com/en/place/454768 ; https://es.cybo.com/ES-biz/ecolaundry-lavander%C3%ADa-autoservicio_9x",
        "query_date": "2026-06-20",
        "coordinate_precision": "aprox. 10-15 m",
        "raw_tags": {
          "id": "lav-002",
          "name": "Ecolaundry Lavandería Autoservicio Errekalde",
          "category": "lavanderia_autoservicio",
          "self_service": true,
          "address": "Ciudadela s/n, trasera de Moncada Kalea 6, 48002 Bilbao",
          "phone": "+34 634 549 463",
          "opening_hours": "08:00-22:00 todos los días; último lavado 21:00",
          "verification": "web_oficial_y_fuente_geolocalizada",
          "confidence": "alta",
          "coordinate_precision": "aprox. 10-15 m",
          "sources": [
            "https://ecolaundry.es/lavanderias/ecolaundry-bilbao-rekalde/",
            "https://park4night.com/en/place/454768",
            "https://es.cybo.com/ES-biz/ecolaundry-lavander%C3%ADa-autoservicio_9x"
          ],
          "notes": null,
          "distance_from_local_m": 307,
          "checked_on": "2026-06-20"
        },
        "commercial_name": "Ecolaundry Lavandería Autoservicio Errekalde",
        "enrichment_status": "base",
        "enrichment_updated_at": "2026-06-26",
        "photo_url": "https://ecolaundry.es/wp-content/uploads/2024/11/ecolaundry-rekalde-1024x760-1.jpg",
        "photo_source_url": "https://ecolaundry.es/lavanderias/ecolaundry-bilbao-rekalde/",
        "photo_source": "Web pública"
      },
      "geometry": {
        "type": "Point",
        "coordinates": [
          -2.9447,
          43.2522
        ]
      }
    },
    {
      "type": "Feature",
      "properties": {
        "name": "Garbiself Kirikiño",
        "category": "Servicios personales",
        "category_original": "Lavandería",
        "status": "activo",
        "confidence": "Media",
        "verification": "directorio_y_perfiles_del_establecimiento",
        "source": "Directorio lavanderias Rekalde 2026-06-20",
        "source_id": "lav-006",
        "subcategory": "Lavanderia autoservicio",
        "activity_type": "lavanderia_autoservicio",
        "distance_m": 872.0,
        "distance_method": "distancia geodesica en linea recta del GeoJSON de lavanderias",
        "address": "Kirikiño Etorbidea 50-52, 48012 Bilbao",
        "phone": "+34 619 852 195",
        "website": "https://www.paginasamarillas.es/f/bilbao/garbiself-kirikino-sl_230392540_000000001.html",
        "source_url": "https://www.paginasamarillas.es/f/bilbao/garbiself-kirikino-sl_230392540_000000001.html ; https://lavalava.es/garbiself-kirikino-bilbao/",
        "notes": "Conviene confirmar la operatividad actual: la sociedad mercantil original figura extinguida en algunos directorios empresariales.",
        "query_date": "2026-06-20",
        "coordinate_precision": "aprox. 10-15 m según directorio",
        "raw_tags": {
          "id": "lav-006",
          "name": "Garbiself Kirikiño",
          "category": "lavanderia_autoservicio",
          "self_service": true,
          "address": "Kirikiño Etorbidea 50-52, 48012 Bilbao",
          "phone": "+34 619 852 195",
          "opening_hours": "Apertura diaria indicada en perfiles del establecimiento; horario por verificar",
          "verification": "directorio_y_perfiles_del_establecimiento",
          "confidence": "media",
          "coordinate_precision": "aprox. 10-15 m según directorio",
          "sources": [
            "https://www.paginasamarillas.es/f/bilbao/garbiself-kirikino-sl_230392540_000000001.html",
            "https://lavalava.es/garbiself-kirikino-bilbao/"
          ],
          "notes": "Conviene confirmar la operatividad actual: la sociedad mercantil original figura extinguida en algunos directorios empresariales.",
          "distance_from_local_m": 872,
          "checked_on": "2026-06-20"
        },
        "commercial_name": "Garbiself Kirikiño",
        "enrichment_status": "base;web",
        "enrichment_updated_at": "2026-06-26"
      },
      "geometry": {
        "type": "Point",
        "coordinates": [
          -2.9369,
          43.25283
        ]
      }
    },
    {
      "type": "Feature",
      "properties": {
        "name": "La Casa de la Colada Rekalde",
        "category": "Servicios personales",
        "category_original": "Lavandería",
        "status": "activo",
        "confidence": "Alta",
        "verification": "web_oficial_y_directorio",
        "source": "Directorio lavanderias Rekalde 2026-06-20",
        "source_id": "lav-001",
        "subcategory": "Lavanderia autoservicio",
        "activity_type": "lavanderia_autoservicio",
        "distance_m": 247.0,
        "distance_method": "distancia geodesica en linea recta del GeoJSON de lavanderias",
        "address": "Gordoniz Kalea 89 / Plaza Errekalde 2, 48002 Bilbao",
        "phone": "+34 601 470 405",
        "website": "https://lacasadelacolada.com/centros-de-lavado/rekalde",
        "source_url": "https://lacasadelacolada.com/centros-de-lavado/rekalde ; https://www.paginasamarillas.es/f/bilbao/la-casa-de-la-colada-rekalde_230706608_000000001.html",
        "query_date": "2026-06-20",
        "coordinate_precision": "aprox. 1-5 m según directorio",
        "raw_tags": {
          "id": "lav-001",
          "name": "La Casa de la Colada Rekalde",
          "category": "lavanderia_autoservicio",
          "self_service": true,
          "address": "Gordoniz Kalea 89 / Plaza Errekalde 2, 48002 Bilbao",
          "phone": "+34 601 470 405",
          "opening_hours": "08:00-22:00; abierto 365 días",
          "verification": "web_oficial_y_directorio",
          "confidence": "alta",
          "coordinate_precision": "aprox. 1-5 m según directorio",
          "sources": [
            "https://lacasadelacolada.com/centros-de-lavado/rekalde",
            "https://www.paginasamarillas.es/f/bilbao/la-casa-de-la-colada-rekalde_230706608_000000001.html"
          ],
          "notes": null,
          "distance_from_local_m": 247,
          "checked_on": "2026-06-20"
        },
        "commercial_name": "La Casa de la Colada Rekalde",
        "enrichment_status": "base;web",
        "enrichment_updated_at": "2026-06-26"
      },
      "geometry": {
        "type": "Point",
        "coordinates": [
          -2.94634716,
          43.25197943
        ]
      }
    },
    {
      "type": "Feature",
      "properties": {
        "name": "Lavandería Lavomatique",
        "category": "Servicios personales",
        "category_original": "Lavandería",
        "status": "activo",
        "confidence": "Media",
        "verification": "directorio_y_presencia_web",
        "source": "Directorio lavanderias Rekalde 2026-06-20",
        "source_id": "lav-005",
        "subcategory": "Lavanderia y tintoreria",
        "activity_type": "lavanderia_y_tintoreria",
        "distance_m": 800.0,
        "distance_method": "distancia geodesica en linea recta del GeoJSON de lavanderias",
        "address": "Irala Kalea 30, 48012 Bilbao",
        "phone": "+34 944 444 136",
        "website": "https://www.paginasamarillas.es/f/bilbao/lavanderia-lavomatique_235720224_000000001.html",
        "source_url": "https://www.paginasamarillas.es/f/bilbao/lavanderia-lavomatique_235720224_000000001.html ; https://tintoreria-lavanadria-lavomatique.ueniweb.com/",
        "query_date": "2026-06-20",
        "coordinate_precision": "aprox. 10-15 m según directorio",
        "raw_tags": {
          "id": "lav-005",
          "name": "Lavandería Lavomatique",
          "category": "lavanderia_y_tintoreria",
          "self_service": false,
          "address": "Irala Kalea 30, 48012 Bilbao",
          "phone": "+34 944 444 136",
          "opening_hours": "L-V 09:30-14:00 y 17:00-19:30 (según perfil social)",
          "verification": "directorio_y_presencia_web",
          "confidence": "media-alta",
          "coordinate_precision": "aprox. 10-15 m según directorio",
          "sources": [
            "https://www.paginasamarillas.es/f/bilbao/lavanderia-lavomatique_235720224_000000001.html",
            "https://tintoreria-lavanadria-lavomatique.ueniweb.com/"
          ],
          "notes": null,
          "distance_from_local_m": 800,
          "checked_on": "2026-06-20"
        },
        "commercial_name": "Lavomatique",
        "enrichment_status": "base;osm:0.85;web",
        "enrichment_updated_at": "2026-06-26"
      },
      "geometry": {
        "type": "Point",
        "coordinates": [
          -2.9378,
          43.2528
        ]
      }
    },
    {
      "type": "Feature",
      "properties": {
        "name": "Lavanderías Sariko",
        "category": "Servicios personales",
        "category_original": "Lavandería",
        "status": "activo",
        "confidence": "Media",
        "verification": "directorio",
        "source": "Directorio lavanderias Rekalde 2026-06-20",
        "source_id": "lav-007",
        "subcategory": "Lavanderia",
        "activity_type": "lavanderia",
        "distance_m": 1097.0,
        "distance_method": "distancia geodesica en linea recta del GeoJSON de lavanderias",
        "address": "Urízar Kalea 4, Errekalde, 48012 Bilbao",
        "phone": "+34 944 108 002",
        "website": "https://www.paginasamarillas.es/f/bilbao/lavanderias-sariko-s-l-_232537134_000000001.html",
        "source_url": "https://www.paginasamarillas.es/f/bilbao/lavanderias-sariko-s-l-_232537134_000000001.html",
        "notes": "Ubicación incluida por proximidad; no se encontró una web propia que confirmase su actividad actual.",
        "query_date": "2026-06-20",
        "coordinate_precision": "aprox. 10-15 m según directorio",
        "raw_tags": {
          "id": "lav-007",
          "name": "Lavanderías Sariko",
          "category": "lavanderia",
          "self_service": null,
          "address": "Urízar Kalea 4, Errekalde, 48012 Bilbao",
          "phone": "+34 944 108 002",
          "opening_hours": null,
          "verification": "directorio",
          "confidence": "media-baja",
          "coordinate_precision": "aprox. 10-15 m según directorio",
          "sources": [
            "https://www.paginasamarillas.es/f/bilbao/lavanderias-sariko-s-l-_232537134_000000001.html"
          ],
          "notes": "Ubicación incluida por proximidad; no se encontró una web propia que confirmase su actividad actual.",
          "distance_from_local_m": 1097,
          "checked_on": "2026-06-20"
        },
        "commercial_name": "Lavanderías Sariko",
        "enrichment_status": "base;web",
        "enrichment_updated_at": "2026-06-26"
      },
      "geometry": {
        "type": "Point",
        "coordinates": [
          -2.93417,
          43.25564
        ]
      }
    },
    {
      "type": "Feature",
      "properties": {
        "name": "Tintorería Lavandería Autonomía 43",
        "category": "Servicios personales",
        "category_original": "Lavandería",
        "status": "activo",
        "confidence": "Alta",
        "verification": "web_oficial_y_directorio",
        "source": "Directorio lavanderias Rekalde 2026-06-20",
        "source_id": "lav-004",
        "subcategory": "Lavanderia y tintoreria",
        "activity_type": "lavanderia_y_tintoreria",
        "distance_m": 550.0,
        "distance_method": "distancia geodesica en linea recta del GeoJSON de lavanderias",
        "address": "Autonomía Kalea 43, local, 48012 Bilbao",
        "phone": "+34 944 211 558",
        "website": "https://www.tintoreriaautonomia43.com/",
        "source_url": "https://www.tintoreriaautonomia43.com/ ; https://www.paginasamarillas.es/f/bilbao/autonomia-43_018573063_000000001.html",
        "query_date": "2026-06-20",
        "coordinate_precision": "aprox. 5-10 m según directorio",
        "raw_tags": {
          "id": "lav-004",
          "name": "Tintorería Lavandería Autonomía 43",
          "category": "lavanderia_y_tintoreria",
          "self_service": false,
          "address": "Autonomía Kalea 43, local, 48012 Bilbao",
          "phone": "+34 944 211 558",
          "opening_hours": null,
          "verification": "web_oficial_y_directorio",
          "confidence": "alta",
          "coordinate_precision": "aprox. 5-10 m según directorio",
          "sources": [
            "https://www.tintoreriaautonomia43.com/",
            "https://www.paginasamarillas.es/f/bilbao/autonomia-43_018573063_000000001.html"
          ],
          "notes": null,
          "distance_from_local_m": 550,
          "checked_on": "2026-06-20"
        },
        "commercial_name": "Autonomía 43",
        "enrichment_status": "base;osm:0.83",
        "enrichment_updated_at": "2026-06-26",
        "photo_url": "https://www.tintoreriaautonomia43.com/uploads/EB6qkkHE/image006.png",
        "photo_source_url": "https://www.tintoreriaautonomia43.com/",
        "photo_source": "Web pública"
      },
      "geometry": {
        "type": "Point",
        "coordinates": [
          -2.94273,
          43.25752
        ]
      }
    },
    {
      "type": "Feature",
      "properties": {
        "name": "Tintorerías y Lavanderías San Mamés",
        "category": "Servicios personales",
        "category_original": "Lavandería",
        "status": "activo",
        "confidence": "Alta",
        "verification": "web_propia_y_directorio",
        "source": "Directorio lavanderias Rekalde 2026-06-20",
        "source_id": "lav-003",
        "subcategory": "Lavanderia y tintoreria",
        "activity_type": "lavanderia_y_tintoreria",
        "distance_m": 460.0,
        "distance_method": "distancia geodesica en linea recta del GeoJSON de lavanderias",
        "address": "Carretera Errekalde-Larraskitu 5, 48002 Bilbao",
        "phone": "+34 946 084 047",
        "website": "https://lavanderiasanmames.com/",
        "source_url": "https://lavanderiasanmames.com/ ; https://www.paginasamarillas.es/f/bilbao/tintorerias-y-lavanderias-san-mames-s-l-_228619490_000000001.html",
        "query_date": "2026-06-20",
        "coordinate_precision": "aprox. 1-5 m según directorio",
        "raw_tags": {
          "id": "lav-003",
          "name": "Tintorerías y Lavanderías San Mamés",
          "category": "lavanderia_y_tintoreria",
          "self_service": false,
          "address": "Carretera Errekalde-Larraskitu 5, 48002 Bilbao",
          "phone": "+34 946 084 047",
          "opening_hours": "L-V 08:00-21:00; S 10:30-14:00; D cerrado",
          "verification": "web_propia_y_directorio",
          "confidence": "alta",
          "coordinate_precision": "aprox. 1-5 m según directorio",
          "sources": [
            "https://lavanderiasanmames.com/",
            "https://www.paginasamarillas.es/f/bilbao/tintorerias-y-lavanderias-san-mames-s-l-_228619490_000000001.html"
          ],
          "notes": null,
          "distance_from_local_m": 460,
          "checked_on": "2026-06-20"
        },
        "commercial_name": "Tintorerías y Lavanderías San Mamés",
        "enrichment_status": "base;web",
        "enrichment_updated_at": "2026-06-26"
      },
      "geometry": {
        "type": "Point",
        "coordinates": [
          -2.943144446,
          43.251407578
        ]
      }
    },
    {
      "type": "Feature",
      "properties": {
        "name": "Banco Santander",
        "category": "Servicios profesionales y financieros",
        "category_original": "Banco",
        "status": "activo",
        "confidence": "Alta",
        "source": "OpenStreetMap / Overpass",
        "source_id": "6563355488",
        "walking_distance_m": 356.0,
        "walking_time_min": 4.0,
        "walking_distance_method": "osm_pedestrian_network_dijkstra; snap_local=17.0m; snap_target=14.8m",
        "walking_time_method": "walking_distance_m / 80 m/min, redondeado a minutos",
        "raw_tags": {
          "addr:city": "Bilbao",
          "addr:street": "Ciudadela kalea",
          "amenity": "bank",
          "brand": "Banco Santander",
          "brand:en": "Santander Bank",
          "brand:es": "Banco Santander",
          "brand:wikidata": "Q6496310",
          "brand:wikipedia": "es:Banco Santander",
          "name": "Banco Santander",
          "name:en": "Santander Bank",
          "name:es": "Banco Santander",
          "official_name": "Santander Group",
          "category_original": "Banco",
          "category_standard": "Servicios profesionales y financieros",
          "category_original_raw": "bank"
        },
        "commercial_name": "Banco Santander",
        "enrichment_status": "base;osm:0.86",
        "enrichment_updated_at": "2026-06-26"
      },
      "geometry": {
        "type": "Point",
        "coordinates": [
          -2.9448653,
          43.2523179
        ]
      }
    },
    {
      "type": "Feature",
      "properties": {
        "name": "Laboral Kutxa",
        "category": "Servicios profesionales y financieros",
        "category_original": "Banco",
        "status": "activo",
        "confidence": "Alta",
        "source": "OpenStreetMap / Overpass",
        "source_id": "6563362986",
        "walking_distance_m": 364.0,
        "walking_time_min": 5.0,
        "walking_distance_method": "osm_pedestrian_network_dijkstra; snap_local=17.0m; snap_target=22.7m",
        "walking_time_method": "walking_distance_m / 80 m/min, redondeado a minutos",
        "raw_tags": {
          "addr:city": "Bilbao",
          "addr:street": "Ciudadela kalea",
          "amenity": "bank",
          "brand": "Laboral Kutxa",
          "brand:wikidata": "Q12052386",
          "brand:wikipedia": "en:Laboral Kutxa",
          "name": "Laboral Kutxa",
          "category_original": "Banco",
          "category_standard": "Servicios profesionales y financieros",
          "category_original_raw": "bank"
        },
        "commercial_name": "Laboral Kutxa",
        "enrichment_status": "base;osm:0.86",
        "enrichment_updated_at": "2026-06-26"
      },
      "geometry": {
        "type": "Point",
        "coordinates": [
          -2.944719,
          43.2522376
        ]
      }
    },
    {
      "type": "Feature",
      "properties": {
        "name": "Kutxabank",
        "category": "Servicios profesionales y financieros",
        "category_original": "Banco",
        "status": "activo",
        "confidence": "Alta",
        "source": "OpenStreetMap / Overpass",
        "source_id": "6563355491",
        "walking_distance_m": 409.0,
        "walking_time_min": 5.0,
        "walking_distance_method": "osm_pedestrian_network_dijkstra; snap_local=17.0m; snap_target=11.2m",
        "walking_time_method": "walking_distance_m / 80 m/min, redondeado a minutos",
        "raw_tags": {
          "addr:street": "Ciudadela kalea",
          "amenity": "bank",
          "brand": "Kutxabank",
          "brand:wikidata": "Q5139377",
          "brand:wikipedia": "en:Kutxabank",
          "name": "Kutxabank",
          "category_original": "Banco",
          "category_standard": "Servicios profesionales y financieros",
          "category_original_raw": "bank"
        },
        "commercial_name": "Kutxabank",
        "enrichment_status": "base;osm:0.86",
        "enrichment_updated_at": "2026-06-26"
      },
      "geometry": {
        "type": "Point",
        "coordinates": [
          -2.9443523,
          43.2520447
        ]
      }
    },
    {
      "type": "Feature",
      "properties": {
        "name": "Banco Sabadell",
        "category": "Servicios profesionales y financieros",
        "category_original": "Banco",
        "status": "activo",
        "confidence": "Alta",
        "source": "OpenStreetMap / Overpass",
        "source_id": "6563338786",
        "walking_distance_m": 433.0,
        "walking_time_min": 5.0,
        "walking_distance_method": "osm_pedestrian_network_dijkstra; snap_local=17.0m; snap_target=9.9m",
        "walking_time_method": "walking_distance_m / 80 m/min, redondeado a minutos",
        "raw_tags": {
          "addr:city": "Bilbao",
          "amenity": "bank",
          "brand": "Banco Sabadell",
          "brand:ca": "Banc Sabadell",
          "brand:es": "Banco Sabadell",
          "brand:wikidata": "Q762330",
          "brand:wikipedia": "es:Banco Sabadell",
          "name": "Banco Sabadell",
          "name:ca": "Banc Sabadell",
          "name:es": "Banco Sabadell",
          "official_name": "Banco de Sabadell, S.A.",
          "category_original": "Banco",
          "category_standard": "Servicios profesionales y financieros",
          "category_original_raw": "bank"
        },
        "commercial_name": "Banco Sabadell",
        "enrichment_status": "base;osm:0.86",
        "enrichment_updated_at": "2026-06-26"
      },
      "geometry": {
        "type": "Point",
        "coordinates": [
          -2.944093,
          43.2519318
        ]
      }
    },
    {
      "type": "Feature",
      "properties": {
        "name": "Rural Kutxa",
        "category": "Servicios profesionales y financieros",
        "category_original": "Banco",
        "status": "activo",
        "confidence": "Alta",
        "source": "OpenStreetMap / Overpass",
        "source_id": "6563338787",
        "walking_distance_m": 462.0,
        "walking_time_min": 6.0,
        "walking_distance_method": "osm_pedestrian_network_dijkstra; snap_local=17.0m; snap_target=10.0m",
        "walking_time_method": "walking_distance_m / 80 m/min, redondeado a minutos",
        "raw_tags": {
          "addr:city": "Bilbao",
          "amenity": "bank",
          "name": "Rural Kutxa",
          "category_original": "Banco",
          "category_standard": "Servicios profesionales y financieros",
          "category_original_raw": "bank"
        },
        "commercial_name": "Rural Kutxa",
        "enrichment_status": "base;osm:0.86",
        "enrichment_updated_at": "2026-06-26"
      },
      "geometry": {
        "type": "Point",
        "coordinates": [
          -2.9445306,
          43.251857
        ]
      }
    },
    {
      "type": "Feature",
      "properties": {
        "name": "B&C Bilbo Coworking",
        "category": "Servicios profesionales y financieros",
        "category_original": "Oficinas flexibles y coworking",
        "status": "activo",
        "confidence": "Alta",
        "verification": "media_alta_fuente_especifica_coworking",
        "source": "centros_coworking_oficinas_flexibles_rekalde.geojson + fuentes web/directorios",
        "source_id": "coworking-b-c-bilbo-coworking",
        "subcategory": "salas, oficinas, formaciones, oficina virtual",
        "activity_type": "coworking_oficinas_flexibles",
        "distance_m": 380.0,
        "walking_distance_m": 474.0,
        "walking_time_min": 6.0,
        "walking_distance_method": "estimacion especifica aportada en centros_coworking_oficinas_flexibles_rekalde.geojson",
        "walking_time_method": "minutos estimados aportados en centros_coworking_oficinas_flexibles_rekalde.geojson",
        "address": "Avenida del Ferrocarril / Trenbideko Etorbidea, 10, entreplanta, 48012 Bilbao",
        "phone": "688 684 348",
        "website": "https://bcoworking.com/",
        "source_url": "https://bcoworking.com/",
        "notes": "Es uno de los espacios más próximos al local del KMZ. La web/directorios indican FERROCARRIL 10 - 48012 Bilbao.",
        "coordinate_precision": "media-alta: coordenada publicada en directorio Maptons para Avenida Ferrocarril 10; verificar planta/acceso concreto",
        "raw_tags": {
          "nombre": "B&C Bilbo Coworking",
          "categoria": "coworking / oficinas flexibles",
          "subcategoria": "salas, oficinas, formaciones, oficina virtual",
          "direccion": "Avenida del Ferrocarril / Trenbideko Etorbidea, 10, entreplanta, 48012 Bilbao",
          "barrio_zona": "Ametzola / Rekalde próximo",
          "telefono": "688 684 348",
          "email": null,
          "web": "https://bcoworking.com/",
          "fuentes": [
            "https://bcoworking.com/contacto",
            "https://micentrodenegocios.com/bilbo-coworking/",
            "https://www.cylex.es/bilbao/bilbo-coworking-13670937.html"
          ],
          "servicios_identificados": [
            "coworking",
            "oficinas",
            "salas de reunión",
            "formación",
            "oficina virtual"
          ],
          "estado_fuente": "activo o anunciado en fuentes web consultadas",
          "coordenadas_precision": "media-alta: coordenada publicada en directorio Maptons para Avenida Ferrocarril 10; verificar planta/acceso concreto",
          "distancia_lineal_m": 380,
          "distancia_a_pie_m_estimada": 474,
          "distancia_a_pie_min_estimada": 6,
          "origen_distancias": {
            "lon": -2.947546,
            "lat": 43.254049,
            "source": "centroide aproximado del polígono del KMZ local.kmz"
          },
          "notas": "Es uno de los espacios más próximos al local del KMZ. La web/directorios indican FERROCARRIL 10 - 48012 Bilbao.",
          "source_dataset": "centros_coworking_oficinas_flexibles_rekalde.geojson",
          "category_standard": "Servicios profesionales y financieros",
          "category_original": "Oficinas flexibles y coworking"
        },
        "commercial_name": "B&C Bilbo Coworking",
        "enrichment_status": "base;web",
        "enrichment_updated_at": "2026-06-26"
      },
      "geometry": {
        "type": "Point",
        "coordinates": [
          -2.9461607,
          43.25731
        ]
      }
    },
    {
      "type": "Feature",
      "properties": {
        "name": "Kutxabank",
        "category": "Servicios profesionales y financieros",
        "category_original": "Banco",
        "status": "activo",
        "confidence": "Alta",
        "source": "OpenStreetMap / Overpass",
        "source_id": "4332975929",
        "walking_distance_m": 495.0,
        "walking_time_min": 6.0,
        "walking_distance_method": "osm_pedestrian_network_dijkstra; snap_local=17.0m; snap_target=27.1m",
        "walking_time_method": "walking_distance_m / 80 m/min, redondeado a minutos",
        "raw_tags": {
          "amenity": "bank",
          "atm:network": "Euro 6000",
          "brand": "Kutxabank",
          "brand:wikidata": "Q5139377",
          "brand:wikipedia": "en:Kutxabank",
          "name": "Kutxabank",
          "network": "Euro 6000",
          "operator": "Kutxabank",
          "category_original": "Banco",
          "category_standard": "Servicios profesionales y financieros",
          "category_original_raw": "bank"
        },
        "commercial_name": "Kutxabank",
        "enrichment_status": "base;osm:0.86",
        "enrichment_updated_at": "2026-06-26"
      },
      "geometry": {
        "type": "Point",
        "coordinates": [
          -2.9461761,
          43.2571829
        ]
      }
    },
    {
      "type": "Feature",
      "properties": {
        "name": "Alzola Coworking",
        "category": "Servicios profesionales y financieros",
        "category_original": "Oficinas flexibles y coworking",
        "status": "activo",
        "confidence": "Alta",
        "verification": "media_alta_fuente_especifica_coworking",
        "source": "centros_coworking_oficinas_flexibles_rekalde.geojson + fuentes web/directorios",
        "source_id": "coworking-alzola-coworking",
        "subcategory": "coworking, despachos compartidos, oficinas privadas y salas",
        "activity_type": "coworking_oficinas_flexibles",
        "distance_m": 413.0,
        "walking_distance_m": 516.0,
        "walking_time_min": 6.0,
        "walking_distance_method": "estimacion especifica aportada en centros_coworking_oficinas_flexibles_rekalde.geojson",
        "walking_time_method": "minutos estimados aportados en centros_coworking_oficinas_flexibles_rekalde.geojson",
        "address": "Pablo Alzola, 2 · 3º Izda., 48012 Bilbao",
        "phone": "946 854 652",
        "email": "info@alzolacoworking.com",
        "website": "https://www.alzolacoworking.com/",
        "source_url": "https://www.alzolacoworking.com/",
        "notes": "Fuente oficial indica coworking, despachos compartidos, oficinas privadas, salas de reuniones y espacios multiusos.",
        "coordinate_precision": "alta-media: coordenada de Pablo de Alzola 2 localizada en directorios cartográficos; verificar acceso en 3º izquierda",
        "raw_tags": {
          "nombre": "Alzola Coworking",
          "categoria": "coworking / alquiler de oficinas",
          "subcategoria": "coworking, despachos compartidos, oficinas privadas y salas",
          "direccion": "Pablo Alzola, 2 · 3º Izda., 48012 Bilbao",
          "barrio_zona": "Ametzola / Basurto próximo",
          "telefono": "946 854 652",
          "email": "info@alzolacoworking.com",
          "web": "https://www.alzolacoworking.com/",
          "fuentes": [
            "https://www.alzolacoworking.com/",
            "https://www.alzolacoworking.com/contacto/",
            "https://workin.space/es/coworking/espana/pais-vasco/bilbao/alzola-coworking"
          ],
          "servicios_identificados": [
            "coworking",
            "despachos compartidos",
            "oficinas privadas",
            "salas de reuniones",
            "aulas de formación",
            "oficina virtual"
          ],
          "estado_fuente": "activo o anunciado en fuentes web consultadas",
          "coordenadas_precision": "alta-media: coordenada de Pablo de Alzola 2 localizada en directorios cartográficos; verificar acceso en 3º izquierda",
          "distancia_lineal_m": 413,
          "distancia_a_pie_m_estimada": 516,
          "distancia_a_pie_min_estimada": 6,
          "origen_distancias": {
            "lon": -2.947546,
            "lat": 43.254049,
            "source": "centroide aproximado del polígono del KMZ local.kmz"
          },
          "notas": "Fuente oficial indica coworking, despachos compartidos, oficinas privadas, salas de reuniones y espacios multiusos.",
          "source_dataset": "centros_coworking_oficinas_flexibles_rekalde.geojson",
          "category_standard": "Servicios profesionales y financieros",
          "category_original": "Oficinas flexibles y coworking"
        },
        "commercial_name": "Alzola Coworking",
        "enrichment_status": "base;web",
        "enrichment_updated_at": "2026-06-26"
      },
      "geometry": {
        "type": "Point",
        "coordinates": [
          -2.946953,
          43.257737
        ]
      }
    },
    {
      "type": "Feature",
      "properties": {
        "name": "Kutxabank",
        "category": "Servicios profesionales y financieros",
        "category_original": "Banco",
        "status": "activo",
        "confidence": "Alta",
        "source": "OpenStreetMap / Overpass",
        "source_id": "4395427804",
        "walking_distance_m": 701.0,
        "walking_time_min": 9.0,
        "walking_distance_method": "osm_pedestrian_network_dijkstra; snap_local=17.0m; snap_target=7.8m",
        "walking_time_method": "walking_distance_m / 80 m/min, redondeado a minutos",
        "raw_tags": {
          "addr:housenumber": "1",
          "addr:street": "Iturribarria kalea",
          "amenity": "bank",
          "brand": "Kutxabank",
          "brand:wikidata": "Q5139377",
          "brand:wikipedia": "en:Kutxabank",
          "name": "Kutxabank",
          "category_original": "Banco",
          "category_standard": "Servicios profesionales y financieros",
          "category_original_raw": "bank"
        },
        "commercial_name": "Kutxabank",
        "enrichment_status": "base;osm:0.86",
        "enrichment_updated_at": "2026-06-26"
      },
      "geometry": {
        "type": "Point",
        "coordinates": [
          -2.950413,
          43.2576311
        ]
      }
    },
    {
      "type": "Feature",
      "properties": {
        "name": "SF38 Coworking Arquitectas",
        "category": "Servicios profesionales y financieros",
        "category_original": "Oficinas flexibles y coworking",
        "status": "activo",
        "confidence": "Media",
        "verification": "media_alta_fuente_especifica_coworking",
        "source": "centros_coworking_oficinas_flexibles_rekalde.geojson + fuentes web/directorios",
        "source_id": "coworking-sf38-coworking-arquitectas",
        "subcategory": "coworking / estudio compartido de arquitectura",
        "activity_type": "coworking_oficinas_flexibles",
        "distance_m": 1468.0,
        "walking_distance_m": 1834.0,
        "walking_time_min": 23.0,
        "walking_distance_method": "estimacion especifica aportada en centros_coworking_oficinas_flexibles_rekalde.geojson",
        "walking_time_method": "minutos estimados aportados en centros_coworking_oficinas_flexibles_rekalde.geojson",
        "address": "San Francisco 38, Bajo Dcha., 48003 Bilbao",
        "source_url": "https://www.coworkintel.com/best-coworking-spaces/spain/sf38-coworking-arquitectas",
        "notes": "Incluido como espacio de coworking identificado en directorios especializados; requiere verificación directa si se considera opción comercial.",
        "coordinate_precision": "aproximada por dirección; verificar continuidad operativa y acceso",
        "raw_tags": {
          "nombre": "SF38 Coworking Arquitectas",
          "categoria": "coworking especializado",
          "subcategoria": "coworking / estudio compartido de arquitectura",
          "direccion": "San Francisco 38, Bajo Dcha., 48003 Bilbao",
          "barrio_zona": "San Francisco / Bilbao La Vieja",
          "telefono": null,
          "email": null,
          "web": null,
          "fuentes": [
            "https://www.coworkintel.com/best-coworking-spaces/spain/sf38-coworking-arquitectas",
            "https://coworkingspaces.me/bilbao_old-town/"
          ],
          "servicios_identificados": [
            "coworking",
            "estudio compartido"
          ],
          "estado_fuente": "activo o anunciado en fuentes web consultadas",
          "coordenadas_precision": "aproximada por dirección; verificar continuidad operativa y acceso",
          "distancia_lineal_m": 1468,
          "distancia_a_pie_m_estimada": 1834,
          "distancia_a_pie_min_estimada": 23,
          "origen_distancias": {
            "lon": -2.947546,
            "lat": 43.254049,
            "source": "centroide aproximado del polígono del KMZ local.kmz"
          },
          "notas": "Incluido como espacio de coworking identificado en directorios especializados; requiere verificación directa si se considera opción comercial.",
          "source_dataset": "centros_coworking_oficinas_flexibles_rekalde.geojson",
          "category_standard": "Servicios profesionales y financieros",
          "category_original": "Oficinas flexibles y coworking"
        },
        "commercial_name": "SF38 Coworking Arquitectas",
        "enrichment_status": "base",
        "enrichment_updated_at": "2026-06-26"
      },
      "geometry": {
        "type": "Point",
        "coordinates": [
          -2.9295,
          43.25525
        ]
      }
    },
    {
      "type": "Feature",
      "properties": {
        "name": "Wikitoki Co-Lab",
        "category": "Servicios profesionales y financieros",
        "category_original": "Oficinas flexibles y coworking",
        "status": "activo",
        "confidence": "Media",
        "verification": "media_alta_fuente_especifica_coworking",
        "source": "centros_coworking_oficinas_flexibles_rekalde.geojson + fuentes web/directorios",
        "source_id": "coworking-wikitoki-co-lab",
        "subcategory": "espacio compartido y recursos físicos; proyectos colaborativos",
        "activity_type": "coworking_oficinas_flexibles",
        "distance_m": 1517.0,
        "walking_distance_m": 1896.0,
        "walking_time_min": 24.0,
        "walking_distance_method": "estimacion especifica aportada en centros_coworking_oficinas_flexibles_rekalde.geojson",
        "walking_time_method": "minutos estimados aportados en centros_coworking_oficinas_flexibles_rekalde.geojson",
        "address": "Plaza La Cantera, 5 - 2º, 48003 Bilbao",
        "email": "info@wikitoki.org",
        "website": "https://wikitoki.org/",
        "source_url": "https://wikitoki.org/",
        "notes": "No es un coworking comercial convencional; se incluye por su función de espacio colaborativo/co-lab.",
        "coordinate_precision": "aproximada por dirección; Plaza La Cantera 5",
        "raw_tags": {
          "nombre": "Wikitoki Co-Lab",
          "categoria": "coworking colaborativo / laboratorio ciudadano",
          "subcategoria": "espacio compartido y recursos físicos; proyectos colaborativos",
          "direccion": "Plaza La Cantera, 5 - 2º, 48003 Bilbao",
          "barrio_zona": "San Francisco / Bilbao La Vieja",
          "telefono": null,
          "email": "info@wikitoki.org",
          "web": "https://wikitoki.org/",
          "fuentes": [
            "https://wikitoki.org/blog/2020/09/21/seis-escenarios-para-explorar-el-futuro-de-wikitoki/",
            "https://wikitoki.org/wp-content/uploads/2021/03/Memoria_WKT2020.pdf"
          ],
          "servicios_identificados": [
            "espacio compartido",
            "proyectos colaborativos",
            "laboratorio profesional",
            "residencias/actividades"
          ],
          "estado_fuente": "activo o anunciado en fuentes web consultadas",
          "coordenadas_precision": "aproximada por dirección; Plaza La Cantera 5",
          "distancia_lineal_m": 1517,
          "distancia_a_pie_m_estimada": 1896,
          "distancia_a_pie_min_estimada": 24,
          "origen_distancias": {
            "lon": -2.947546,
            "lat": 43.254049,
            "source": "centroide aproximado del polígono del KMZ local.kmz"
          },
          "notas": "No es un coworking comercial convencional; se incluye por su función de espacio colaborativo/co-lab.",
          "source_dataset": "centros_coworking_oficinas_flexibles_rekalde.geojson",
          "category_standard": "Servicios profesionales y financieros",
          "category_original": "Oficinas flexibles y coworking"
        },
        "commercial_name": "Wikitoki Co-Lab",
        "enrichment_status": "base",
        "enrichment_updated_at": "2026-06-26",
        "photo_url": "https://wikitoki.org/wp-content/uploads/2020/06/Sobre-wikitoki_02.jpg",
        "photo_source_url": "https://wikitoki.org/",
        "photo_source": "Web pública"
      },
      "geometry": {
        "type": "Point",
        "coordinates": [
          -2.92912,
          43.25649
        ]
      }
    },
    {
      "type": "Feature",
      "properties": {
        "name": "MP10 Centro de Negocios",
        "category": "Servicios profesionales y financieros",
        "category_original": "Oficinas flexibles y coworking",
        "status": "activo",
        "confidence": "Media",
        "verification": "media_alta_fuente_especifica_coworking",
        "source": "centros_coworking_oficinas_flexibles_rekalde.geojson + fuentes web/directorios",
        "source_id": "coworking-mp10-centro-de-negocios",
        "subcategory": "despachos y puestos flexibles",
        "activity_type": "coworking_oficinas_flexibles",
        "distance_m": 1650.0,
        "walking_distance_m": 2062.0,
        "walking_time_min": 26.0,
        "walking_distance_method": "estimacion especifica aportada en centros_coworking_oficinas_flexibles_rekalde.geojson",
        "walking_time_method": "minutos estimados aportados en centros_coworking_oficinas_flexibles_rekalde.geojson",
        "address": "Portuko Markesaren Kalea, 10, 1º derecha, 48008 Bilbao",
        "phone": "944 155 121",
        "source_url": "https://workin.space/es/coworking/espana/pais-vasco/bilbao/mp10",
        "notes": "Verificar número exacto antes de georreferenciación operativa: Workin.space lista Portuko Markesaren Kalea; otros directorios indican Portuko Markesaren 10.",
        "coordinate_precision": "aproximada por dirección; existe discrepancia menor entre Portuko Markesaren 1/10 en fuentes, se adopta nº 10 por directorio de centro de negocios",
        "raw_tags": {
          "nombre": "MP10 Centro de Negocios",
          "categoria": "centro de negocios / coworking",
          "subcategoria": "despachos y puestos flexibles",
          "direccion": "Portuko Markesaren Kalea, 10, 1º derecha, 48008 Bilbao",
          "barrio_zona": "Abando / Ensanche",
          "telefono": "944 155 121",
          "email": null,
          "web": null,
          "fuentes": [
            "https://workin.space/es/coworking/espana/pais-vasco/bilbao/mp10",
            "https://oficina.directoriogratis.es/mp10-centro-de-negocios-bilbao/",
            "https://www.servipyme.com/es/negocio/spankor-centro-de-negocios-bilbao"
          ],
          "servicios_identificados": [
            "coworking",
            "hot desk",
            "oficina privada",
            "centro de negocios"
          ],
          "estado_fuente": "activo o anunciado en fuentes web consultadas",
          "coordenadas_precision": "aproximada por dirección; existe discrepancia menor entre Portuko Markesaren 1/10 en fuentes, se adopta nº 10 por directorio de centro de negocios",
          "distancia_lineal_m": 1650,
          "distancia_a_pie_m_estimada": 2062,
          "distancia_a_pie_min_estimada": 26,
          "origen_distancias": {
            "lon": -2.947546,
            "lat": 43.254049,
            "source": "centroide aproximado del polígono del KMZ local.kmz"
          },
          "notas": "Verificar número exacto antes de georreferenciación operativa: Workin.space lista Portuko Markesaren Kalea; otros directorios indican Portuko Markesaren 10.",
          "source_dataset": "centros_coworking_oficinas_flexibles_rekalde.geojson",
          "category_standard": "Servicios profesionales y financieros",
          "category_original": "Oficinas flexibles y coworking"
        },
        "commercial_name": "MP10 Centro de Negocios",
        "enrichment_status": "base",
        "enrichment_updated_at": "2026-06-26"
      },
      "geometry": {
        "type": "Point",
        "coordinates": [
          -2.9309,
          43.2626
        ]
      }
    },
    {
      "type": "Feature",
      "properties": {
        "name": "Regus Gran Vía 19",
        "category": "Servicios profesionales y financieros",
        "category_original": "Oficinas flexibles y coworking",
        "status": "activo",
        "confidence": "Media",
        "verification": "media_alta_fuente_especifica_coworking",
        "source": "centros_coworking_oficinas_flexibles_rekalde.geojson + fuentes web/directorios",
        "source_id": "coworking-regus-gran-via-19",
        "subcategory": "espacio abierto, despacho privado, salas de reuniones",
        "activity_type": "coworking_oficinas_flexibles",
        "distance_m": 1653.0,
        "walking_distance_m": 2066.0,
        "walking_time_min": 26.0,
        "walking_distance_method": "estimacion especifica aportada en centros_coworking_oficinas_flexibles_rekalde.geojson",
        "walking_time_method": "minutos estimados aportados en centros_coworking_oficinas_flexibles_rekalde.geojson",
        "address": "Gran Vía 19-21, 2ª y 3ª planta, 48001/48008 Bilbao",
        "website": "https://www.regus.com/es/es/spain/bilbao/gran-via-1788",
        "source_url": "https://www.regus.com/es/es/spain/bilbao/gran-via-1788",
        "notes": "Workin.space indica precios desde 249 €/mes para espacio abierto y 259 €/mes para despacho privado; revisar tarifas actuales antes de uso comercial.",
        "coordinate_precision": "aproximada por dirección; Gran Vía 19-21",
        "raw_tags": {
          "nombre": "Regus Gran Vía 19",
          "categoria": "coworking / oficinas flexibles corporativas",
          "subcategoria": "espacio abierto, despacho privado, salas de reuniones",
          "direccion": "Gran Vía 19-21, 2ª y 3ª planta, 48001/48008 Bilbao",
          "barrio_zona": "Abando / Ensanche",
          "telefono": null,
          "email": null,
          "web": "https://www.regus.com/es/es/spain/bilbao/gran-via-1788",
          "fuentes": [
            "https://workin.space/es/coworking/espana/pais-vasco/bilbao/regus-gran-via-19",
            "https://www.regus.com/es/es/basque-country/bilbao/coworking"
          ],
          "servicios_identificados": [
            "coworking",
            "despacho privado",
            "salas de reuniones",
            "acceso 24/7",
            "oficina virtual",
            "gestión de correo"
          ],
          "estado_fuente": "activo o anunciado en fuentes web consultadas",
          "coordenadas_precision": "aproximada por dirección; Gran Vía 19-21",
          "distancia_lineal_m": 1653,
          "distancia_a_pie_m_estimada": 2066,
          "distancia_a_pie_min_estimada": 26,
          "origen_distancias": {
            "lon": -2.947546,
            "lat": 43.254049,
            "source": "centroide aproximado del polígono del KMZ local.kmz"
          },
          "notas": "Workin.space indica precios desde 249 €/mes para espacio abierto y 259 €/mes para despacho privado; revisar tarifas actuales antes de uso comercial.",
          "source_dataset": "centros_coworking_oficinas_flexibles_rekalde.geojson",
          "category_standard": "Servicios profesionales y financieros",
          "category_original": "Oficinas flexibles y coworking"
        },
        "commercial_name": "Regus Gran Vía 19",
        "enrichment_status": "base;web",
        "enrichment_updated_at": "2026-06-26"
      },
      "geometry": {
        "type": "Point",
        "coordinates": [
          -2.9303,
          43.262
        ]
      }
    },
    {
      "type": "Feature",
      "properties": {
        "name": "Talent Garden Bilbao / BAT - B Accelerator Tower",
        "category": "Servicios profesionales y financieros",
        "category_original": "Oficinas flexibles y coworking",
        "status": "activo",
        "confidence": "Media",
        "verification": "media_alta_fuente_especifica_coworking",
        "source": "centros_coworking_oficinas_flexibles_rekalde.geojson + fuentes web/directorios",
        "source_id": "coworking-talent-garden-bilbao-bat-b-accelerator-tower",
        "subcategory": "oficinas privadas, espacios flexibles y salas de eventos",
        "activity_type": "coworking_oficinas_flexibles",
        "distance_m": 1798.0,
        "walking_distance_m": 2248.0,
        "walking_time_min": 28.0,
        "walking_distance_method": "estimacion especifica aportada en centros_coworking_oficinas_flexibles_rekalde.geojson",
        "walking_time_method": "minutos estimados aportados en centros_coworking_oficinas_flexibles_rekalde.geojson",
        "address": "Torre Bizkaia / BAT, Gran Vía 1, 48001 Bilbao",
        "website": "https://talentgarden.com/es/coworking/bilbao",
        "source_url": "https://talentgarden.com/es/coworking/bilbao",
        "notes": "Campus de innovación en B Accelerator Tower, más orientado a empresas/startups que a coworking de proximidad.",
        "coordinate_precision": "aproximada por edificio; Torre Bizkaia / BAT",
        "raw_tags": {
          "nombre": "Talent Garden Bilbao / BAT - B Accelerator Tower",
          "categoria": "coworking / campus de innovación",
          "subcategoria": "oficinas privadas, espacios flexibles y salas de eventos",
          "direccion": "Torre Bizkaia / BAT, Gran Vía 1, 48001 Bilbao",
          "barrio_zona": "Abando / Plaza Circular",
          "telefono": null,
          "email": null,
          "web": "https://talentgarden.com/es/coworking/bilbao",
          "fuentes": [
            "https://talentgarden.com/es/coworking/bilbao"
          ],
          "servicios_identificados": [
            "oficinas privadas",
            "espacios flexibles",
            "salas de eventos",
            "terraza",
            "comunidad innovación"
          ],
          "estado_fuente": "activo o anunciado en fuentes web consultadas",
          "coordenadas_precision": "aproximada por edificio; Torre Bizkaia / BAT",
          "distancia_lineal_m": 1798,
          "distancia_a_pie_m_estimada": 2248,
          "distancia_a_pie_min_estimada": 28,
          "origen_distancias": {
            "lon": -2.947546,
            "lat": 43.254049,
            "source": "centroide aproximado del polígono del KMZ local.kmz"
          },
          "notas": "Campus de innovación en B Accelerator Tower, más orientado a empresas/startups que a coworking de proximidad.",
          "source_dataset": "centros_coworking_oficinas_flexibles_rekalde.geojson",
          "category_standard": "Servicios profesionales y financieros",
          "category_original": "Oficinas flexibles y coworking"
        },
        "commercial_name": "Talent Garden Bilbao / BAT - B Accelerator Tower",
        "enrichment_status": "base;web",
        "enrichment_updated_at": "2026-06-26"
      },
      "geometry": {
        "type": "Point",
        "coordinates": [
          -2.92735,
          43.26077
        ]
      }
    },
    {
      "type": "Feature",
      "properties": {
        "name": "Regus / Spaces Avenida Madariaga 1",
        "category": "Servicios profesionales y financieros",
        "category_original": "Oficinas flexibles y coworking",
        "status": "activo",
        "confidence": "Alta",
        "verification": "media_alta_fuente_especifica_coworking",
        "source": "centros_coworking_oficinas_flexibles_rekalde.geojson + fuentes web/directorios",
        "source_id": "coworking-regus-spaces-avenida-madariaga-1",
        "subcategory": "oficinas, coworking, salas y oficina virtual",
        "activity_type": "coworking_oficinas_flexibles",
        "distance_m": 1924.0,
        "walking_distance_m": 2405.0,
        "walking_time_min": 30.0,
        "walking_distance_method": "estimacion especifica aportada en centros_coworking_oficinas_flexibles_rekalde.geojson",
        "walking_time_method": "minutos estimados aportados en centros_coworking_oficinas_flexibles_rekalde.geojson",
        "address": "Avenida Madariaga 1, planta 3, 48014 Bilbao",
        "website": "https://www.spacesworks.com/es/es/5207",
        "source_url": "https://www.spacesworks.com/es/es/5207",
        "notes": "Aunque queda más alejado del local, se incluye por ser un operador corporativo relevante en Bilbao/Deusto.",
        "coordinate_precision": "alta-media: coordenada convertida desde UTM publicada para Avenida Madariaga 1; verificar planta 3",
        "raw_tags": {
          "nombre": "Regus / Spaces Avenida Madariaga 1",
          "categoria": "coworking / oficinas flexibles corporativas",
          "subcategoria": "oficinas, coworking, salas y oficina virtual",
          "direccion": "Avenida Madariaga 1, planta 3, 48014 Bilbao",
          "barrio_zona": "Deusto",
          "telefono": null,
          "email": null,
          "web": "https://www.spacesworks.com/es/es/5207",
          "fuentes": [
            "https://www.spacesworks.com/es/es/5207",
            "https://workin.space/es/coworking/espana/pais-vasco/bilbao/regus-avenida-madariaga",
            "https://opendata.euskadi.eus/contenidos/ds_localizaciones/desfibriladores/opendata/desfibriladores.xlsx"
          ],
          "servicios_identificados": [
            "coworking",
            "oficinas privadas",
            "salas de reuniones",
            "oficina virtual",
            "acceso 24/7",
            "aparcamiento"
          ],
          "estado_fuente": "activo o anunciado en fuentes web consultadas",
          "coordenadas_precision": "alta-media: coordenada convertida desde UTM publicada para Avenida Madariaga 1; verificar planta 3",
          "distancia_lineal_m": 1924,
          "distancia_a_pie_m_estimada": 2405,
          "distancia_a_pie_min_estimada": 30,
          "origen_distancias": {
            "lon": -2.947546,
            "lat": 43.254049,
            "source": "centroide aproximado del polígono del KMZ local.kmz"
          },
          "notas": "Aunque queda más alejado del local, se incluye por ser un operador corporativo relevante en Bilbao/Deusto.",
          "source_dataset": "centros_coworking_oficinas_flexibles_rekalde.geojson",
          "category_standard": "Servicios profesionales y financieros",
          "category_original": "Oficinas flexibles y coworking"
        },
        "commercial_name": "Regus / Spaces Avenida Madariaga 1",
        "enrichment_status": "base;web",
        "enrichment_updated_at": "2026-06-26"
      },
      "geometry": {
        "type": "Point",
        "coordinates": [
          -2.9439155,
          43.2711458
        ]
      }
    },
    {
      "type": "Feature",
      "properties": {
        "name": "The Makery",
        "category": "Servicios profesionales y financieros",
        "category_original": "Oficinas flexibles y coworking",
        "status": "activo",
        "confidence": "Media",
        "verification": "media_alta_fuente_especifica_coworking",
        "source": "centros_coworking_oficinas_flexibles_rekalde.geojson + fuentes web/directorios",
        "source_id": "coworking-the-makery",
        "subcategory": "espacio de coworking, prototipado y actividades maker",
        "activity_type": "coworking_oficinas_flexibles",
        "distance_m": 1935.0,
        "walking_distance_m": 2418.0,
        "walking_time_min": 30.0,
        "walking_distance_method": "estimacion especifica aportada en centros_coworking_oficinas_flexibles_rekalde.geojson",
        "walking_time_method": "minutos estimados aportados en centros_coworking_oficinas_flexibles_rekalde.geojson",
        "address": "Uribitarte Pasealekua, 3, 48001 Bilbao",
        "phone": "946 033 596",
        "website": "https://themakery.coop/",
        "source_url": "https://themakery.coop/",
        "notes": "Hay fuentes históricas que también lo vinculan a Bilbao Berrikuntza Faktoria/Uribitarte 6; se adopta Uribitarte 3 por directorios de coworking. Verificar continuidad.",
        "coordinate_precision": "aproximada por dirección; Uribitarte Pasealekua 3",
        "raw_tags": {
          "nombre": "The Makery",
          "categoria": "coworking / maker space",
          "subcategoria": "espacio de coworking, prototipado y actividades maker",
          "direccion": "Uribitarte Pasealekua, 3, 48001 Bilbao",
          "barrio_zona": "Abando / Uribitarte",
          "telefono": "946 033 596",
          "email": null,
          "web": "https://themakery.coop/",
          "fuentes": [
            "https://www.coworkintel.com/best-coworking-spaces/spain/the-makery",
            "https://cotreball.com/espacio/the-makery",
            "https://www.bilbaotxiki.com/2016/09/nuestros-txikis-se-convierten-en.html"
          ],
          "servicios_identificados": [
            "coworking",
            "prototipado",
            "maker space",
            "formación tecnológica"
          ],
          "estado_fuente": "activo o anunciado en fuentes web consultadas",
          "coordenadas_precision": "aproximada por dirección; Uribitarte Pasealekua 3",
          "distancia_lineal_m": 1935,
          "distancia_a_pie_m_estimada": 2418,
          "distancia_a_pie_min_estimada": 30,
          "origen_distancias": {
            "lon": -2.947546,
            "lat": 43.254049,
            "source": "centroide aproximado del polígono del KMZ local.kmz"
          },
          "notas": "Hay fuentes históricas que también lo vinculan a Bilbao Berrikuntza Faktoria/Uribitarte 6; se adopta Uribitarte 3 por directorios de coworking. Verificar continuidad.",
          "source_dataset": "centros_coworking_oficinas_flexibles_rekalde.geojson",
          "category_standard": "Servicios profesionales y financieros",
          "category_original": "Oficinas flexibles y coworking"
        },
        "commercial_name": "The Makery",
        "enrichment_status": "base;web_error:URLError",
        "enrichment_updated_at": "2026-06-26"
      },
      "geometry": {
        "type": "Point",
        "coordinates": [
          -2.92795,
          43.264
        ]
      }
    },
    {
      "type": "Feature",
      "properties": {
        "name": "Spaces Buenos Aires 12 / Spaces Abando",
        "category": "Servicios profesionales y financieros",
        "category_original": "Oficinas flexibles y coworking",
        "status": "activo",
        "confidence": "Media",
        "verification": "media_alta_fuente_especifica_coworking",
        "source": "centros_coworking_oficinas_flexibles_rekalde.geojson + fuentes web/directorios",
        "source_id": "coworking-spaces-buenos-aires-12-spaces-abando",
        "subcategory": "oficinas, coworking, salas y oficina virtual",
        "activity_type": "coworking_oficinas_flexibles",
        "distance_m": 1935.0,
        "walking_distance_m": 2419.0,
        "walking_time_min": 30.0,
        "walking_distance_method": "estimacion especifica aportada en centros_coworking_oficinas_flexibles_rekalde.geojson",
        "walking_time_method": "minutos estimados aportados en centros_coworking_oficinas_flexibles_rekalde.geojson",
        "address": "Calle Buenos Aires, 12, 48001 Bilbao",
        "website": "https://www.spacesworks.com/es/es/5249",
        "source_url": "https://www.spacesworks.com/es/es/5249",
        "notes": "Spaces declara dirección en Calle Buenos Aires 12 y oferta coworking/oficinas con servicios corporativos.",
        "coordinate_precision": "aproximada por dirección; Calle Buenos Aires 12",
        "raw_tags": {
          "nombre": "Spaces Buenos Aires 12 / Spaces Abando",
          "categoria": "coworking / oficinas flexibles corporativas",
          "subcategoria": "oficinas, coworking, salas y oficina virtual",
          "direccion": "Calle Buenos Aires, 12, 48001 Bilbao",
          "barrio_zona": "Abando",
          "telefono": null,
          "email": null,
          "web": "https://www.spacesworks.com/es/es/5249",
          "fuentes": [
            "https://www.spacesworks.com/es/es/5249",
            "https://workin.space/es/coworking/espana/pais-vasco/bilbao/spaces-buenos-aires-12"
          ],
          "servicios_identificados": [
            "coworking",
            "oficinas privadas",
            "salas de reuniones",
            "pase diario",
            "oficina virtual",
            "acceso 24/7"
          ],
          "estado_fuente": "activo o anunciado en fuentes web consultadas",
          "coordenadas_precision": "aproximada por dirección; Calle Buenos Aires 12",
          "distancia_lineal_m": 1935,
          "distancia_a_pie_m_estimada": 2419,
          "distancia_a_pie_min_estimada": 30,
          "origen_distancias": {
            "lon": -2.947546,
            "lat": 43.254049,
            "source": "centroide aproximado del polígono del KMZ local.kmz"
          },
          "notas": "Spaces declara dirección en Calle Buenos Aires 12 y oferta coworking/oficinas con servicios corporativos.",
          "source_dataset": "centros_coworking_oficinas_flexibles_rekalde.geojson",
          "category_standard": "Servicios profesionales y financieros",
          "category_original": "Oficinas flexibles y coworking"
        },
        "commercial_name": "Spaces Buenos Aires 12 / Spaces Abando",
        "enrichment_status": "base;web",
        "enrichment_updated_at": "2026-06-26"
      },
      "geometry": {
        "type": "Point",
        "coordinates": [
          -2.9273,
          43.2633
        ]
      }
    },
    {
      "type": "Feature",
      "properties": {
        "name": "Bilbao Lab Coworking",
        "category": "Servicios profesionales y financieros",
        "category_original": "Oficinas flexibles y coworking",
        "status": "activo",
        "confidence": "Alta",
        "verification": "media_alta_fuente_especifica_coworking",
        "source": "centros_coworking_oficinas_flexibles_rekalde.geojson + fuentes web/directorios",
        "source_id": "coworking-bilbao-lab-coworking",
        "subcategory": "puestos, salas, oficina virtual y espacios para equipos",
        "activity_type": "coworking_oficinas_flexibles",
        "distance_m": 1957.0,
        "walking_distance_m": 2446.0,
        "walking_time_min": 31.0,
        "walking_distance_method": "estimacion especifica aportada en centros_coworking_oficinas_flexibles_rekalde.geojson",
        "walking_time_method": "minutos estimados aportados en centros_coworking_oficinas_flexibles_rekalde.geojson",
        "address": "Alameda de Mazarredo 25, 1º, 48009 Bilbao",
        "phone": "946 941 104",
        "email": "info@bilbaolabcoworking.com",
        "website": "https://bilbaolabcoworking.com/",
        "source_url": "https://bilbaolabcoworking.com/",
        "notes": "La web oficial indica puestos fijos, temporales o por horas, salas de reuniones, conexiones de alta velocidad y oficina virtual.",
        "coordinate_precision": "alta-media: coordenada publicada por Páginas Amarillas para Alameda Mazarredo 25",
        "raw_tags": {
          "nombre": "Bilbao Lab Coworking",
          "categoria": "coworking / oficinas flexibles",
          "subcategoria": "puestos, salas, oficina virtual y espacios para equipos",
          "direccion": "Alameda de Mazarredo 25, 1º, 48009 Bilbao",
          "barrio_zona": "Abando / Mazarredo",
          "telefono": "946 941 104",
          "email": "info@bilbaolabcoworking.com",
          "web": "https://bilbaolabcoworking.com/",
          "fuentes": [
            "https://bilbaolabcoworking.com/",
            "https://bilbaolabcoworking.com/localizacion-y-alrededores-de-bilbao-lab-coworking/",
            "https://www.paginasamarillas.es/f/bilbao/bilbao-lab-coworking_230016958_000000001.html"
          ],
          "servicios_identificados": [
            "puestos fijos",
            "puestos temporales",
            "puestos por horas",
            "salas de reuniones",
            "oficina virtual",
            "espacios para equipos"
          ],
          "estado_fuente": "activo o anunciado en fuentes web consultadas",
          "coordenadas_precision": "alta-media: coordenada publicada por Páginas Amarillas para Alameda Mazarredo 25",
          "distancia_lineal_m": 1957,
          "distancia_a_pie_m_estimada": 2446,
          "distancia_a_pie_min_estimada": 31,
          "origen_distancias": {
            "lon": -2.947546,
            "lat": 43.254049,
            "source": "centroide aproximado del polígono del KMZ local.kmz"
          },
          "notas": "La web oficial indica puestos fijos, temporales o por horas, salas de reuniones, conexiones de alta velocidad y oficina virtual.",
          "source_dataset": "centros_coworking_oficinas_flexibles_rekalde.geojson",
          "category_standard": "Servicios profesionales y financieros",
          "category_original": "Oficinas flexibles y coworking"
        },
        "commercial_name": "Bilbao Lab Coworking",
        "enrichment_status": "base;web",
        "enrichment_updated_at": "2026-06-26"
      },
      "geometry": {
        "type": "Point",
        "coordinates": [
          -2.93014,
          43.26626
        ]
      }
    },
    {
      "type": "Feature",
      "properties": {
        "name": "Huruma",
        "category": "Servicios profesionales y financieros",
        "category_original": "Oficinas flexibles y coworking",
        "status": "activo",
        "confidence": "Media",
        "verification": "media_alta_fuente_especifica_coworking",
        "source": "centros_coworking_oficinas_flexibles_rekalde.geojson + fuentes web/directorios",
        "source_id": "coworking-huruma",
        "subcategory": "estudio compartido para profesionales del diseño",
        "activity_type": "coworking_oficinas_flexibles",
        "distance_m": 1957.0,
        "walking_distance_m": 2447.0,
        "walking_time_min": 31.0,
        "walking_distance_method": "estimacion especifica aportada en centros_coworking_oficinas_flexibles_rekalde.geojson",
        "walking_time_method": "minutos estimados aportados en centros_coworking_oficinas_flexibles_rekalde.geojson",
        "address": "Mazarredo Zumarkalea / Alameda Mazarredo, 35, 48009 Bilbao",
        "source_url": "https://workin.space/es/coworking/espana/pais-vasco/bilbao/huruma",
        "notes": "Espacio de estudio compartido; fuentes indican que no dispone de oficinas privadas ni salas de reuniones para más de seis personas.",
        "coordinate_precision": "aproximada por dirección; Alameda Mazarredo 35",
        "raw_tags": {
          "nombre": "Huruma",
          "categoria": "coworking creativo / estudio compartido",
          "subcategoria": "estudio compartido para profesionales del diseño",
          "direccion": "Mazarredo Zumarkalea / Alameda Mazarredo, 35, 48009 Bilbao",
          "barrio_zona": "Abando / Guggenheim",
          "telefono": null,
          "email": null,
          "web": null,
          "fuentes": [
            "https://workin.space/es/coworking/espana/pais-vasco/bilbao/huruma",
            "https://coworkingcerca.com/coworking-bilbao/huruma-coworking/",
            "https://coworkingspain.es/espacios/coworking/bilbao/huruma"
          ],
          "servicios_identificados": [
            "mesa fija",
            "estudio compartido",
            "office",
            "reuniones pequeñas"
          ],
          "estado_fuente": "activo o anunciado en fuentes web consultadas",
          "coordenadas_precision": "aproximada por dirección; Alameda Mazarredo 35",
          "distancia_lineal_m": 1957,
          "distancia_a_pie_m_estimada": 2447,
          "distancia_a_pie_min_estimada": 31,
          "origen_distancias": {
            "lon": -2.947546,
            "lat": 43.254049,
            "source": "centroide aproximado del polígono del KMZ local.kmz"
          },
          "notas": "Espacio de estudio compartido; fuentes indican que no dispone de oficinas privadas ni salas de reuniones para más de seis personas.",
          "source_dataset": "centros_coworking_oficinas_flexibles_rekalde.geojson",
          "category_standard": "Servicios profesionales y financieros",
          "category_original": "Oficinas flexibles y coworking"
        },
        "commercial_name": "Huruma",
        "enrichment_status": "base",
        "enrichment_updated_at": "2026-06-26"
      },
      "geometry": {
        "type": "Point",
        "coordinates": [
          -2.93125,
          43.26705
        ]
      }
    },
    {
      "type": "Feature",
      "properties": {
        "name": "Spankor Centro de Negocios Bilbao",
        "category": "Servicios profesionales y financieros",
        "category_original": "Oficinas flexibles y coworking",
        "status": "activo",
        "confidence": "Alta",
        "verification": "media_alta_fuente_especifica_coworking",
        "source": "centros_coworking_oficinas_flexibles_rekalde.geojson + fuentes web/directorios",
        "source_id": "coworking-spankor-centro-de-negocios-bilbao",
        "subcategory": "despachos, salas y dirección de negocios",
        "activity_type": "coworking_oficinas_flexibles",
        "distance_m": 1961.0,
        "walking_distance_m": 2451.0,
        "walking_time_min": 31.0,
        "walking_distance_method": "estimacion especifica aportada en centros_coworking_oficinas_flexibles_rekalde.geojson",
        "walking_time_method": "minutos estimados aportados en centros_coworking_oficinas_flexibles_rekalde.geojson",
        "address": "San Vicente / Done Bikendi Kalea 8, 6º pta., dpto. 8, Edificio Albia I, 48001 Bilbao",
        "phone": "944 355 373",
        "email": "albia@spankor.com",
        "website": "https://www.spankor.com/",
        "source_url": "https://www.spankor.com/",
        "notes": "Centro de negocios con servicios de oficina; se incluye como instalación asimilable a coworking/oficinas flexibles.",
        "coordinate_precision": "alta-media: coordenada publicada por Páginas Amarillas para la dirección San Vicente/Done Bikendi 8",
        "raw_tags": {
          "nombre": "Spankor Centro de Negocios Bilbao",
          "categoria": "centro de negocios / oficinas flexibles",
          "subcategoria": "despachos, salas y dirección de negocios",
          "direccion": "San Vicente / Done Bikendi Kalea 8, 6º pta., dpto. 8, Edificio Albia I, 48001 Bilbao",
          "barrio_zona": "Abando / Jardines de Albia",
          "telefono": "944 355 373",
          "email": "albia@spankor.com",
          "web": "https://www.spankor.com/",
          "fuentes": [
            "https://www.spankor.com/",
            "https://www.spankor.com/es/direccion-negocios",
            "https://www.paginasamarillas.es/f/bilbao/spankor-centros-de-negocios_017485939_000000006.html"
          ],
          "servicios_identificados": [
            "oficinas privadas",
            "salas de reuniones",
            "dirección de negocios",
            "oficina de enlace"
          ],
          "estado_fuente": "activo o anunciado en fuentes web consultadas",
          "coordenadas_precision": "alta-media: coordenada publicada por Páginas Amarillas para la dirección San Vicente/Done Bikendi 8",
          "distancia_lineal_m": 1961,
          "distancia_a_pie_m_estimada": 2451,
          "distancia_a_pie_min_estimada": 31,
          "origen_distancias": {
            "lon": -2.947546,
            "lat": 43.254049,
            "source": "centroide aproximado del polígono del KMZ local.kmz"
          },
          "notas": "Centro de negocios con servicios de oficina; se incluye como instalación asimilable a coworking/oficinas flexibles.",
          "source_dataset": "centros_coworking_oficinas_flexibles_rekalde.geojson",
          "category_standard": "Servicios profesionales y financieros",
          "category_original": "Oficinas flexibles y coworking"
        },
        "commercial_name": "Spankor Centro de Negocios Bilbao",
        "enrichment_status": "base;web",
        "enrichment_updated_at": "2026-06-26"
      },
      "geometry": {
        "type": "Point",
        "coordinates": [
          -2.9279115,
          43.2643678
        ]
      }
    },
    {
      "type": "Feature",
      "properties": {
        "name": "Icaza Coworking",
        "category": "Servicios profesionales y financieros",
        "category_original": "Oficinas flexibles y coworking",
        "status": "activo",
        "confidence": "Alta",
        "verification": "media_alta_fuente_especifica_coworking",
        "source": "centros_coworking_oficinas_flexibles_rekalde.geojson + fuentes web/directorios",
        "source_id": "coworking-icaza-coworking",
        "subcategory": "puesto individual, flex office, oficina virtual y salas",
        "activity_type": "coworking_oficinas_flexibles",
        "distance_m": 1968.0,
        "walking_distance_m": 2459.0,
        "walking_time_min": 31.0,
        "walking_distance_method": "estimacion especifica aportada en centros_coworking_oficinas_flexibles_rekalde.geojson",
        "walking_time_method": "minutos estimados aportados en centros_coworking_oficinas_flexibles_rekalde.geojson",
        "address": "Alameda Mazarredo 47, bajo, 48009 Bilbao",
        "phone": "944 242 223",
        "email": "hola@icazacoworking.es",
        "website": "https://www.icazacoworking.es/",
        "source_url": "https://www.icazacoworking.es/",
        "notes": "La web oficial indica coworking, flex office, oficina virtual y salas de reuniones; contacto en Alameda Mazarredo 47.",
        "coordinate_precision": "alta-media: coordenada convertida de UTM publicada para Alameda Mazarredo 47; verificar acceso bajo/planta",
        "raw_tags": {
          "nombre": "Icaza Coworking",
          "categoria": "coworking / flex office",
          "subcategoria": "puesto individual, flex office, oficina virtual y salas",
          "direccion": "Alameda Mazarredo 47, bajo, 48009 Bilbao",
          "barrio_zona": "Abando / Mazarredo",
          "telefono": "944 242 223",
          "email": "hola@icazacoworking.es",
          "web": "https://www.icazacoworking.es/",
          "fuentes": [
            "https://www.icazacoworking.es/",
            "https://www.icazacoworking.es/contacto/",
            "https://www.icazacoworking.es/aviso-legal/"
          ],
          "servicios_identificados": [
            "puesto individual",
            "flex office",
            "oficina virtual",
            "salas de reuniones",
            "wifi",
            "zona club"
          ],
          "estado_fuente": "activo o anunciado en fuentes web consultadas",
          "coordenadas_precision": "alta-media: coordenada convertida de UTM publicada para Alameda Mazarredo 47; verificar acceso bajo/planta",
          "distancia_lineal_m": 1968,
          "distancia_a_pie_m_estimada": 2459,
          "distancia_a_pie_min_estimada": 31,
          "origen_distancias": {
            "lon": -2.947546,
            "lat": 43.254049,
            "source": "centroide aproximado del polígono del KMZ local.kmz"
          },
          "notas": "La web oficial indica coworking, flex office, oficina virtual y salas de reuniones; contacto en Alameda Mazarredo 47.",
          "source_dataset": "centros_coworking_oficinas_flexibles_rekalde.geojson",
          "category_standard": "Servicios profesionales y financieros",
          "category_original": "Oficinas flexibles y coworking"
        },
        "commercial_name": "Icaza Coworking",
        "enrichment_status": "base;web",
        "enrichment_updated_at": "2026-06-26"
      },
      "geometry": {
        "type": "Point",
        "coordinates": [
          -2.9321182,
          43.2677195
        ]
      }
    },
    {
      "type": "Feature",
      "properties": {
        "name": "MW Bilbao / Moriwase",
        "category": "Servicios profesionales y financieros",
        "category_original": "Oficinas flexibles y coworking",
        "status": "activo",
        "confidence": "Media",
        "verification": "media_alta_fuente_especifica_coworking",
        "source": "centros_coworking_oficinas_flexibles_rekalde.geojson + fuentes web/directorios",
        "source_id": "coworking-mw-bilbao-moriwase",
        "subcategory": "espacio abierto y servicios de coworking",
        "activity_type": "coworking_oficinas_flexibles",
        "distance_m": 1991.0,
        "walking_distance_m": 2488.0,
        "walking_time_min": 31.0,
        "walking_distance_method": "estimacion especifica aportada en centros_coworking_oficinas_flexibles_rekalde.geojson",
        "walking_time_method": "minutos estimados aportados en centros_coworking_oficinas_flexibles_rekalde.geojson",
        "address": "Acebal Idígoras Kalea, 4, 48001 Bilbao",
        "phone": "946 611 704",
        "email": "mw@moriwase.es",
        "website": "https://moriwase.es/contacto/",
        "source_url": "https://moriwase.es/contacto/",
        "notes": "Workin.space lista MW Bilbao en Acebal Idígoras 4; Moriwase confirma la dirección y contacto.",
        "coordinate_precision": "media: latitud publicada por directorio cartográfico; longitud aproximada por calle Acebal Idígoras 4",
        "raw_tags": {
          "nombre": "MW Bilbao / Moriwase",
          "categoria": "coworking creativo / oficina compartida",
          "subcategoria": "espacio abierto y servicios de coworking",
          "direccion": "Acebal Idígoras Kalea, 4, 48001 Bilbao",
          "barrio_zona": "Abando / Ayuntamiento",
          "telefono": "946 611 704",
          "email": "mw@moriwase.es",
          "web": "https://moriwase.es/contacto/",
          "fuentes": [
            "https://workin.space/es/coworking/espana/pais-vasco/bilbao/mw-bilbao",
            "https://moriwase.es/contacto/"
          ],
          "servicios_identificados": [
            "coworking",
            "wifi",
            "salas de reuniones",
            "cocina",
            "duchas",
            "parking",
            "cafetería"
          ],
          "estado_fuente": "activo o anunciado en fuentes web consultadas",
          "coordenadas_precision": "media: latitud publicada por directorio cartográfico; longitud aproximada por calle Acebal Idígoras 4",
          "distancia_lineal_m": 1991,
          "distancia_a_pie_m_estimada": 2488,
          "distancia_a_pie_min_estimada": 31,
          "origen_distancias": {
            "lon": -2.947546,
            "lat": 43.254049,
            "source": "centroide aproximado del polígono del KMZ local.kmz"
          },
          "notas": "Workin.space lista MW Bilbao en Acebal Idígoras 4; Moriwase confirma la dirección y contacto.",
          "source_dataset": "centros_coworking_oficinas_flexibles_rekalde.geojson",
          "category_standard": "Servicios profesionales y financieros",
          "category_original": "Oficinas flexibles y coworking"
        },
        "commercial_name": "MW Bilbao / Moriwase",
        "enrichment_status": "base",
        "enrichment_updated_at": "2026-06-26",
        "photo_url": "https://moriwase.es/uploads/contacto/mobile_version/mw-contacto-opt[5].jpg",
        "photo_source_url": "https://www.moriwase.es/",
        "photo_source": "Web pública"
      },
      "geometry": {
        "type": "Point",
        "coordinates": [
          -2.9266,
          43.2634172
        ]
      }
    },
    {
      "type": "Feature",
      "properties": {
        "name": "Centro de Negocios Venezuela / CNV",
        "category": "Servicios profesionales y financieros",
        "category_original": "Oficinas flexibles y coworking",
        "status": "activo",
        "confidence": "Media",
        "verification": "media_alta_fuente_especifica_coworking",
        "source": "centros_coworking_oficinas_flexibles_rekalde.geojson + fuentes web/directorios",
        "source_id": "coworking-centro-de-negocios-venezuela-cnv",
        "subcategory": "oficinas, despachos y sala de reuniones",
        "activity_type": "coworking_oficinas_flexibles",
        "distance_m": 1999.0,
        "walking_distance_m": 2498.0,
        "walking_time_min": 31.0,
        "walking_distance_method": "estimacion especifica aportada en centros_coworking_oficinas_flexibles_rekalde.geojson",
        "walking_time_method": "minutos estimados aportados en centros_coworking_oficinas_flexibles_rekalde.geojson",
        "address": "Venezuela Plaza, 1, bajo derecha, 48001 Bilbao",
        "phone": "946 612 747",
        "email": "info@centrodenegocioscnv.com",
        "website": "https://centrodenegocioscnv.com/",
        "source_url": "https://centrodenegocioscnv.com/",
        "notes": "Más centro de negocios que coworking puro, pero relevante para inventario de oficinas flexibles.",
        "coordinate_precision": "aproximada por dirección; Venezuela Plaza 1",
        "raw_tags": {
          "nombre": "Centro de Negocios Venezuela / CNV",
          "categoria": "centro de negocios / oficinas flexibles",
          "subcategoria": "oficinas, despachos y sala de reuniones",
          "direccion": "Venezuela Plaza, 1, bajo derecha, 48001 Bilbao",
          "barrio_zona": "Abando",
          "telefono": "946 612 747",
          "email": "info@centrodenegocioscnv.com",
          "web": "https://centrodenegocioscnv.com/",
          "fuentes": [
            "https://workin.space/es/coworking/espana/pais-vasco/bilbao/centro-de-negocios-venezuela",
            "https://centrodenegocioscnv.com/politica-de-privacidad/",
            "https://www.salasdereuniones.com/p/centro-de-negocios-cnv-alquiler-de-oficinas-y-despachos-en-bilbao-288"
          ],
          "servicios_identificados": [
            "oficinas",
            "despachos",
            "sala de reuniones",
            "centro de negocios",
            "acceso 24/7 según directorio"
          ],
          "estado_fuente": "activo o anunciado en fuentes web consultadas",
          "coordenadas_precision": "aproximada por dirección; Venezuela Plaza 1",
          "distancia_lineal_m": 1999,
          "distancia_a_pie_m_estimada": 2498,
          "distancia_a_pie_min_estimada": 31,
          "origen_distancias": {
            "lon": -2.947546,
            "lat": 43.254049,
            "source": "centroide aproximado del polígono del KMZ local.kmz"
          },
          "notas": "Más centro de negocios que coworking puro, pero relevante para inventario de oficinas flexibles.",
          "source_dataset": "centros_coworking_oficinas_flexibles_rekalde.geojson",
          "category_standard": "Servicios profesionales y financieros",
          "category_original": "Oficinas flexibles y coworking"
        },
        "commercial_name": "Centro de Negocios Venezuela / CNV",
        "enrichment_status": "base",
        "enrichment_updated_at": "2026-06-26",
        "photo_url": "https://centrodenegocioscnv.com/wp-content/uploads/2024/02/033-filtro-1.jpg",
        "photo_source_url": "https://centrodenegocioscnv.com/",
        "photo_source": "Web pública"
      },
      "geometry": {
        "type": "Point",
        "coordinates": [
          -2.9269,
          43.2639
        ]
      }
    },
    {
      "type": "Feature",
      "properties": {
        "name": "KAI Atelier",
        "category": "Servicios profesionales y financieros",
        "category_original": "Oficinas flexibles y coworking",
        "status": "activo",
        "confidence": "Alta",
        "verification": "media_alta_fuente_especifica_coworking",
        "source": "centros_coworking_oficinas_flexibles_rekalde.geojson + fuentes web/directorios",
        "source_id": "coworking-kai-atelier",
        "subcategory": "workspace creativo para arquitectura, ingeniería y diseño",
        "activity_type": "coworking_oficinas_flexibles",
        "distance_m": 1999.0,
        "walking_distance_m": 2499.0,
        "walking_time_min": 31.0,
        "walking_distance_method": "estimacion especifica aportada en centros_coworking_oficinas_flexibles_rekalde.geojson",
        "walking_time_method": "minutos estimados aportados en centros_coworking_oficinas_flexibles_rekalde.geojson",
        "address": "Uribitarte Pasealekua, 11, bajo, 48001 Bilbao",
        "phone": "944 020 855",
        "website": "http://www.kaiatelier.com/",
        "source_url": "http://www.kaiatelier.com/",
        "notes": "Se identifica como espacio colaborativo/coworking; revisar disponibilidad real si se evalúa como competidor directo.",
        "coordinate_precision": "alta-media: coordenada de Uribitarte 11 publicada en directorio cartográfico",
        "raw_tags": {
          "nombre": "KAI Atelier",
          "categoria": "coworking / espacio colaborativo",
          "subcategoria": "workspace creativo para arquitectura, ingeniería y diseño",
          "direccion": "Uribitarte Pasealekua, 11, bajo, 48001 Bilbao",
          "barrio_zona": "Uribitarte / Isozaki",
          "telefono": "944 020 855",
          "email": null,
          "web": "http://www.kaiatelier.com/",
          "fuentes": [
            "https://www.office-hub.com/es/properties/11-uribitarte-pasealekua-bilbao-bilbao-a0v3m00000PhSUbAAN",
            "https://www.coworkbooking.com/europe/spain/bilbao/kai-atelier",
            "https://micentrodenegocios.com/kai-atelier-coworking/"
          ],
          "servicios_identificados": [
            "coworking",
            "workspace",
            "salas de reuniones/eventos"
          ],
          "estado_fuente": "activo o anunciado en fuentes web consultadas",
          "coordenadas_precision": "alta-media: coordenada de Uribitarte 11 publicada en directorio cartográfico",
          "distancia_lineal_m": 1999,
          "distancia_a_pie_m_estimada": 2499,
          "distancia_a_pie_min_estimada": 31,
          "origen_distancias": {
            "lon": -2.947546,
            "lat": 43.254049,
            "source": "centroide aproximado del polígono del KMZ local.kmz"
          },
          "notas": "Se identifica como espacio colaborativo/coworking; revisar disponibilidad real si se evalúa como competidor directo.",
          "source_dataset": "centros_coworking_oficinas_flexibles_rekalde.geojson",
          "category_standard": "Servicios profesionales y financieros",
          "category_original": "Oficinas flexibles y coworking"
        },
        "commercial_name": "KAI Atelier",
        "enrichment_status": "base;web",
        "enrichment_updated_at": "2026-06-26"
      },
      "geometry": {
        "type": "Point",
        "coordinates": [
          -2.9291151,
          43.2660085
        ]
      }
    },
    {
      "type": "Feature",
      "properties": {
        "name": "Oficinas Ya Albia",
        "category": "Servicios profesionales y financieros",
        "category_original": "Oficinas flexibles y coworking",
        "status": "activo",
        "confidence": "Alta",
        "verification": "media_alta_fuente_especifica_coworking",
        "source": "centros_coworking_oficinas_flexibles_rekalde.geojson + fuentes web/directorios",
        "source_id": "coworking-oficinas-ya-albia",
        "subcategory": "oficinas flexibles en Edificio Albia",
        "activity_type": "coworking_oficinas_flexibles",
        "distance_m": 2006.0,
        "walking_distance_m": 2507.0,
        "walking_time_min": 31.0,
        "walking_distance_method": "estimacion especifica aportada en centros_coworking_oficinas_flexibles_rekalde.geojson",
        "walking_time_method": "minutos estimados aportados en centros_coworking_oficinas_flexibles_rekalde.geojson",
        "address": "Done Bikendi Kalea / San Vicente 8, 48001 Bilbao",
        "source_url": "https://workin.space/es/coworking/espana/pais-vasco/bilbao/oficinas-ya-albia",
        "notes": "Workin.space lista Oficinas Ya Albia con dirección Done Bikendi Kalea 8.",
        "coordinate_precision": "alta-media: coordenada de Done Bikendi Kalea 8 publicada en directorios cartográficos; verificar planta/operador",
        "raw_tags": {
          "nombre": "Oficinas Ya Albia",
          "categoria": "centro de negocios / coworking",
          "subcategoria": "oficinas flexibles en Edificio Albia",
          "direccion": "Done Bikendi Kalea / San Vicente 8, 48001 Bilbao",
          "barrio_zona": "Abando / Jardines de Albia",
          "telefono": null,
          "email": null,
          "web": null,
          "fuentes": [
            "https://workin.space/es/coworking/espana/pais-vasco/bilbao/oficinas-ya-albia"
          ],
          "servicios_identificados": [
            "coworking",
            "oficinas",
            "centro de negocios"
          ],
          "estado_fuente": "activo o anunciado en fuentes web consultadas",
          "coordenadas_precision": "alta-media: coordenada de Done Bikendi Kalea 8 publicada en directorios cartográficos; verificar planta/operador",
          "distancia_lineal_m": 2006,
          "distancia_a_pie_m_estimada": 2507,
          "distancia_a_pie_min_estimada": 31,
          "origen_distancias": {
            "lon": -2.947546,
            "lat": 43.254049,
            "source": "centroide aproximado del polígono del KMZ local.kmz"
          },
          "notas": "Workin.space lista Oficinas Ya Albia con dirección Done Bikendi Kalea 8.",
          "source_dataset": "centros_coworking_oficinas_flexibles_rekalde.geojson",
          "category_standard": "Servicios profesionales y financieros",
          "category_original": "Oficinas flexibles y coworking"
        },
        "commercial_name": "Oficinas Ya Albia",
        "enrichment_status": "base",
        "enrichment_updated_at": "2026-06-26"
      },
      "geometry": {
        "type": "Point",
        "coordinates": [
          -2.9275956,
          43.2647364
        ]
      }
    },
    {
      "type": "Feature",
      "properties": {
        "name": "Volantín Centro de Negocios",
        "category": "Servicios profesionales y financieros",
        "category_original": "Oficinas flexibles y coworking",
        "status": "activo",
        "confidence": "Media",
        "verification": "media_alta_fuente_especifica_coworking",
        "source": "centros_coworking_oficinas_flexibles_rekalde.geojson + fuentes web/directorios",
        "source_id": "coworking-volantin-centro-de-negocios",
        "subcategory": "oficinas, espacios coworking, sala de reuniones y dirección fiscal",
        "activity_type": "coworking_oficinas_flexibles",
        "distance_m": 2177.0,
        "walking_distance_m": 2721.0,
        "walking_time_min": 34.0,
        "walking_distance_method": "estimacion especifica aportada en centros_coworking_oficinas_flexibles_rekalde.geojson",
        "walking_time_method": "minutos estimados aportados en centros_coworking_oficinas_flexibles_rekalde.geojson",
        "address": "Paseo del Campo Volantín 31, Bajo Dcha., 48007 Bilbao",
        "phone": "944 000 769 / 688 663 824",
        "email": "ap@volantincn.es",
        "website": "https://volantincn.es/",
        "source_url": "https://volantincn.es/",
        "notes": "Más centro de negocios que coworking puro; relevante para demanda de oficinas flexibles.",
        "coordinate_precision": "aproximada por dirección; Campo Volantín 31",
        "raw_tags": {
          "nombre": "Volantín Centro de Negocios",
          "categoria": "centro de negocios / coworking",
          "subcategoria": "oficinas, espacios coworking, sala de reuniones y dirección fiscal",
          "direccion": "Paseo del Campo Volantín 31, Bajo Dcha., 48007 Bilbao",
          "barrio_zona": "Campo Volantín / Uribarri",
          "telefono": "944 000 769 / 688 663 824",
          "email": "ap@volantincn.es",
          "web": "https://volantincn.es/",
          "fuentes": [
            "https://volantincn.es/",
            "https://volantincn.es/oficinas-despachos-espacios-coworking/",
            "https://workin.space/es/coworking/espana/pais-vasco/bilbao/volantin"
          ],
          "servicios_identificados": [
            "oficinas",
            "espacios de coworking",
            "sala de reuniones",
            "domiciliación social/fiscal",
            "asesoría"
          ],
          "estado_fuente": "activo o anunciado en fuentes web consultadas",
          "coordenadas_precision": "aproximada por dirección; Campo Volantín 31",
          "distancia_lineal_m": 2177,
          "distancia_a_pie_m_estimada": 2721,
          "distancia_a_pie_min_estimada": 34,
          "origen_distancias": {
            "lon": -2.947546,
            "lat": 43.254049,
            "source": "centroide aproximado del polígono del KMZ local.kmz"
          },
          "notas": "Más centro de negocios que coworking puro; relevante para demanda de oficinas flexibles.",
          "source_dataset": "centros_coworking_oficinas_flexibles_rekalde.geojson",
          "category_standard": "Servicios profesionales y financieros",
          "category_original": "Oficinas flexibles y coworking"
        },
        "commercial_name": "Volantín Centro de Negocios",
        "enrichment_status": "base;web",
        "enrichment_updated_at": "2026-06-26"
      },
      "geometry": {
        "type": "Point",
        "coordinates": [
          -2.9268,
          43.2665
        ]
      }
    },
    {
      "type": "Feature",
      "properties": {
        "name": "EHUB! Coworking",
        "category": "Servicios profesionales y financieros",
        "category_original": "Oficinas flexibles y coworking",
        "status": "activo",
        "confidence": "Media",
        "verification": "media_alta_fuente_especifica_coworking",
        "source": "centros_coworking_oficinas_flexibles_rekalde.geojson + fuentes web/directorios",
        "source_id": "coworking-ehub-coworking",
        "subcategory": "espacio pequeño/creativo de coworking",
        "activity_type": "coworking_oficinas_flexibles",
        "distance_m": 2362.0,
        "walking_distance_m": 2953.0,
        "walking_time_min": 37.0,
        "walking_distance_method": "estimacion especifica aportada en centros_coworking_oficinas_flexibles_rekalde.geojson",
        "walking_time_method": "minutos estimados aportados en centros_coworking_oficinas_flexibles_rekalde.geojson",
        "address": "C/ Quintana 4, Plaza del Gas, 48007 Bilbao",
        "phone": "946 212 930",
        "email": "info@e-hub.es",
        "website": "https://e-hub.es/",
        "source_url": "https://e-hub.es/",
        "notes": "La web oficial lo describe como espacio EHUB en Bilbao, C/ Quintana 4, Plaza del Gas.",
        "coordinate_precision": "aproximada por dirección; C/ Quintana 4 / Plaza del Gas",
        "raw_tags": {
          "nombre": "EHUB! Coworking",
          "categoria": "coworking",
          "subcategoria": "espacio pequeño/creativo de coworking",
          "direccion": "C/ Quintana 4, Plaza del Gas, 48007 Bilbao",
          "barrio_zona": "Uribarri / Plaza del Gas",
          "telefono": "946 212 930",
          "email": "info@e-hub.es",
          "web": "https://e-hub.es/",
          "fuentes": [
            "https://e-hub.es/",
            "https://workin.space/es/coworking/espana/pais-vasco/bilbao/ehub"
          ],
          "servicios_identificados": [
            "coworking",
            "espacio compartido",
            "comunidad técnica/digital/creativa"
          ],
          "estado_fuente": "activo o anunciado en fuentes web consultadas",
          "coordenadas_precision": "aproximada por dirección; C/ Quintana 4 / Plaza del Gas",
          "distancia_lineal_m": 2362,
          "distancia_a_pie_m_estimada": 2953,
          "distancia_a_pie_min_estimada": 37,
          "origen_distancias": {
            "lon": -2.947546,
            "lat": 43.254049,
            "source": "centroide aproximado del polígono del KMZ local.kmz"
          },
          "notas": "La web oficial lo describe como espacio EHUB en Bilbao, C/ Quintana 4, Plaza del Gas.",
          "source_dataset": "centros_coworking_oficinas_flexibles_rekalde.geojson",
          "category_standard": "Servicios profesionales y financieros",
          "category_original": "Oficinas flexibles y coworking"
        },
        "commercial_name": "EHUB! Coworking",
        "enrichment_status": "base",
        "enrichment_updated_at": "2026-06-26",
        "photo_url": "https://e-hub.es/static/Ehub-opengraph-image-737a3aaf49e580ce85f00ecf19b21dce.jpg",
        "photo_source_url": "https://e-hub.es/",
        "photo_source": "Web pública"
      },
      "geometry": {
        "type": "Point",
        "coordinates": [
          -2.9217,
          43.2639
        ]
      }
    },
    {
      "type": "Feature",
      "properties": {
        "name": "Txoko Tximeletak Rekalde",
        "category": "Txokos comerciales y eventos privados",
        "category_original": "txoko comercial / local privado de celebraciones alquilable",
        "status": "activo",
        "confidence": "Media",
        "source": "txokos_comerciales_rekalde_bilbao.geojson",
        "source_id": "txoko-comercial-local-privado-de-celebraciones-alquilable-txoko-tximeletak-rekalde--2.9492-43.25335",
        "subcategory": "txoko de alquiler en Rekalde",
        "activity_type": "txoko_comercial_eventos",
        "distance_m": 155.0,
        "walking_distance_m": 194.0,
        "walking_time_min": 2.0,
        "address": "C/ Moncada, 1, Rekalde, Bilbao",
        "phone": "602 17 99 23",
        "website": "https://txokotximeletakrekalde.com/",
        "notes": "Opción más próxima identificada al local del KMZ.",
        "raw_tags": {
          "nombre": "Txoko Tximeletak Rekalde",
          "categoria": "txoko comercial / local privado de celebraciones alquilable",
          "subcategoria": "txoko de alquiler en Rekalde",
          "direccion": "C/ Moncada, 1, Rekalde, Bilbao",
          "barrio_zona": "Rekalde",
          "telefono": "602 17 99 23",
          "email": null,
          "web": "https://txokotximeletakrekalde.com/",
          "fuentes": [
            "https://txokotximeletakrekalde.com/ubicacion",
            "https://txokotximeletakrekalde.com/servicios",
            "https://txokotximeletakrekalde.com/tarifas-y-horarios"
          ],
          "servicios_identificados": [
            "celebraciones privadas",
            "cumpleaños",
            "cocina/equipamiento",
            "alquiler por franjas"
          ],
          "aforo_o_capacidad_identificada": null,
          "superficie_identificada": null,
          "tarifas_identificadas": "Desde 37 €/hora; tarifas por mañana/tarde/día completo publicadas en web",
          "estado_fuente": "activo o anunciado en fuentes web consultadas; verificar disponibilidad antes de uso comercial",
          "coordenadas_precision": "media: dirección confirmada; coordenada estimada a nivel de calle; verificar con geocodificación oficial/Google/OSM antes de uso operativo",
          "origen_distancias": {
            "lon": -2.947546,
            "lat": 43.254049,
            "source": "centroide aproximado del polígono del KMZ local.kmz"
          },
          "distancia_lineal_m": 155,
          "distancia_a_pie_m_estimada": 194,
          "distancia_a_pie_min_estimada": 2,
          "notas": "Opción más próxima identificada al local del KMZ."
        },
        "commercial_name": "Txoko Tximeletak Rekalde",
        "enrichment_status": "base;web_error:URLError",
        "enrichment_updated_at": "2026-06-26"
      },
      "geometry": {
        "type": "Point",
        "coordinates": [
          -2.9492,
          43.25335
        ]
      }
    },
    {
      "type": "Feature",
      "properties": {
        "name": "La Guarida Secreta",
        "category": "Txokos comerciales y eventos privados",
        "category_original": "txoko comercial / local privado de celebraciones alquilable",
        "status": "activo",
        "confidence": "Media",
        "source": "txokos_comerciales_rekalde_bilbao.geojson",
        "source_id": "txoko-comercial-local-privado-de-celebraciones-alquilable-la-guarida-secreta--2.95085-43.25155",
        "subcategory": "txoko / local de celebraciones con zona office",
        "activity_type": "txoko_comercial_eventos",
        "distance_m": 386.0,
        "walking_distance_m": 482.0,
        "walking_time_min": 6.0,
        "address": "Calle Lezeaga, 9, 48002 Bilbao",
        "phone": "650 97 75 51",
        "email": "info@laguaridasecreta.es",
        "website": "https://laguaridasecreta.es/",
        "notes": "No dispone de placa de cocina ni horno convencional según la web; sí zona office y catering opcional.",
        "raw_tags": {
          "nombre": "La Guarida Secreta",
          "categoria": "txoko comercial / local privado de celebraciones alquilable",
          "subcategoria": "txoko / local de celebraciones con zona office",
          "direccion": "Calle Lezeaga, 9, 48002 Bilbao",
          "barrio_zona": "Rekalde / Lezeaga",
          "telefono": "650 97 75 51",
          "email": "info@laguaridasecreta.es",
          "web": "https://laguaridasecreta.es/",
          "fuentes": [
            "https://laguaridasecreta.es/",
            "https://www.salir.com/la-guarida-secreta-bilbao-neg-131730.html",
            "https://salasdeocio.com/salas/1081-la-guarida-secreta"
          ],
          "servicios_identificados": [
            "cumpleaños infantiles",
            "fiestas privadas",
            "reuniones",
            "talleres",
            "baby shower",
            "office sin cocina de fuego"
          ],
          "aforo_o_capacidad_identificada": "50 personas",
          "superficie_identificada": "100 m²",
          "tarifas_identificadas": "Desde 100 € según directorio Salasdeocio",
          "estado_fuente": "activo o anunciado en fuentes web consultadas; verificar disponibilidad antes de uso comercial",
          "coordenadas_precision": "media: dirección confirmada por directorio; coordenada estimada a nivel de calle; verificar con geocodificación oficial/Google/OSM antes de uso operativo",
          "origen_distancias": {
            "lon": -2.947546,
            "lat": 43.254049,
            "source": "centroide aproximado del polígono del KMZ local.kmz"
          },
          "distancia_lineal_m": 386,
          "distancia_a_pie_m_estimada": 482,
          "distancia_a_pie_min_estimada": 6,
          "notas": "No dispone de placa de cocina ni horno convencional según la web; sí zona office y catering opcional."
        },
        "commercial_name": "La Guarida Secreta",
        "enrichment_status": "base;web",
        "enrichment_updated_at": "2026-06-26"
      },
      "geometry": {
        "type": "Point",
        "coordinates": [
          -2.95085,
          43.25155
        ]
      }
    },
    {
      "type": "Feature",
      "properties": {
        "name": "Bilbo Txoko",
        "category": "Txokos comerciales y eventos privados",
        "category_original": "txoko comercial / local privado de celebraciones alquilable",
        "status": "activo",
        "confidence": "Media",
        "source": "txokos_comerciales_rekalde_bilbao.geojson",
        "source_id": "txoko-comercial-local-privado-de-celebraciones-alquilable-bilbo-txoko--2.9546-43.2594",
        "subcategory": "txoko comercial con zona infantil y zona recreativa",
        "activity_type": "txoko_comercial_eventos",
        "distance_m": 825.0,
        "walking_distance_m": 1031.0,
        "walking_time_min": 13.0,
        "address": "C/ Novia Salcedo, 22 bajo, 48012 Bilbao",
        "phone": "617 777 081",
        "email": "info@bilbotxoko.com",
        "website": "https://bilbotxoko.com/",
        "notes": "La web declara capacidad hasta 45 personas y cocina completamente equipada.",
        "raw_tags": {
          "nombre": "Bilbo Txoko",
          "categoria": "txoko comercial / local privado de celebraciones alquilable",
          "subcategoria": "txoko comercial con zona infantil y zona recreativa",
          "direccion": "C/ Novia Salcedo, 22 bajo, 48012 Bilbao",
          "barrio_zona": "Basurto / Ametzola próximo",
          "telefono": "617 777 081",
          "email": "info@bilbotxoko.com",
          "web": "https://bilbotxoko.com/",
          "fuentes": [
            "https://bilbotxoko.com/",
            "https://bilbotxoko.com/contacto/",
            "https://bilbotxoko.com/tarifas/"
          ],
          "servicios_identificados": [
            "cumpleaños",
            "cenas con amigos",
            "reuniones familiares",
            "fiestas temáticas",
            "zona infantil",
            "zona recreativa",
            "cocina completa"
          ],
          "aforo_o_capacidad_identificada": "hasta 45 personas",
          "superficie_identificada": null,
          "tarifas_identificadas": "De lunes a jueves desde 110 €/periodo; hora suelta desde 25 €/h con mínimo 4 h",
          "estado_fuente": "activo o anunciado en fuentes web consultadas; verificar disponibilidad antes de uso comercial",
          "coordenadas_precision": "media: dirección confirmada; coordenada estimada a nivel de portal; verificar con geocodificación oficial/Google/OSM antes de uso operativo",
          "origen_distancias": {
            "lon": -2.947546,
            "lat": 43.254049,
            "source": "centroide aproximado del polígono del KMZ local.kmz"
          },
          "distancia_lineal_m": 825,
          "distancia_a_pie_m_estimada": 1031,
          "distancia_a_pie_min_estimada": 13,
          "notas": "La web declara capacidad hasta 45 personas y cocina completamente equipada."
        },
        "commercial_name": "Bilbo Txoko",
        "enrichment_status": "base",
        "enrichment_updated_at": "2026-06-26",
        "photo_url": "https://bilbotxoko.com/wp-content/uploads/2024/10/Bilbaotxoko-6.jpg",
        "photo_source_url": "https://bilbotxoko.com/",
        "photo_source": "Web pública"
      },
      "geometry": {
        "type": "Point",
        "coordinates": [
          -2.9546,
          43.2594
        ]
      }
    },
    {
      "type": "Feature",
      "properties": {
        "name": "La Estación del Norte",
        "category": "Txokos comerciales y eventos privados",
        "category_original": "txoko comercial / local privado de celebraciones alquilable",
        "status": "activo",
        "confidence": "Media",
        "source": "txokos_comerciales_rekalde_bilbao.geojson",
        "source_id": "txoko-comercial-local-privado-de-celebraciones-alquilable-la-estación-del-norte--2.9488-43.26155",
        "subcategory": "txoko para eventos y cumpleaños en Indautxu",
        "activity_type": "txoko_comercial_eventos",
        "distance_m": 840.0,
        "walking_distance_m": 1050.0,
        "walking_time_min": 13.0,
        "address": "José María de Escuza Kalea, 29-31, 48013 Bilbao",
        "phone": "669 06 63 34 / 660 92 56 69",
        "email": "info@laestaciondelnorte.com",
        "website": "https://laestaciondelnorte.com/",
        "notes": "Competidor relativamente próximo, con orientación fuerte a eventos infantiles y familiares.",
        "raw_tags": {
          "nombre": "La Estación del Norte",
          "categoria": "txoko comercial / local privado de celebraciones alquilable",
          "subcategoria": "txoko para eventos y cumpleaños en Indautxu",
          "direccion": "José María de Escuza Kalea, 29-31, 48013 Bilbao",
          "barrio_zona": "Indautxu / Basurto próximo",
          "telefono": "669 06 63 34 / 660 92 56 69",
          "email": "info@laestaciondelnorte.com",
          "web": "https://laestaciondelnorte.com/",
          "fuentes": [
            "https://laestaciondelnorte.com/",
            "https://laestaciondelnorte.com/txoko-en-bilbao/",
            "https://www.paginasamarillas.es/f/bilbao/la-estacion-del-norte-tu-txoko-en-bilbao_229369665_000000001.html"
          ],
          "servicios_identificados": [
            "cumpleaños infantiles",
            "comidas de empresa",
            "reuniones familiares",
            "bautizos",
            "comuniones",
            "baby shower",
            "karaoke",
            "proyectores",
            "wifi"
          ],
          "aforo_o_capacidad_identificada": "hasta 60 personas",
          "superficie_identificada": null,
          "tarifas_identificadas": "Turnos mañana/tarde/noche/día completo; web remite a tarifas",
          "estado_fuente": "activo o anunciado en fuentes web consultadas; verificar disponibilidad antes de uso comercial",
          "coordenadas_precision": "media: dirección confirmada; coordenada estimada a nivel de portal; verificar con geocodificación oficial/Google/OSM antes de uso operativo",
          "origen_distancias": {
            "lon": -2.947546,
            "lat": 43.254049,
            "source": "centroide aproximado del polígono del KMZ local.kmz"
          },
          "distancia_lineal_m": 840,
          "distancia_a_pie_m_estimada": 1050,
          "distancia_a_pie_min_estimada": 13,
          "notas": "Competidor relativamente próximo, con orientación fuerte a eventos infantiles y familiares."
        },
        "commercial_name": "La Estación del Norte",
        "enrichment_status": "base;web",
        "enrichment_updated_at": "2026-06-26"
      },
      "geometry": {
        "type": "Point",
        "coordinates": [
          -2.9488,
          43.26155
        ]
      }
    },
    {
      "type": "Feature",
      "properties": {
        "name": "Txoko Miribilla",
        "category": "Txokos comerciales y eventos privados",
        "category_original": "txoko comercial / local privado de celebraciones alquilable",
        "status": "activo",
        "confidence": "Media",
        "source": "txokos_comerciales_rekalde_bilbao.geojson",
        "source_id": "txoko-comercial-local-privado-de-celebraciones-alquilable-txoko-miribilla--2.93315-43.25255",
        "subcategory": "txoko de celebraciones en plaza / Miribilla",
        "activity_type": "txoko_comercial_eventos",
        "distance_m": 1178.0,
        "walking_distance_m": 1472.0,
        "walking_time_min": 18.0,
        "address": "Calle Santiago de Compostela, 4-6, 48003 Bilbao",
        "phone": "670 112 179",
        "email": "contacto@txoko-miribilla.com",
        "website": "https://txoko-miribilla.com/",
        "notes": "La web destaca ubicación en una plaza, útil para eventos familiares con niños.",
        "raw_tags": {
          "nombre": "Txoko Miribilla",
          "categoria": "txoko comercial / local privado de celebraciones alquilable",
          "subcategoria": "txoko de celebraciones en plaza / Miribilla",
          "direccion": "Calle Santiago de Compostela, 4-6, 48003 Bilbao",
          "barrio_zona": "Miribilla",
          "telefono": "670 112 179",
          "email": "contacto@txoko-miribilla.com",
          "web": "https://txoko-miribilla.com/",
          "fuentes": [
            "https://txoko-miribilla.com/",
            "https://txoko-miribilla.com/contacto/",
            "https://txoko-miribilla.com/calendario/"
          ],
          "servicios_identificados": [
            "comidas",
            "meriendas",
            "cenas",
            "cumpleaños",
            "bautizos",
            "comuniones",
            "reuniones de trabajo",
            "uso de plaza exterior próxima"
          ],
          "aforo_o_capacidad_identificada": null,
          "superficie_identificada": null,
          "tarifas_identificadas": null,
          "estado_fuente": "activo o anunciado en fuentes web consultadas; verificar disponibilidad antes de uso comercial",
          "coordenadas_precision": "media: dirección confirmada; coordenada estimada a nivel de portal; verificar con geocodificación oficial/Google/OSM antes de uso operativo",
          "origen_distancias": {
            "lon": -2.947546,
            "lat": 43.254049,
            "source": "centroide aproximado del polígono del KMZ local.kmz"
          },
          "distancia_lineal_m": 1178,
          "distancia_a_pie_m_estimada": 1472,
          "distancia_a_pie_min_estimada": 18,
          "notas": "La web destaca ubicación en una plaza, útil para eventos familiares con niños."
        },
        "commercial_name": "Txoko Miribilla",
        "enrichment_status": "base;web",
        "enrichment_updated_at": "2026-06-26"
      },
      "geometry": {
        "type": "Point",
        "coordinates": [
          -2.93315,
          43.25255
        ]
      }
    },
    {
      "type": "Feature",
      "properties": {
        "name": "Virtualgune",
        "category": "Txokos comerciales y eventos privados",
        "category_original": "txoko comercial / local privado de celebraciones alquilable",
        "status": "activo",
        "confidence": "Media",
        "source": "txokos_comerciales_rekalde_bilbao.geojson",
        "source_id": "txoko-comercial-local-privado-de-celebraciones-alquilable-virtualgune--2.93275-43.25425",
        "subcategory": "centro de ocio / txoko con cocina",
        "activity_type": "txoko_comercial_eventos",
        "distance_m": 1198.0,
        "walking_distance_m": 1498.0,
        "walking_time_min": 19.0,
        "address": "C/ Jardines de Gernika, 19, Miribilla, 48003 Bilbao",
        "phone": "600 575 742 / 680 821 374",
        "email": "info@virtualgune.com",
        "website": "https://virtualgune.com/",
        "notes": "Propuesta híbrida de ocio/celebración con cocina equipada.",
        "raw_tags": {
          "nombre": "Virtualgune",
          "categoria": "txoko comercial / local privado de celebraciones alquilable",
          "subcategoria": "centro de ocio / txoko con cocina",
          "direccion": "C/ Jardines de Gernika, 19, Miribilla, 48003 Bilbao",
          "barrio_zona": "Miribilla",
          "telefono": "600 575 742 / 680 821 374",
          "email": "info@virtualgune.com",
          "web": "https://virtualgune.com/",
          "fuentes": [
            "https://virtualgune.com/"
          ],
          "servicios_identificados": [
            "txoko con cocina",
            "cumpleaños",
            "reuniones",
            "actividades infantiles",
            "lavavajillas",
            "microondas",
            "nevera",
            "inducción",
            "horno"
          ],
          "aforo_o_capacidad_identificada": null,
          "superficie_identificada": null,
          "tarifas_identificadas": "L-J 150 € por 4 h; V-S-D/F 200 € por 5 h; hora extra 40 €",
          "estado_fuente": "activo o anunciado en fuentes web consultadas; verificar disponibilidad antes de uso comercial",
          "coordenadas_precision": "media: dirección confirmada; coordenada estimada a nivel de calle; verificar con geocodificación oficial/Google/OSM antes de uso operativo",
          "origen_distancias": {
            "lon": -2.947546,
            "lat": 43.254049,
            "source": "centroide aproximado del polígono del KMZ local.kmz"
          },
          "distancia_lineal_m": 1198,
          "distancia_a_pie_m_estimada": 1498,
          "distancia_a_pie_min_estimada": 19,
          "notas": "Propuesta híbrida de ocio/celebración con cocina equipada."
        },
        "commercial_name": "Virtualgune",
        "enrichment_status": "base;web_error:URLError",
        "enrichment_updated_at": "2026-06-26"
      },
      "geometry": {
        "type": "Point",
        "coordinates": [
          -2.93275,
          43.25425
        ]
      }
    },
    {
      "type": "Feature",
      "properties": {
        "name": "Txoko Malaespera",
        "category": "Txokos comerciales y eventos privados",
        "category_original": "txoko comercial / local privado de celebraciones alquilable",
        "status": "activo",
        "confidence": "Media",
        "source": "txokos_comerciales_rekalde_bilbao.geojson",
        "source_id": "txoko-comercial-local-privado-de-celebraciones-alquilable-txoko-malaespera--2.93235-43.2521",
        "subcategory": "txoko con cocina industrial en Miribilla",
        "activity_type": "txoko_comercial_eventos",
        "distance_m": 1250.0,
        "walking_distance_m": 1562.0,
        "walking_time_min": 20.0,
        "address": "C/ Santiago de Compostela, 15, Miribilla, Bilbao",
        "phone": "636 20 61 84",
        "website": "https://txokomalaespera.com/",
        "notes": "Situado en la misma zona de Miribilla que otros txokos comerciales.",
        "raw_tags": {
          "nombre": "Txoko Malaespera",
          "categoria": "txoko comercial / local privado de celebraciones alquilable",
          "subcategoria": "txoko con cocina industrial en Miribilla",
          "direccion": "C/ Santiago de Compostela, 15, Miribilla, Bilbao",
          "barrio_zona": "Miribilla",
          "telefono": "636 20 61 84",
          "email": null,
          "web": "https://txokomalaespera.com/",
          "fuentes": [
            "https://txokomalaespera.com/",
            "https://txokomalaespera.com/nuestras-instalaciones/"
          ],
          "servicios_identificados": [
            "celebraciones privadas",
            "cocina industrial",
            "comidas de cuadrilla",
            "eventos familiares"
          ],
          "aforo_o_capacidad_identificada": null,
          "superficie_identificada": null,
          "tarifas_identificadas": null,
          "estado_fuente": "activo o anunciado en fuentes web consultadas; verificar disponibilidad antes de uso comercial",
          "coordenadas_precision": "media: dirección confirmada; coordenada estimada a nivel de portal; verificar con geocodificación oficial/Google/OSM antes de uso operativo",
          "origen_distancias": {
            "lon": -2.947546,
            "lat": 43.254049,
            "source": "centroide aproximado del polígono del KMZ local.kmz"
          },
          "distancia_lineal_m": 1250,
          "distancia_a_pie_m_estimada": 1562,
          "distancia_a_pie_min_estimada": 20,
          "notas": "Situado en la misma zona de Miribilla que otros txokos comerciales."
        },
        "commercial_name": "Txoko Malaespera",
        "enrichment_status": "base;web",
        "enrichment_updated_at": "2026-06-26"
      },
      "geometry": {
        "type": "Point",
        "coordinates": [
          -2.93235,
          43.2521
        ]
      }
    },
    {
      "type": "Feature",
      "properties": {
        "name": "TXOKIMU",
        "category": "Txokos comerciales y eventos privados",
        "category_original": "txoko comercial / local privado de celebraciones alquilable",
        "status": "activo",
        "confidence": "Media",
        "source": "txokos_comerciales_rekalde_bilbao.geojson",
        "source_id": "txoko-comercial-local-privado-de-celebraciones-alquilable-txokimu--2.92965-43.25555",
        "subcategory": "txoko privado en Bilbao centro",
        "activity_type": "txoko_comercial_eventos",
        "distance_m": 1459.0,
        "walking_distance_m": 1824.0,
        "walking_time_min": 23.0,
        "address": "Calle Hernani, 9, 48003 Bilbao",
        "website": "https://txokimu.com/",
        "notes": "Se presenta como alquiler exclusivo de txoko privado en Bilbao centro.",
        "raw_tags": {
          "nombre": "TXOKIMU",
          "categoria": "txoko comercial / local privado de celebraciones alquilable",
          "subcategoria": "txoko privado en Bilbao centro",
          "direccion": "Calle Hernani, 9, 48003 Bilbao",
          "barrio_zona": "San Francisco / Bilbao centro",
          "telefono": null,
          "email": null,
          "web": "https://txokimu.com/",
          "fuentes": [
            "https://txokimu.com/"
          ],
          "servicios_identificados": [
            "txoko privado",
            "celebraciones",
            "bautizos",
            "comuniones",
            "bodas pequeñas",
            "aniversarios",
            "baby shower",
            "insonorizado",
            "climatizado"
          ],
          "aforo_o_capacidad_identificada": null,
          "superficie_identificada": null,
          "tarifas_identificadas": null,
          "estado_fuente": "activo o anunciado en fuentes web consultadas; verificar disponibilidad antes de uso comercial",
          "coordenadas_precision": "media: dirección confirmada por web; coordenada estimada a nivel de calle; verificar con geocodificación oficial/Google/OSM antes de uso operativo",
          "origen_distancias": {
            "lon": -2.947546,
            "lat": 43.254049,
            "source": "centroide aproximado del polígono del KMZ local.kmz"
          },
          "distancia_lineal_m": 1459,
          "distancia_a_pie_m_estimada": 1824,
          "distancia_a_pie_min_estimada": 23,
          "notas": "Se presenta como alquiler exclusivo de txoko privado en Bilbao centro."
        },
        "commercial_name": "TXOKIMU",
        "enrichment_status": "base",
        "enrichment_updated_at": "2026-06-26",
        "photo_url": "https://storage.googleapis.com/gpt-engineer-file-uploads/4EW0IA2FIuRKHAAGDvbRKJpgzVf2/social-images/social-1776510181666-txokimu_txoko_en_bilbao_calle_hernani_9.webp",
        "photo_source_url": "https://txokimu.com/",
        "photo_source": "Web pública"
      },
      "geometry": {
        "type": "Point",
        "coordinates": [
          -2.92965,
          43.25555
        ]
      }
    },
    {
      "type": "Feature",
      "properties": {
        "name": "Arbat Bilbao / Txoko Arbat Deusto",
        "category": "Txokos comerciales y eventos privados",
        "category_original": "txoko comercial / local privado de celebraciones alquilable",
        "status": "activo",
        "confidence": "Media",
        "source": "txokos_comerciales_rekalde_bilbao.geojson",
        "source_id": "txoko-comercial-local-privado-de-celebraciones-alquilable-arbat-bilbao-txoko-arbat-deusto--2.94795-43.26835",
        "subcategory": "txoko privado y espacio para eventos gastronómicos/corporativos",
        "activity_type": "txoko_comercial_eventos",
        "distance_m": 1591.0,
        "walking_distance_m": 1989.0,
        "walking_time_min": 25.0,
        "address": "Ribera Botica Vieja / Botica Vieja 21 bajo, 48014 Bilbao",
        "phone": "688 751 448",
        "email": "info@arbatbilbao.com",
        "website": "https://arbatbilbao.com/",
        "notes": "Más orientado a evento corporativo/gastronómico de mayor valor añadido que a txoko básico por horas.",
        "raw_tags": {
          "nombre": "Arbat Bilbao / Txoko Arbat Deusto",
          "categoria": "txoko comercial / local privado de celebraciones alquilable",
          "subcategoria": "txoko privado y espacio para eventos gastronómicos/corporativos",
          "direccion": "Ribera Botica Vieja / Botica Vieja 21 bajo, 48014 Bilbao",
          "barrio_zona": "Deusto / frente a Euskalduna",
          "telefono": "688 751 448",
          "email": "info@arbatbilbao.com",
          "web": "https://arbatbilbao.com/",
          "fuentes": [
            "https://arbatbilbao.com/",
            "https://arbatbilbao.com/txoko/"
          ],
          "servicios_identificados": [
            "txoko privado",
            "cócteles y networking",
            "cenas de empresa",
            "talleres de pintxos",
            "sala multiusos",
            "catering"
          ],
          "aforo_o_capacidad_identificada": null,
          "superficie_identificada": "100 m²",
          "tarifas_identificadas": null,
          "estado_fuente": "activo o anunciado en fuentes web consultadas; verificar disponibilidad antes de uso comercial",
          "coordenadas_precision": "media: dirección confirmada por web; coordenada estimada a nivel de calle; verificar con geocodificación oficial/Google/OSM antes de uso operativo",
          "origen_distancias": {
            "lon": -2.947546,
            "lat": 43.254049,
            "source": "centroide aproximado del polígono del KMZ local.kmz"
          },
          "distancia_lineal_m": 1591,
          "distancia_a_pie_m_estimada": 1989,
          "distancia_a_pie_min_estimada": 25,
          "notas": "Más orientado a evento corporativo/gastronómico de mayor valor añadido que a txoko básico por horas."
        },
        "commercial_name": "Arbat Bilbao / Txoko Arbat Deusto",
        "enrichment_status": "base",
        "enrichment_updated_at": "2026-06-26",
        "photo_url": "https://arbatbilbao.com/wp-content/uploads/2026/03/hero-arbat-1024x682.jpeg",
        "photo_source_url": "https://arbatbilbao.com/",
        "photo_source": "Web pública"
      },
      "geometry": {
        "type": "Point",
        "coordinates": [
          -2.94795,
          43.26835
        ]
      }
    },
    {
      "type": "Feature",
      "properties": {
        "name": "Txoko Deusto",
        "category": "Txokos comerciales y eventos privados",
        "category_original": "txoko comercial / local privado de celebraciones alquilable",
        "status": "activo",
        "confidence": "Media",
        "source": "txokos_comerciales_rekalde_bilbao.geojson",
        "source_id": "txoko-comercial-local-privado-de-celebraciones-alquilable-txoko-deusto--2.9481-43.2703",
        "subcategory": "txoko para celebraciones y reuniones",
        "activity_type": "txoko_comercial_eventos",
        "distance_m": 1808.0,
        "walking_distance_m": 2260.0,
        "walking_time_min": 28.0,
        "address": "Av. Lehendakari Aguirre, 11 (galería), 48014 Bilbao",
        "phone": "605 81 36 22",
        "website": "https://www.txokodeusto.com/",
        "notes": "Dispone de varios txokos/espacios según la tabla de tarifas publicada.",
        "raw_tags": {
          "nombre": "Txoko Deusto",
          "categoria": "txoko comercial / local privado de celebraciones alquilable",
          "subcategoria": "txoko para celebraciones y reuniones",
          "direccion": "Av. Lehendakari Aguirre, 11 (galería), 48014 Bilbao",
          "barrio_zona": "Deusto",
          "telefono": "605 81 36 22",
          "email": null,
          "web": "https://www.txokodeusto.com/",
          "fuentes": [
            "https://www.txokodeusto.com/",
            "https://www.txokodeusto.com/ubicacion/",
            "https://www.txokodeusto.com/tarifas-horarios/"
          ],
          "servicios_identificados": [
            "celebraciones privadas",
            "comidas y cenas",
            "cumpleaños",
            "bautizos",
            "comuniones",
            "reuniones de empresa",
            "talleres"
          ],
          "aforo_o_capacidad_identificada": null,
          "superficie_identificada": null,
          "tarifas_identificadas": "Tarifas publicadas por turnos y txokos; valores en torno a 170–210 € según día/turno en fuente consultada",
          "estado_fuente": "activo o anunciado en fuentes web consultadas; verificar disponibilidad antes de uso comercial",
          "coordenadas_precision": "media: dirección confirmada; coordenada estimada a nivel de galería; verificar con geocodificación oficial/Google/OSM antes de uso operativo",
          "origen_distancias": {
            "lon": -2.947546,
            "lat": 43.254049,
            "source": "centroide aproximado del polígono del KMZ local.kmz"
          },
          "distancia_lineal_m": 1808,
          "distancia_a_pie_m_estimada": 2260,
          "distancia_a_pie_min_estimada": 28,
          "notas": "Dispone de varios txokos/espacios según la tabla de tarifas publicada."
        },
        "commercial_name": "Txoko Deusto",
        "enrichment_status": "base",
        "enrichment_updated_at": "2026-06-26",
        "photo_url": "https://www.txokodeusto.com/wp-content/uploads/2020/07/txoko-deusto-glockenspiel.png",
        "photo_source_url": "https://www.txokodeusto.com/",
        "photo_source": "Web pública"
      },
      "geometry": {
        "type": "Point",
        "coordinates": [
          -2.9481,
          43.2703
        ]
      }
    },
    {
      "type": "Feature",
      "properties": {
        "name": "Txoko Nordisk",
        "category": "Txokos comerciales y eventos privados",
        "category_original": "txoko comercial / local privado de celebraciones alquilable",
        "status": "activo",
        "confidence": "Media",
        "source": "txokos_comerciales_rekalde_bilbao.geojson",
        "source_id": "txoko-comercial-local-privado-de-celebraciones-alquilable-txoko-nordisk--2.9241-43.257",
        "subcategory": "txoko / local de eventos en Casco Viejo",
        "activity_type": "txoko_comercial_eventos",
        "distance_m": 1927.0,
        "walking_distance_m": 2409.0,
        "walking_time_min": 30.0,
        "address": "Barrenkale, 26, Casco Viejo, Bilbao",
        "website": "https://txokonordisk.com/",
        "notes": "Incluido como referencia de txoko comercial en casco urbano central.",
        "raw_tags": {
          "nombre": "Txoko Nordisk",
          "categoria": "txoko comercial / local privado de celebraciones alquilable",
          "subcategoria": "txoko / local de eventos en Casco Viejo",
          "direccion": "Barrenkale, 26, Casco Viejo, Bilbao",
          "barrio_zona": "Casco Viejo",
          "telefono": null,
          "email": null,
          "web": "https://txokonordisk.com/",
          "fuentes": [
            "https://txokonordisk.com/donde-estamos/"
          ],
          "servicios_identificados": [
            "eventos privados",
            "celebraciones",
            "reuniones",
            "casco viejo"
          ],
          "aforo_o_capacidad_identificada": null,
          "superficie_identificada": null,
          "tarifas_identificadas": null,
          "estado_fuente": "activo o anunciado en fuentes web consultadas; verificar disponibilidad antes de uso comercial",
          "coordenadas_precision": "media: dirección confirmada; coordenada estimada a nivel de calle; verificar con geocodificación oficial/Google/OSM antes de uso operativo",
          "origen_distancias": {
            "lon": -2.947546,
            "lat": 43.254049,
            "source": "centroide aproximado del polígono del KMZ local.kmz"
          },
          "distancia_lineal_m": 1927,
          "distancia_a_pie_m_estimada": 2409,
          "distancia_a_pie_min_estimada": 30,
          "notas": "Incluido como referencia de txoko comercial en casco urbano central."
        },
        "commercial_name": "Txoko Nordisk",
        "enrichment_status": "base;web_error:URLError",
        "enrichment_updated_at": "2026-06-26"
      },
      "geometry": {
        "type": "Point",
        "coordinates": [
          -2.9241,
          43.257
        ]
      }
    },
    {
      "type": "Feature",
      "properties": {
        "name": "Txoko Bilanda",
        "category": "Txokos comerciales y eventos privados",
        "category_original": "txoko comercial / local privado de celebraciones alquilable",
        "status": "activo",
        "confidence": "Media",
        "source": "txokos_comerciales_rekalde_bilbao.geojson",
        "source_id": "txoko-comercial-local-privado-de-celebraciones-alquilable-txoko-bilanda--2.92915-43.26775",
        "subcategory": "txoko para celebraciones y eventos empresariales",
        "activity_type": "txoko_comercial_eventos",
        "distance_m": 2131.0,
        "walking_distance_m": 2664.0,
        "walking_time_min": 33.0,
        "address": "Calle de los Castaños, 27 bajo, 48007 Bilbao",
        "phone": "653 243 377 / 648 676 660",
        "email": "bilanda@bilanda.es",
        "website": "https://www.txokobilanda.es/",
        "notes": "Propuesta más orientada a gastronomía/empresa, no solo alquiler básico del espacio.",
        "raw_tags": {
          "nombre": "Txoko Bilanda",
          "categoria": "txoko comercial / local privado de celebraciones alquilable",
          "subcategoria": "txoko para celebraciones y eventos empresariales",
          "direccion": "Calle de los Castaños, 27 bajo, 48007 Bilbao",
          "barrio_zona": "Castaños / Campo Volantín",
          "telefono": "653 243 377 / 648 676 660",
          "email": "bilanda@bilanda.es",
          "web": "https://www.txokobilanda.es/",
          "fuentes": [
            "https://www.txokobilanda.es/",
            "https://www.txokobilanda.es/contacto",
            "https://www.bilanda.es/"
          ],
          "servicios_identificados": [
            "celebraciones familiares",
            "reuniones de amigos",
            "eventos empresariales",
            "cursos de cocina",
            "menús para grupos"
          ],
          "aforo_o_capacidad_identificada": null,
          "superficie_identificada": null,
          "tarifas_identificadas": null,
          "estado_fuente": "activo o anunciado en fuentes web consultadas; verificar disponibilidad antes de uso comercial",
          "coordenadas_precision": "media: dirección confirmada por web; coordenada estimada a nivel de portal; verificar con geocodificación oficial/Google/OSM antes de uso operativo",
          "origen_distancias": {
            "lon": -2.947546,
            "lat": 43.254049,
            "source": "centroide aproximado del polígono del KMZ local.kmz"
          },
          "distancia_lineal_m": 2131,
          "distancia_a_pie_m_estimada": 2664,
          "distancia_a_pie_min_estimada": 33,
          "notas": "Propuesta más orientada a gastronomía/empresa, no solo alquiler básico del espacio."
        },
        "commercial_name": "Txoko Bilanda",
        "enrichment_status": "base;web",
        "enrichment_updated_at": "2026-06-26"
      },
      "geometry": {
        "type": "Point",
        "coordinates": [
          -2.92915,
          43.26775
        ]
      }
    },
    {
      "type": "Feature",
      "properties": {
        "name": "Txoko Petit Comité",
        "category": "Txokos comerciales y eventos privados",
        "category_original": "txoko comercial / local privado de celebraciones alquilable",
        "status": "activo",
        "confidence": "Media",
        "source": "txokos_comerciales_rekalde_bilbao.geojson",
        "source_id": "txoko-comercial-local-privado-de-celebraciones-alquilable-txoko-petit-comité--2.92125-43.2584",
        "subcategory": "txoko para eventos privados",
        "activity_type": "txoko_comercial_eventos",
        "distance_m": 2184.0,
        "walking_distance_m": 2730.0,
        "walking_time_min": 34.0,
        "address": "Calle Fika, 18, 48003/48006 Bilbao",
        "phone": "647 20 90 59",
        "email": "txokopetitcomite@gmail.com",
        "website": "https://txokopetitcomite.com/",
        "notes": "La web enfatiza reserva mediante formulario y apertura/cierre mediante app.",
        "raw_tags": {
          "nombre": "Txoko Petit Comité",
          "categoria": "txoko comercial / local privado de celebraciones alquilable",
          "subcategoria": "txoko para eventos privados",
          "direccion": "Calle Fika, 18, 48003/48006 Bilbao",
          "barrio_zona": "Santutxu / Ibaiondo",
          "telefono": "647 20 90 59",
          "email": "txokopetitcomite@gmail.com",
          "web": "https://txokopetitcomite.com/",
          "fuentes": [
            "https://txokopetitcomite.com/",
            "https://txokopetitcomite.com/contacto/",
            "https://txokopetitcomite.com/precios/"
          ],
          "servicios_identificados": [
            "fiestas de cumpleaños",
            "celebraciones familiares",
            "reuniones de empresa",
            "cocina equipada",
            "sistema de sonido"
          ],
          "aforo_o_capacidad_identificada": null,
          "superficie_identificada": null,
          "tarifas_identificadas": "Precios por franjas; fin de semana 115–210 € según turno en fuente consultada",
          "estado_fuente": "activo o anunciado en fuentes web consultadas; verificar disponibilidad antes de uso comercial",
          "coordenadas_precision": "media: dirección confirmada; coordenada estimada a nivel de portal; verificar con geocodificación oficial/Google/OSM antes de uso operativo",
          "origen_distancias": {
            "lon": -2.947546,
            "lat": 43.254049,
            "source": "centroide aproximado del polígono del KMZ local.kmz"
          },
          "distancia_lineal_m": 2184,
          "distancia_a_pie_m_estimada": 2730,
          "distancia_a_pie_min_estimada": 34,
          "notas": "La web enfatiza reserva mediante formulario y apertura/cierre mediante app."
        },
        "commercial_name": "Txoko Petit Comité",
        "enrichment_status": "base;web",
        "enrichment_updated_at": "2026-06-26"
      },
      "geometry": {
        "type": "Point",
        "coordinates": [
          -2.92125,
          43.2584
        ]
      }
    },
    {
      "type": "Feature",
      "properties": {
        "name": "Txoko Campo Volantín",
        "category": "Txokos comerciales y eventos privados",
        "category_original": "txoko comercial / local privado de celebraciones alquilable",
        "status": "activo",
        "confidence": "Media",
        "source": "txokos_comerciales_rekalde_bilbao.geojson",
        "source_id": "txoko-comercial-local-privado-de-celebraciones-alquilable-txoko-campo-volantín--2.92585-43.26635",
        "subcategory": "txoko en hotel / espacio de eventos gastronómicos",
        "activity_type": "txoko_comercial_eventos",
        "distance_m": 2227.0,
        "walking_distance_m": 2784.0,
        "walking_time_min": 35.0,
        "address": "Paseo Campo Volantín, 22, 48007 Bilbao (Hotel Conde Duque)",
        "phone": "944 456 000 / 944 132 363",
        "email": "reservas@hotelcondeduque.com",
        "website": "https://txokocampovolantin.com/",
        "notes": "Producto más próximo a sala gastronómica/corporativa que a txoko de alquiler familiar.",
        "raw_tags": {
          "nombre": "Txoko Campo Volantín",
          "categoria": "txoko comercial / local privado de celebraciones alquilable",
          "subcategoria": "txoko en hotel / espacio de eventos gastronómicos",
          "direccion": "Paseo Campo Volantín, 22, 48007 Bilbao (Hotel Conde Duque)",
          "barrio_zona": "Campo Volantín / Ayuntamiento",
          "telefono": "944 456 000 / 944 132 363",
          "email": "reservas@hotelcondeduque.com",
          "web": "https://txokocampovolantin.com/",
          "fuentes": [
            "https://txokocampovolantin.com/",
            "https://www.restaurantecampovolantin.es/contacto/",
            "https://bilbaoclick.com/el-txoko-de-campo-volantin/"
          ],
          "servicios_identificados": [
            "eventos gastronómicos",
            "reuniones de empresa",
            "talleres",
            "presentaciones",
            "cocina profesional",
            "menús servidos"
          ],
          "aforo_o_capacidad_identificada": "mín. 15 personas alquiler; menús mín. 20 máx. 40 según fuentes",
          "superficie_identificada": null,
          "tarifas_identificadas": null,
          "estado_fuente": "activo o anunciado en fuentes web consultadas; verificar disponibilidad antes de uso comercial",
          "coordenadas_precision": "media: dirección confirmada; coordenada estimada a nivel de hotel; verificar con geocodificación oficial/Google/OSM antes de uso operativo",
          "origen_distancias": {
            "lon": -2.947546,
            "lat": 43.254049,
            "source": "centroide aproximado del polígono del KMZ local.kmz"
          },
          "distancia_lineal_m": 2227,
          "distancia_a_pie_m_estimada": 2784,
          "distancia_a_pie_min_estimada": 35,
          "notas": "Producto más próximo a sala gastronómica/corporativa que a txoko de alquiler familiar."
        },
        "commercial_name": "Txoko Campo Volantín",
        "enrichment_status": "base;web",
        "enrichment_updated_at": "2026-06-26"
      },
      "geometry": {
        "type": "Point",
        "coordinates": [
          -2.92585,
          43.26635
        ]
      }
    },
    {
      "type": "Feature",
      "properties": {
        "name": "GoxoTxoko",
        "category": "Txokos comerciales y eventos privados",
        "category_original": "txoko comercial / local privado de celebraciones alquilable",
        "status": "activo",
        "confidence": "Media",
        "source": "txokos_comerciales_rekalde_bilbao.geojson",
        "source_id": "txoko-comercial-local-privado-de-celebraciones-alquilable-goxotxoko--2.92005-43.25635",
        "subcategory": "txoko y parque infantil",
        "activity_type": "txoko_comercial_eventos",
        "distance_m": 2241.0,
        "walking_distance_m": 2801.0,
        "walking_time_min": 35.0,
        "address": "Calle Ollerías Bajas, 1, 48006 Bilbao",
        "phone": "667 55 03 42",
        "email": "goxotxoko@goxotxoko.com",
        "website": "https://goxotxoko.com/",
        "notes": "Orientación clara a celebraciones infantiles y reuniones familiares.",
        "raw_tags": {
          "nombre": "GoxoTxoko",
          "categoria": "txoko comercial / local privado de celebraciones alquilable",
          "subcategoria": "txoko y parque infantil",
          "direccion": "Calle Ollerías Bajas, 1, 48006 Bilbao",
          "barrio_zona": "Casco Viejo / Santutxu bajo",
          "telefono": "667 55 03 42",
          "email": "goxotxoko@goxotxoko.com",
          "web": "https://goxotxoko.com/",
          "fuentes": [
            "https://goxotxoko.com/",
            "https://salasdeocio.com/vizcaya/bilbao/1080-goxotxoko",
            "https://www.facebook.com/goxotxoko/"
          ],
          "servicios_identificados": [
            "cumpleaños",
            "reuniones familiares",
            "eventos de empresa",
            "talleres",
            "cocina equipada",
            "parque infantil",
            "proyector"
          ],
          "aforo_o_capacidad_identificada": "50–53 personas según fuentes",
          "superficie_identificada": "100 m²",
          "tarifas_identificadas": "Desde 50 €; tarifas por franjas publicadas en Salasdeocio",
          "estado_fuente": "activo o anunciado en fuentes web consultadas; verificar disponibilidad antes de uso comercial",
          "coordenadas_precision": "media: dirección confirmada por directorio y Facebook; coordenada estimada a nivel de calle; verificar con geocodificación oficial/Google/OSM antes de uso operativo",
          "origen_distancias": {
            "lon": -2.947546,
            "lat": 43.254049,
            "source": "centroide aproximado del polígono del KMZ local.kmz"
          },
          "distancia_lineal_m": 2241,
          "distancia_a_pie_m_estimada": 2801,
          "distancia_a_pie_min_estimada": 35,
          "notas": "Orientación clara a celebraciones infantiles y reuniones familiares."
        },
        "commercial_name": "GoxoTxoko",
        "enrichment_status": "base",
        "enrichment_updated_at": "2026-06-26",
        "photo_url": "https://goxotxoko.com/wp-content/uploads/2015/12/slide-home.jpg",
        "photo_source_url": "https://goxotxoko.com/",
        "photo_source": "Web pública"
      },
      "geometry": {
        "type": "Point",
        "coordinates": [
          -2.92005,
          43.25635
        ]
      }
    },
    {
      "type": "Feature",
      "properties": {
        "name": "Txokolate",
        "category": "Txokos comerciales y eventos privados",
        "category_original": "txoko comercial / local privado de celebraciones alquilable",
        "status": "activo",
        "confidence": "Media",
        "source": "txokos_comerciales_rekalde_bilbao.geojson",
        "source_id": "txoko-comercial-local-privado-de-celebraciones-alquilable-txokolate--2.92805-43.2689",
        "subcategory": "local de fiestas / txoko infantil-adultos",
        "activity_type": "txoko_comercial_eventos",
        "distance_m": 2285.0,
        "walking_distance_m": 2856.0,
        "walking_time_min": 36.0,
        "address": "Matiko, 5, 48007 Bilbao",
        "phone": "642 506 151",
        "email": "fiestas@txokolate.net",
        "website": "https://www.eventostxokolate.net/",
        "notes": "Se presenta como local para fiestas, cursos y eventos con alquiler por franjas.",
        "raw_tags": {
          "nombre": "Txokolate",
          "categoria": "txoko comercial / local privado de celebraciones alquilable",
          "subcategoria": "local de fiestas / txoko infantil-adultos",
          "direccion": "Matiko, 5, 48007 Bilbao",
          "barrio_zona": "Matiko / Uribarri",
          "telefono": "642 506 151",
          "email": "fiestas@txokolate.net",
          "web": "https://www.eventostxokolate.net/",
          "fuentes": [
            "https://www.eventostxokolate.net/",
            "https://www.txokolate.net/ubicacion/",
            "https://www.txokolate.net/tarifas-y-preguntas/"
          ],
          "servicios_identificados": [
            "cumpleaños",
            "fiestas privadas",
            "reuniones familiares",
            "piscina de bolas",
            "intimidad/exclusividad",
            "servicios de decoración"
          ],
          "aforo_o_capacidad_identificada": null,
          "superficie_identificada": null,
          "tarifas_identificadas": "Tarifas L-J desde 95 €/mañana; fines de semana/festivos desde 115 €/mañana; fuente tarifaria consultada",
          "estado_fuente": "activo o anunciado en fuentes web consultadas; verificar disponibilidad antes de uso comercial",
          "coordenadas_precision": "media: dirección confirmada; coordenada estimada a nivel de calle; verificar con geocodificación oficial/Google/OSM antes de uso operativo",
          "origen_distancias": {
            "lon": -2.947546,
            "lat": 43.254049,
            "source": "centroide aproximado del polígono del KMZ local.kmz"
          },
          "distancia_lineal_m": 2285,
          "distancia_a_pie_m_estimada": 2856,
          "distancia_a_pie_min_estimada": 36,
          "notas": "Se presenta como local para fiestas, cursos y eventos con alquiler por franjas."
        },
        "commercial_name": "Txokolate",
        "enrichment_status": "base;web",
        "enrichment_updated_at": "2026-06-26"
      },
      "geometry": {
        "type": "Point",
        "coordinates": [
          -2.92805,
          43.2689
        ]
      }
    },
    {
      "type": "Feature",
      "properties": {
        "name": "Petit Txoko",
        "category": "Txokos comerciales y eventos privados",
        "category_original": "txoko comercial / local privado de celebraciones alquilable",
        "status": "activo",
        "confidence": "Media",
        "source": "txokos_comerciales_rekalde_bilbao.geojson",
        "source_id": "txoko-comercial-local-privado-de-celebraciones-alquilable-petit-txoko--2.9281-43.27035",
        "subcategory": "txoko / eventos infantiles",
        "activity_type": "txoko_comercial_eventos",
        "distance_m": 2401.0,
        "walking_distance_m": 3001.0,
        "walking_time_min": 38.0,
        "address": "C/ Artasamina nº 9, 48007 Bilbao",
        "phone": "626 590 780",
        "email": "info@petittxoko.com",
        "website": "https://petittxoko.com/",
        "notes": "La web indica cercanía a Metro Matiko/Línea 3.",
        "raw_tags": {
          "nombre": "Petit Txoko",
          "categoria": "txoko comercial / local privado de celebraciones alquilable",
          "subcategoria": "txoko / eventos infantiles",
          "direccion": "C/ Artasamina nº 9, 48007 Bilbao",
          "barrio_zona": "Matiko / Uribarri",
          "telefono": "626 590 780",
          "email": "info@petittxoko.com",
          "web": "https://petittxoko.com/",
          "fuentes": [
            "https://petittxoko.com/contacto.html",
            "https://www.paginasamarillas.es/f/bilbao/petit-txoko_230001364_000000001.html"
          ],
          "servicios_identificados": [
            "fiestas infantiles",
            "cumpleaños",
            "juegos",
            "metro Matiko cercano"
          ],
          "aforo_o_capacidad_identificada": null,
          "superficie_identificada": null,
          "tarifas_identificadas": null,
          "estado_fuente": "activo o anunciado en fuentes web consultadas; verificar disponibilidad antes de uso comercial",
          "coordenadas_precision": "media: dirección confirmada; coordenada estimada a nivel de calle; verificar con geocodificación oficial/Google/OSM antes de uso operativo",
          "origen_distancias": {
            "lon": -2.947546,
            "lat": 43.254049,
            "source": "centroide aproximado del polígono del KMZ local.kmz"
          },
          "distancia_lineal_m": 2401,
          "distancia_a_pie_m_estimada": 3001,
          "distancia_a_pie_min_estimada": 38,
          "notas": "La web indica cercanía a Metro Matiko/Línea 3."
        },
        "commercial_name": "Petit Txoko",
        "enrichment_status": "base;web",
        "enrichment_updated_at": "2026-06-26"
      },
      "geometry": {
        "type": "Point",
        "coordinates": [
          -2.9281,
          43.27035
        ]
      }
    }
  ]
}
